Time,Total Electric Power (kW),Total Reactive Power (kVAR),Total Gas Power (therms/hour),Total Electric Energy (kWh),Total Reactive Energy (kVARh),Total Gas Energy (therms),HVAC Heating Electric Power (kW),HVAC Cooling Electric Power (kW),HVAC Heating Reactive Power (kVAR),HVAC Cooling Reactive Power (kVAR),Grid Voltage (-),HVAC Heating Delivered (W),HVAC Heating Setpoint (C),HVAC Heating COP (-),HVAC Heating Duct Losses (W),HVAC Heating Main Power (kW),HVAC Heating Fan Power (kW),HVAC Heating Speed (-),HVAC Heating Capacity (W),HVAC Heating Max Capacity (W),HVAC Heating ER Power (kW),HVAC Cooling Delivered (W),HVAC Cooling Setpoint (C),HVAC Cooling COP (-),HVAC Cooling Duct Losses (W),HVAC Cooling Main Power (kW),HVAC Cooling Fan Power (kW),HVAC Cooling Latent Gains (W),HVAC Cooling SHR (-),HVAC Cooling Speed (-),HVAC Cooling Capacity (W),HVAC Cooling Max Capacity (W),Temperature - Indoor (C),Unmet HVAC Load (C),Temperature - Attic (C),Temperature - Outdoor (C),Temperature - Ground (C),Net Sensible Heat Gain - Indoor (W),Net Sensible Heat Gain - Attic (W),Infiltration Heat Gain - Indoor (W),Forced Ventilation Heat Gain - Indoor (W),Natural Ventilation Heat Gain - Indoor (W),Internal Heat Gain - Indoor (W),Window Transmitted Solar Gain (W),Floor Heat Gain - Indoor (W),Internal Mass Heat Gain - Indoor (W),Wall Heat Gain - Indoor (W),Window Heat Gain - Indoor (W),Roof Heat Gain - Indoor (W),Occupancy (Persons),Infiltration Flow Rate - Indoor (m^3/s),Forced Ventilation Flow Rate - Indoor (m^3/s),Natural Ventilation Flow Rate - Indoor (m^3/s),Air Changes per Hour - Indoor (1/hour),Occupancy Heat Gain - Indoor (W),Radiation Heat Gain - Indoor (W),Relative Humidity - Indoor (-),Wet Bulb - Indoor (C),Humidity Ratio - Indoor (-),Net Latent Heat Gain - Indoor (W),Air Density - Indoor (kg/m^3),Infiltration Flow Rate - Attic (m^3/s),Infiltration Heat Gain - Attic (W),Radiation Heat Gain - Attic (W),Exterior Wall Ext. Solar Gain (W),Exterior Wall Ext. LWR Gain (W),Exterior Wall Ext. Surface Temperature (C),Exterior Wall Ext. Film Coefficient (m^2-K/W),Attic Wall Ext. Solar Gain (W),Attic Wall Ext. LWR Gain (W),Attic Wall Ext. Surface Temperature (C),Attic Wall Ext. Film Coefficient (m^2-K/W),Attic Roof Ext. Solar Gain (W),Attic Roof Ext. LWR Gain (W),Attic Roof Ext. Surface Temperature (C),Attic Roof Ext. Film Coefficient (m^2-K/W),Window Ext. Solar Gain (W),Window Ext. LWR Gain (W),Window Ext. Surface Temperature (C),Window Ext. Film Coefficient (m^2-K/W),Door Ext. Solar Gain (W),Door Ext. LWR Gain (W),Door Ext. Surface Temperature (C),Door Ext. Film Coefficient (m^2-K/W),Exterior Wall Indoor LWR Gain (W),Exterior Wall Indoor Surface Temperature (C),Exterior Wall Indoor Film Coefficient (m^2-K/W),Attic Floor Indoor LWR Gain (W),Attic Floor Indoor Surface Temperature (C),Attic Floor Indoor Film Coefficient (m^2-K/W),Floor Indoor LWR Gain (W),Floor Indoor Surface Temperature (C),Floor Indoor Film Coefficient (m^2-K/W),Window Indoor LWR Gain (W),Window Indoor Surface Temperature (C),Window Indoor Film Coefficient (m^2-K/W),Door Indoor LWR Gain (W),Door Indoor Surface Temperature (C),Door Indoor Film Coefficient (m^2-K/W),Interior Wall Indoor LWR Gain (W),Interior Wall Indoor Surface Temperature (C),Interior Wall Indoor Film Coefficient (m^2-K/W),Indoor Furniture Indoor LWR Gain (W),Indoor Furniture Indoor Surface Temperature (C),Indoor Furniture Indoor Film Coefficient (m^2-K/W),Attic Wall Attic LWR Gain (W),Attic Wall Attic Surface Temperature (C),Attic Wall Attic Film Coefficient (m^2-K/W),Attic Roof Attic LWR Gain (W),Attic Roof Attic Surface Temperature (C),Attic Roof Attic Film Coefficient (m^2-K/W),Attic Floor Attic LWR Gain (W),Attic Floor Attic Surface Temperature (C),Attic Floor Attic Film Coefficient (m^2-K/W)
2019-05-05 12:00:00,1.0847524181343373,0.6829673667260849,0.0,1.0847524181343373,0.6829673667260849,0.0,1.0347524181343373,0.05,0.6683840333927515,0.014583333333333344,1.0,1780.8398101433295,21.666666666666686,2.1901031183142816,377.0754734121646,0.9440087946476795,0.09074362348665775,0.09188914979313892,2067.1716600688364,22510.953573449027,0.0,0.0,24.444444444444457,0.0,0.0,0.05,0.0,0.0,0.0,0.0,0.0,21555.418095067038,21.666362160076613,0.0,14.61423900048868,11.65,8.83061728816898,1648.6022539204066,363.6078308831913,-12.551761342208506,-276.7308975047977,0.0,2.96998264,386.9488629444912,-768.7973355400119,-129.5230078676615,-340.0606597956982,-171.716480200485,-159.8500864315435,0.045,0.0012184168696338306,0.026896284787967992,0.0,0.3723229946296093,2.96998264,154.07511998408344,0.24523984123025785,10.268038621000292,0.004727133328418256,3.645428121034193,0.991058744961626,0.11730990453608917,-389.2513851178574,375.783742588884,18572.46658916853,-7010.8897694038915,23.445146193359303,0.06867587875583193,4306.379087231523,-1720.3649886052806,20.237049629991727,0.06867587875583193,92799.51901202333,-29360.81515417354,42.25551537608005,0.0672846125515661,669.0802086012994,-484.12157948594086,14.108216922423278,0.06867587875583193,159.45978820590562,-73.2088043547166,15.372628007892283,0.06867587875583193,23.775950201355954,20.497817573834027,0.32548586590269935,-46.931279775019966,20.63229676489903,0.5611340362873486,251.86949182870777,20.113107177334463,0.2805103236939845,75.87000616397201,19.538546962408226,0.32548586590269935,6.0845314453069514,19.91566459733181,0.32548586590269935,-215.115218749756,20.923322865474763,0.32548586590269935,-95.55348111456327,20.964384082925417,0.32548586590269935,256.0831139235003,16.25038297102335,0.32548586590269935,-726.3306617873782,19.25519885198838,0.5362639706129531,470.2475478638831,17.30806478608038,0.5611340362873486
2019-05-05 13:00:00,0.9424161372664648,0.5998839499795535,0.0,0.9424161372664648,0.5998839499795535,0.0,0.9174161372664648,0.025,0.5925922833128868,0.007291666666666672,1.0,1596.447203279925,21.666666666666686,2.2163873630397344,338.0321360324116,0.836683846732626,0.0807322905338388,0.07975286276213366,1853.7470487784979,23272.138223575646,0.0,0.0,24.444444444444457,0.0,0.0,0.025,0.0,0.0,0.0,0.0,0.0,21434.376404107203,21.666666666666686,0.0,20.82773177346946,13.05,8.83061728816898,1531.6361563472742,-486.9628431458145,-10.112999389922287,-236.81126493802424,0.0,2.96998264,446.5153104739198,-767.1875643759325,-143.96939351708468,-286.0807488301069,-156.06031177962103,-141.65990108164985,0.045,0.0011437133677308314,0.026896284787967992,0.0,0.3713336961523721,2.96998264,179.14323475529574,0.244740351417838,10.275244740737135,0.004728727864766403,3.9960995530638193,0.9903943767623148,0.16928404736584338,-1349.0310528162765,524.0360736380504,21342.387898851786,-8627.147423248744,28.065025804527572,0.06867587875583193,6744.049304970587,-2643.751205009638,27.840080649512238,0.06867587875583193,89241.66084775823,-40931.40145173258,57.49449699556729,0.0672846125515661,772.0776197717406,-504.63648015429186,15.670726503794416,0.06867587875583193,161.4666953541455,-74.98505577735706,16.82699481197577,0.06867587875583193,-1.0055953722505364,20.62843401765326,0.32548586590269935,-50.75274044628604,20.71411466999709,0.5611340362873486,263.0735502836411,20.169200425678856,0.2805103236939845,55.75445582434978,19.883769766644026,0.32548586590269935,4.5943630432564,20.147257066227716,0.32548586590269935,-183.81277559915833,20.94424658704173,0.32548586590269935,-87.85125773355126,21.006097330177727,0.32548586590269935,361.12145116690925,22.260880787634253,0.32548586590269935,-1015.4081504052796,26.284009509124896,0.5362639706129531,654.2866992383758,23.691792670615346,0.5611340362873486
2019-05-05 14:00:00,0.8169309503857405,0.5276852646613551,0.0,0.8169309503857405,0.5276852646613551,0.0,0.8169309503857405,0.0,0.5276852646613551,0.0,1.0,1430.6241367774267,21.666666666666686,2.230239814554328,302.9207178419939,0.745057889611429,0.07187306077431146,0.07000194755715612,1661.6717938451088,23737.50805273475,0.0,0.0,24.444444444444457,0.0,0.0,0.0,0.0,0.0,0.0,0.0,0.0,21434.376404107203,21.666666666666686,0.0,23.477394199318617,13.9,8.83061728816898,1407.3234076056833,-1179.3753098093978,-9.913708743264165,-212.66044812586964,0.0,2.96998264,474.7980262871987,-752.5853206693656,-133.13141906844393,-224.1501022364638,-142.4288088371255,-113.56024082919869,0.045,0.0012538087693112036,0.026896284787967992,0.0,0.3727916895577643,2.96998264,196.30344505739052,0.24461333394271426,10.270209025999518,0.00472918397046864,-5.3380741802346305,0.9897853088854405,0.1946409265635472,-1900.7772229023117,418.48119525092,21246.135448116493,-8761.006072974667,29.009682106974026,0.06867587875583193,8267.740058666966,-3273.5905117804673,32.62634959413262,0.06867587875583193,74756.7561271921,-35188.50237226919,51.565438392013355,0.0672846125515661,820.9817701862478,-514.1402798351672,16.562980383353583,0.06867587875583193,150.05787488129678,-72.84812756954044,17.347831932891417,0.06867587875583193,-24.847633441451883,20.774633397267223,0.32548586590269935,-58.338343496488115,20.820216941899012,0.5611340362873486,279.84283817555564,20.233524998342226,0.2805103236939845,45.7198093790934,20.111550781119828,0.32548586590269935,3.453121788949551,20.359857652457027,0.32548586590269935,-166.37736632748627,21.00691344091492,0.32548586590269935,-79.45242607817029,21.062580126822528,0.32548586590269935,265.63867109082474,24.743699238965043,0.32548586590269935,-796.532410487439,27.717090576673694,0.5362639706129531,530.8937393966204,25.69060071713874,0.5611340362873486
2019-05-05 15:00:00,0.7441789139764393,0.4806920915306671,0.0,0.7441789139764393,0.4806920915306671,0.0,0.7441789139764393,0.0,0.4806920915306671,0.0,1.0,1304.0120953809462,21.666666666666686,2.231792503407815,276.11185206005933,0.6787023086931395,0.06547660528329978,0.06344971495750987,1514.647342157706,23876.266365467047,0.0,0.0,24.444444444444457,0.0,0.0,0.0,0.0,0.0,0.0,0.0,0.0,21434.376404107203,21.666666666666686,0.0,23.614714601285673,14.15,8.83061728816898,1296.9465906691817,-1236.1071573095935,-8.654623647939585,-205.7162783869644,0.0,2.96998264,479.13010169561926,-740.3600147790504,-118.4712983371762,-169.15310587187304,-137.43096951298523,-82.28187646030021,0.045,0.0011216961615778378,0.026896284787967992,0.0,0.3710421222908354,2.96998264,204.33541468313936,0.2443667518251411,10.265502875687167,0.004724380517667344,-20.79260178586815,0.9897881635940528,0.18656956421479995,-1802.0608886989219,289.8418793292691,20100.202432543898,-8441.101285719786,28.37864416318758,0.06867587875583193,9327.61189324663,-3727.125290960327,35.504215019011276,0.06867587875583193,59715.815031853934,-28835.883011069884,43.88513592984832,0.0672846125515661,828.4724393560352,-525.6349970735108,16.751097325942347,0.06867587875583193,136.01265879447837,-71.05518517336021,17.184077064755524,0.06867587875583193,-46.5094353673263,20.90457374209511,0.32548586590269935,-70.14646548551367,20.922310461224416,0.5611340362873486,294.97575274389965,20.289390662733233,0.2805103236939845,45.40930009949687,20.19796386877541,0.32548586590269935,2.90932192988815,20.49857545676614,0.32548586590269935,-154.46645729862055,21.067898779036895,0.32548586590269935,-72.17201662182475,21.112684142931368,0.32548586590269935,136.69919114959404,25.043778775201986,0.32548586590269935,-521.8576900864173,26.742775264913025,0.5362639706129531,385.1584989368303,25.345513273989596,0.5611340362873486
2019-05-05 16:00:00,0.6889243104766413,0.4450011435285358,0.0,0.6889243104766413,0.44500114352853576,0.0,0.6889243104766413,0.0,0.4450011435285358,0.0,1.0,1208.4968086012652,21.666666666666686,2.2341908043944927,255.88742099365803,0.6283124100122098,0.06061190046443142,0.05845391990809926,1403.7723291304917,24015.024678199345,0.0,0.0,24.444444444444457,0.0,0.0,0.0,0.0,0.0,0.0,0.0,0.0,21434.376404107203,21.666666666666686,0.0,23.299597305548573,14.4,8.83061728816898,1206.0603948586306,-1077.1247058636518,-6.145316300080064,-198.75114014719057,0.0,3.563979167999999,455.3084905615485,-731.0280069232192,-105.4902608205564,-127.06156065426772,-131.05297460987765,-54.212668754182616,0.053999999999999986,0.0008316237944430808,0.026896284787967992,0.0,0.3672006939269064,3.563979167999999,198.89606353663586,0.24386719782281444,10.256091761075513,0.00471464935967817,-31.30164668380584,0.9897939469863231,0.16649766089964377,-1507.1797778463283,174.16765098901834,17668.006207604176,-7701.9874168045535,26.804198571804264,0.06867587875583193,9628.418343077736,-3913.264496191884,36.62232401468373,0.06867587875583193,43242.42577719999,-22503.69944379053,35.42244552613254,0.0672846125515661,787.2820649341585,-529.2719254547198,16.766499934635487,0.06867587875583193,120.09218497195803,-68.92478431273425,16.91871271808929,0.06867587875583193,-62.81504647216486,21.006354276568718,0.32548586590269935,-81.9956018440212,21.008284827876125,0.5611340362873486,307.2801004880672,20.333943871202493,0.2805103236939845,47.11179572430815,20.241297310250904,0.32548586590269935,2.730065076730182,20.58302762380031,0.32548586590269935,-145.87153332012906,21.118496358658604,0.32548586590269935,-66.43977965278852,21.153371590419695,0.32548586590269935,30.880550043556923,24.69419250795871,0.32548586590269935,-281.2531237743361,25.322386060433107,0.5362639706129531,250.3725737307844,24.490378743005248,0.5611340362873486
2019-05-05 17:00:00,0.6916900660611486,0.4467876451501358,0.0,0.6916900660611486,0.4467876451501358,0.0,0.6916900660611486,0.0,0.4467876451501358,0.0,1.0,1207.3098188288557,21.666666666666686,2.222978917569627,255.6360874779665,0.630843285499159,0.06084678056198957,0.059169814112652326,1402.0991257448325,23710.887290329007,0.0,0.0,24.444444444444457,0.0,0.0,0.0,0.0,0.0,0.0,0.0,0.0,21434.376404107203,21.666666666666686,0.0,21.957578500915908,13.85,8.83061728816898,1172.059067504872,-1014.8839752484243,-6.917522473530783,-214.34970947987702,0.0,6.533961808,396.4688555831879,-728.0972829548804,-102.50531086294036,-102.85221279043887,-136.0959695640305,-36.83587005905991,0.099,0.0008655357613597866,0.026896284787967992,0.0,0.36764979010548154,6.533961808,179.48251882142415,0.24317198605359425,10.242994266862974,0.004701107366477611,-50.363047904543336,0.9898019955303314,0.15737459625875963,-1301.1316715234534,30.611608797062573,15904.515206539505,-7122.757345552205,25.053279706776742,0.06867587875583193,8365.434854796504,-3514.8827422906343,33.631523971160895,0.06867587875583193,23552.70229463159,-14886.614862928873,24.227229066557776,0.0672846125515661,685.5413983619108,-511.8402511924605,15.950904301924375,0.06867587875583193,186.513023367161,-87.09266478599271,18.302326133852556,0.06867587875583193,-74.78890140254528,21.05555257031807,0.32548586590269935,-92.1211503660977,21.048350727621813,0.5611340362873486,311.5781516116737,20.349220092427288,0.2805103236939845,59.48930129860684,20.09903830032943,0.32548586590269935,2.345551654136286,20.645699249007862,0.32548586590269935,-142.09377162911903,21.134547898481262,0.32548586590269935,-64.40918116665077,21.167178958213732,0.32548586590269935,-75.89983132274007,23.156612310384677,0.32548586590269935,1.8646118478509985,22.617307421490086,0.5362639706129531,74.03521947489534,22.496230534487367,0.5611340362873486
2019-05-05 18:00:00,0.7987247847249841,0.507068505345467,0.0,0.7987247847249841,0.507068505345467,0.0,0.773724784724984,0.025,0.4997768386788003,0.007291666666666672,1.0,1335.0470024640244,21.666666666666686,2.197230478436875,282.6831911631044,0.7056664998675592,0.06805828485742484,0.06757376553893793,1549.6719087697043,22971.77050284101,0.0,0.0,24.444444444444457,0.0,0.0,0.025,0.0,0.0,0.0,0.0,0.0,21434.376404107203,21.666666666666686,0.0,19.51935228297867,12.5,8.83061728816898,1209.1629860835278,-917.8512384088161,-10.264491976614925,-252.4914939856308,0.0,10.691937504,262.028014753861,-734.4957065688345,-114.49500526878633,-100.03185037233652,-151.05854901095537,-34.14902763395371,0.162,0.001077499144137852,0.026896284787967992,0.0,0.370456821187969,10.691937504,126.18003207774902,0.2421607128428661,10.223882201336435,0.004681409812966922,-33.72475649017843,0.9898137031528156,0.15229775458289382,-1096.8376442397484,-103.69678533217228,10612.635759276372,-5422.182019270598,20.018240623500898,0.06867587875583193,5022.545784545545,-2368.505970205319,24.810704554338926,0.06867587875583193,8702.139295319206,-9335.694729602003,14.227679127854122,0.0672846125515661,453.0773328465562,-471.69587633621137,14.00534495199823,0.06867587875583193,185.80739263407818,-89.58093982549802,17.212083850734686,0.06867587875583193,-82.85406186514314,21.0387544318615,0.32548586590269935,-99.73679245294625,21.026772286708805,0.5611340362873486,305.5805886163101,20.324675150895715,0.2805103236939845,86.32995961796424,19.705066402675353,0.32548586590269935,1.8632727959046291,20.660975746403505,0.32548586590269935,-143.90113619104366,21.102971706297353,0.32548586590269935,-67.28183052104524,21.144879929531946,0.32548586590269935,-152.36471290748548,20.448840408058917,0.32548586590269935,251.9614740096097,18.945615725448246,0.5362639706129531,-99.59676110211889,19.518608081263995,0.5611340362873486
2019-05-05 19:00:00,0.9946457103310915,0.6247641832961172,0.0,0.9946457103310915,0.6247641832961172,0.0,0.9446457103310915,0.05,0.6101808499627838,0.014583333333333344,1.0,1600.9341392602194,21.666666666666686,2.157450391986166,338.98220099575235,0.861565615784962,0.08308009454612938,0.08492913231471722,1856.8362457098422,21926.878177276285,0.0,0.0,24.444444444444457,0.0,0.0,0.05,0.0,0.0,0.0,0.0,0.0,21434.376404107203,21.666666666666686,0.0,16.43720920421059,10.55,8.83061728816898,1338.4413984126363,-740.0160144576924,-15.761133630890999,-308.15212990143226,0.0,10.691937504,78.87882058572794,-751.6093569393316,-148.25605882356183,-130.84554235371283,-174.43879776967023,-51.698486019435286,0.162,0.0013640204748449035,0.026896284787967992,0.0,0.37425122317641285,10.691937504,50.72858518074028,0.2419615096203357,10.220122067354911,0.00467752986290904,-1.2064426409639073,0.989816009350688,0.14635848440280724,-889.2920285023191,-189.70618695112566,3104.519537834449,-2864.286837192833,12.43842534200632,0.06867587875583193,1371.5258841272034,-1107.6837517669217,14.106960089289231,0.06867587875583193,1023.5031940889128,-6143.302336589667,7.549571840261978,0.0672846125515661,136.3907812782337,-401.7992130382793,11.31914744887701,0.06867587875583193,71.7076603232745,-61.51688275734048,12.454092463715622,0.06867587875583193,-82.15704436959653,20.9312975079621,0.32548586590269935,-102.51318858977672,20.92565211050364,0.5611340362873486,286.4978148423392,20.25120374459231,0.2805103236939845,121.64242542884524,19.123121480529026,0.32548586590269935,2.776099570273802,20.459586009870407,0.32548586590269935,-150.2728554712463,21.008138937257335,0.32548586590269935,-75.97325141083935,21.07658602424126,0.32548586590269935,-167.61348864150617,17.022548173445724,0.32548586590269935,390.8523809994929,15.123513636705928,0.5362639706129531,-223.23889235798245,16.169305057372508,0.5611340362873486
2019-05-05 20:00:00,1.1377634595272001,0.7172091167713714,0.0,1.1377634595272001,0.7172091167713714,0.0,1.0877634595272,0.05,0.7026257834380379,0.014583333333333344,1.0,1826.6852118807649,21.666666666666686,2.13469573787018,386.7827904125202,0.9920581633585893,0.09570529616861077,0.09934635071906504,2117.7627061246744,21316.965251329213,0.0,0.0,24.444444444444457,0.0,0.0,0.05,0.0,0.0,0.0,0.0,0.0,21434.376404107203,21.666666666666686,0.0,13.624878992133342,9.4,8.83061728816898,1490.7949521609414,-354.3625466907786,-17.963037559890335,-341.4546284068075,0.0,10.691937504,0.0,-767.4574380819598,-187.20404467541584,-187.98923245335638,-190.76997344597729,-79.40118047682819,0.162,0.0014149778677192797,0.026896284787967992,0.0,0.37492605193129586,10.691937504,12.835468742874374,0.2421070053535437,10.225520231814192,0.004677651910175653,0.7395846555991952,0.9903854737303049,0.11851222648004096,-526.9119208616014,-214.23341624169734,0.0,-1606.160205869375,8.282553147827791,0.06867587875583193,0.0,-547.9598893425397,8.690104868396421,0.06867587875583193,0.0,-5428.172033419044,5.263201055919832,0.0672846125515661,0.0,-373.7020187673778,9.83099562417817,0.06867587875583193,0.0,-40.720689114294586,9.019405054340028,0.06867587875583193,-66.84644261943359,20.779211381633953,0.32548586590269935,-99.17253960979178,20.801888000568063,0.5611340362873486,263.2131654259892,20.17295115755359,0.2805103236939845,139.36699661471667,18.76404706085985,0.32548586590269935,5.100368660255229,20.09834742215865,0.32548586590269935,-156.33740891384187,20.90073420709454,0.32548586590269935,-85.32413955789846,20.999149399904475,0.32548586590269935,-128.47313566777564,13.818345883495537,0.32548586590269935,403.02906487915703,12.142546538510048,0.5362639706129531,-274.55592921137725,13.336644560754204,0.5611340362873486
2019-05-05 21:00:00,1.2302565427698977,0.7769537464579094,0.0,1.2302565427698977,0.7769537464579094,0.0,1.1802565427698974,0.05,0.762370413124576,0.014583333333333344,1.0,1971.8997374120308,21.666666666666686,2.1237807412302634,417.53055090683324,1.07643521619642,0.10382132657347762,0.10873711292131748,2285.6089617453863,21031.6761991374,0.0,0.0,24.444444444444457,0.0,0.0,0.05,0.0,0.0,0.0,0.0,0.0,21434.376404107203,21.666666666666686,0.0,11.907171922737282,8.85,8.83061728816898,1610.1367378098812,-171.43619985866778,-22.254692511110242,-357.70611022506336,0.0,12.077929402666665,0.0,-776.9525181593132,-212.3019512505269,-244.700717603426,-200.02194344722471,-104.09270184775924,0.183,0.0016597904300212332,0.026896284787967992,0.0,0.3781681046988935,12.077929402666665,6.1198737313573055,0.24227606732807,10.23167215868998,0.004678045554067135,1.4579095153841743,0.9909940548533316,0.12174854440593613,-391.36559671083074,-197.60115405467027,0.0,-1573.5954260103254,7.664552524152195,0.06867587875583193,0.0,-510.76479334492984,7.852103030291141,0.06867587875583193,0.0,-5346.60805705667,4.598394239261169,0.0672846125515661,0.0,-377.61708056226684,9.363156114494634,0.06867587875583193,0.0,-40.02871912166528,8.406774412374494,0.06867587875583193,-45.79769720644993,20.644829106202035,0.32548586590269935,-93.3919772294601,20.704464668419533,0.5611340362873486,244.42180116461168,20.117716413428536,0.2805103236939845,143.475114901689,18.619138851190435,0.32548586590269935,6.712819453959681,19.841443687433287,0.32548586590269935,-163.46855254639667,20.82574415751934,0.32548586590269935,-91.9515085379527,20.940538778036046,0.32548586590269935,-80.13504023455508,11.83072725623425,0.32548586590269935,347.5412585434322,10.601352575796117,0.5362639706129531,-267.4062183088726,11.706940219034136,0.5611340362873486
2019-05-05 22:00:00,1.3261278654471849,0.8388805032499136,0.0,1.3261278654471849,0.8388805032499135,0.0,1.276127865447185,0.05,0.8242971699165801,0.014583333333333344,1.0,2115.1270258321806,21.666666666666686,2.1057915988568423,447.8575333108384,1.1638612281842962,0.11226663726288874,0.11887912594844499,2450.7179218801302,20618.08109308956,0.0,0.0,24.444444444444457,0.0,0.0,0.05,0.0,0.0,0.0,0.0,0.0,21434.376404107203,21.666666666666686,0.0,10.521381196629982,8.05,8.83061728816898,1723.365551233128,-47.84255072032,-25.38946014497,-380.92809635963476,0.0,12.077929402666665,0.0,-785.9713744591323,-232.05702595225043,-295.29120022724896,-213.8857060988058,-129.1753481416529,0.183,0.0017958123924858378,0.026896284787967992,0.0,0.37996944355060863,12.077929402666665,2.4781525028853997,0.2421248015235237,10.225902217684116,0.0046778110811414204,-6.883975963178726,0.9904246572744725,0.12048120678496047,-310.049326479545,-185.65075755161337,0.0,-1497.7616824184283,6.910854498769108,0.06867587875583193,0.0,-469.4960875610421,6.95280209789047,0.06867587875583193,0.0,-5065.1866327156895,3.925474673478085,0.0672846125515661,0.0,-371.442760294272,8.722052450316271,0.06867587875583193,0.0,-38.36660005330148,7.655097624650594,0.06867587875583193,-27.594314035594895,20.522070043914105,0.32548586590269935,-86.48018728309519,20.610429350648968,0.5611340362873486,226.86183733298944,20.06577948315559,0.2805103236939845,150.18914244697768,18.444320863898767,0.32548586590269935,7.868280885323673,19.637371273676525,0.32548586590269935,-172.75508774459837,20.75986403021153,0.32548586590269935,-98.08967160199978,20.88520891313873,0.32548586590269935,-52.83560225901486,10.341202120854808,0.32548586590269935,312.36052707965985,9.374526921532674,0.5362639706129531,-259.5249248206407,10.418760180806334,0.5611340362873486
2019-05-05 23:00:00,0.05,0.014583333333333344,0.0,0.05,0.014583333333333344,0.0,0.0,0.05,0.0,0.014583333333333344,1.0,0.0,18.33333333333337,0.0,0.0,0.0,0.0,0.0,0.0,20439.62458849961,0.0,0.0,24.444444444444457,0.0,0.0,0.05,0.0,0.0,0.0,0.0,0.0,21434.376404107203,20.536621701656376,0.0,9.220328799210852,7.5,8.83061728816898,-351.09056879450867,-336.2539679658416,-21.41872539509826,-365.30751667328866,-0.5795181921138431,12.077929402666665,0.0,-572.565575173919,66.53339786667397,-151.21388753409286,-197.64056629129786,7.166029275417715,0.183,0.0015746426115287667,0.026896284787967992,4.048268475161069e-05,0.37757660433184514,12.077929402666665,24.13726206332542,0.2592480664257116,9.766171651880596,0.004672591003867921,-21.092018717019943,0.9936311479151636,0.09434434208195833,-169.44374803859904,-166.8102199272426,0.0,-1400.5997341047998,6.442731638741988,0.06867587875583193,0.0,-427.5924602674562,6.386624229641753,0.06867587875583193,0.0,-4693.997276920991,3.584208391588225,0.0672846125515661,0.0,-349.1949278619694,8.173620163682498,0.06867587875583193,0.0,-36.082651032879525,7.166845304910937,0.06867587875583193,-20.86779418126516,19.966095642995178,0.32548586590269935,-104.50405556366907,20.10153843954027,0.5611340362873486,236.79536246059942,19.504987262421583,0.2805103236939845,158.40083957877607,17.77959655774241,0.32548586590269935,9.179270327953526,18.95292010465958,0.32548586590269935,-200.44544638626866,20.2685608372357,0.32548586590269935,-78.55817623612705,20.26138485531957,0.32548586590269935,-35.50780097242717,9.140528999167662,0.32548586590269935,273.1135100121856,8.372419738425977,0.5362639706129531,-237.60570903975386,9.316527363229259,0.5611340362873486
2019-05-06 00:00:00,0.05,0.014583333333333344,0.0,0.05,0.014583333333333344,0.0,0.0,0.05,0.0,0.014583333333333344,1.0,0.0,18.33333333333337,0.0,0.0,0.0,0.0,0.0,0.0,20287.840659796093,0.0,0.0,24.444444444444457,0.0,0.0,0.05,0.0,0.0,0.0,0.0,0.0,21434.376404107203,19.162859985985644,0.0,8.016468659211121,6.95,8.83061728816898,-330.9163336664988,-269.4575357274789,-20.835538723459543,-342.6415863583797,0.0,12.077929402666665,0.0,-352.473496781543,255.47715672206508,-78.07395600032966,-179.83271381570395,96.78913379986811,0.183,0.0016353682389283763,0.026896284787967992,0.0,0.3778446816217488,12.077929402666665,20.48286201267376,0.2815295425502279,9.198879856527299,0.0046646021247148785,-13.08122667624238,0.9977281207007718,0.11002411857038297,-122.79611803530211,-146.66141769217677,0.0,-1299.7758199949171,6.000306619252096,0.06867587875583193,0.0,-388.1181359760687,5.875009179612843,0.06867587875583193,0.0,-4315.899772608577,3.32503236680208,0.0672846125515661,0.0,-322.9792944955524,7.598935596200213,0.06867587875583193,0.0,-33.541959445707,6.682516274563578,0.06867587875583193,7.808640052723119,18.951067403028812,0.32548586590269935,-107.43671346369301,19.158029775230602,0.5611340362873486,198.01233892519923,18.619233492816065,0.2805103236939845,158.61227252254233,16.80514026714466,0.32548586590269935,9.557082667803884,17.952729069685436,0.32548586590269935,-189.1409804479881,19.301641808016743,0.32548586590269935,-77.41264025658433,19.309427022955365,0.32548586590269935,-24.094027353920772,8.103742361631774,0.32548586590269935,235.63045444551983,7.487968967562444,0.5362639706129531,-211.5364270915942,8.32371952653968,0.5611340362873486
2019-05-06 01:00:00,0.2975781784002406,0.17450303833633227,0.0,0.2975781784002406,0.17450303833633224,0.0,0.24757817840024057,0.05,0.1599197050029989,0.014583333333333344,1.0,424.3464357813522,18.33333333333337,1.30864986640426,89.85122201987376,0.2257945060337189,0.021783672366521695,0.02465448942372874,492.4139854347043,20079.870015387824,0.0,0.0,24.444444444444457,0.0,0.0,0.05,0.0,0.0,0.0,0.0,0.0,21434.376404107203,18.40214563750578,0.0,7.222004221282803,6.4,8.83061728816898,74.70438023739644,-158.216241643053,-22.280063944768813,-337.0307057063114,0.0,12.077929402666665,0.0,-260.8034298303705,228.61523185775414,-106.82358649986188,-176.40300882836829,82.84926051106716,0.183,0.0017773413451978727,0.026896284787967992,0.0,0.37972483147099445,12.077929402666665,-2.409215295542242,0.2950005550721602,8.881393930966919,0.004664321580379619,9.355210759333602,0.9997155284980849,0.12670673073488803,-109.12164565090954,-138.9458180120172,0.0,-1297.4009214779223,5.455157517610681,0.06867587875583193,0.0,-382.40443591821384,5.287073169293633,0.06867587875583193,0.0,-4307.179325396889,2.7817452175931274,0.0672846125515661,0.0,-320.1533799113091,7.026059797189519,0.06867587875583193,0.0,-33.288849789489724,6.1168920391005885,0.06867587875583193,31.913141366422618,18.158272863605603,0.32548586590269935,-91.86151142133215,18.39431430109869,0.5611340362873486,138.23273536124216,17.985520521706853,0.2805103236939845,156.20869859308823,16.084303388150673,0.32548586590269935,9.538961399143028,17.209376799894432,0.32548586590269935,-152.87693233211758,18.502431625850978,0.32548586590269935,-91.15509296644471,18.635279412174345,0.32548586590269935,-16.82558875956696,7.308540254881776,0.32548586590269935,219.44926689377306,6.776923608148665,0.5362639706129531,-202.6236781342006,7.572640069763126,0.5611340362873486
2019-05-06 02:00:00,0.6561963439740167,0.4061474894662754,0.0,0.6561963439740166,0.4061474894662754,0.0,0.6061963439740166,0.05,0.39156415613294204,0.014583333333333344,1.0,1038.841303404644,18.33333333333337,2.1807866791735524,219.96452126139792,0.5528645090575125,0.053331834916504124,0.060884662377422225,1205.4739897495376,19810.594881150548,0.0,0.0,24.444444444444457,0.0,0.0,0.05,0.0,0.0,0.0,0.0,0.0,21434.376404107203,18.33333333333337,0.0,6.775784518029724,5.85,8.83061728816898,645.8318564552475,-47.41037445439016,-24.05928871238034,-351.17481185721823,0.0,12.077929402666665,0.0,-292.7524883529558,69.85091927889245,-201.80180940540373,-187.19848985863945,-1.8705591976775366,0.183,0.0018419809424698884,0.026896284787967992,0.0,0.38058085365899663,12.077929402666665,-29.853275782464557,0.2966193334617382,8.858650136744547,0.00466987074321341,16.717054682410534,0.9999480787447977,0.12772300410224247,-123.94910041646061,-143.42579529932746,0.0,-1368.4668063083163,4.8120175914018555,0.06867587875583193,0.0,-402.5671138271759,4.626828380599919,0.06867587875583193,0.0,-4589.262629475257,1.9977009588636074,0.0672846125515661,0.0,-337.7018856272416,6.479852415972247,0.06867587875583193,0.0,-34.93243574186534,5.492839038554408,0.06867587875583193,47.081558787107376,17.78447986934509,0.32548586590269935,-66.84009935152014,18.011646830453305,0.5611340362873486,84.64563204047457,17.74161366001281,0.2805103236939845,155.1165722592242,15.753192205303417,0.32548586590269935,9.533221086898566,16.867670692159475,0.32548586590269935,-119.85083372078188,18.105971477856563,0.32548586590269935,-109.68605110140098,18.3801333841957,0.32548586590269935,-12.775296467645603,6.709925861007956,0.32548586590269935,223.62796730870164,6.2012210339537495,0.5362639706129531,-210.85267084105217,7.02576490011828,0.5611340362873486
2019-05-06 03:00:00,0.7934731709253166,0.49481955988723736,0.0,0.7934731709253166,0.49481955988723736,0.0,0.7434731709253165,0.05,0.480236226553904,0.014583333333333344,1.0,1274.176184996471,18.33333333333337,2.1805185006029957,269.7943888223055,0.6780590503905491,0.0654141205347674,0.07510823292174638,1478.5564532840092,19685.677531842408,0.0,0.0,24.444444444444457,0.0,0.0,0.05,0.0,0.0,0.0,0.0,0.0,21434.376404107203,18.33333333333337,0.0,6.363350814543578,5.6,8.83061728816898,861.6716995943062,39.412273025793766,-22.304305147934215,-358.37328200516964,0.0,12.077929402666665,0.0,-320.45761655727017,-15.801941289423635,-257.10740049014674,-193.17144199790988,-56.91056413906431,0.183,0.0016738729564947528,0.026896284787967992,0.0,0.3783545995972719,12.077929402666665,-43.90482765172742,0.2967665041679823,8.8588222411225,0.004674918953174471,8.089418673564818,0.9993689966343999,0.10011262045901916,-82.27077195883315,-148.1113438376786,0.0,-1408.429735800795,4.426869265822995,0.06867587875583193,0.0,-414.29860552007295,4.235270012577371,0.06867587875583193,0.0,-4769.906458160526,1.4353661015891235,0.0672846125515661,0.0,-351.3046224484808,6.2076774813703395,0.06867587875583193,0.0,-36.13415690017634,5.152614452757856,0.06867587875583193,54.34796033066662,17.604100689215294,0.32548586590269935,-49.14146884948095,17.816812211350914,0.5611340362873486,57.912165238147885,17.625669638482474,0.2805103236939845,154.20973428359974,15.598747567110516,0.32548586590269935,9.806215934995647,16.672896017069927,0.32548586590269935,-109.4709063952973,17.924369838631133,0.32548586590269935,-117.66370054263197,18.252894942638854,0.32548586590269935,-10.782197424209365,6.176542515045477,0.32548586590269935,229.4132238450454,5.671211055544324,0.5362639706129531,-218.63102642083092,6.526438472820972,0.5611340362873486
2019-05-06 04:00:00,0.9495615210317571,0.5956426738818532,0.0,0.9495615210317571,0.5956426738818532,0.0,0.899561521031757,0.05,0.5810593405485197,0.014583333333333344,1.0,1444.073606598215,18.33333333333337,2.050135634616804,305.76851199558945,0.8205770549009632,0.07898446613079382,0.08624562156130838,1670.8576524630107,17355.282272831504,0.0,0.0,24.444444444444457,0.0,0.0,0.05,0.0,0.0,0.0,0.0,0.0,21434.376404107203,18.33333333333337,0.0,6.101790209046208,5.0,8.83061728816898,1009.9970681333657,62.66559083695463,-21.81050577866491,-376.1770355513427,0.0,12.077929402666665,0.5073724796769773,-341.11469959204464,-61.34009952208232,-295.9002448372536,-203.7768173957935,-95.06976455109633,0.183,0.0015554465428519028,0.026896284787967992,0.0,0.37678627859896496,12.077929402666665,-48.166926537508175,0.2968151609522728,8.85957212666162,0.004675877995872198,0.8405756261792966,0.9993286931600348,0.07965863883530883,-96.67628770982203,-146.4266334488128,20.08340794694977,-1394.6898429975079,3.9615808553167025,0.06867587875583193,9.189273267450783,-409.30682844134,3.7627694079886647,0.06867587875583193,7.634071316106615,-4670.701801906389,1.1010740176833447,0.0672846125515661,0.8773068409029768,-348.0045758982177,5.735762580041881,0.06867587875583193,0.4514486523971141,-35.43977832898928,4.641639224259279,0.06867587875583193,60.264661625680795,17.480690385888128,0.32548586590269935,-36.36772076250418,17.684464231469267,0.5611340362873486,41.37194409380936,17.545508614435462,0.2805103236939845,157.68473005102854,15.437993436019845,0.32548586590269935,10.012422884757374,16.539697048965653,0.32548586590269935,-111.5059336648741,17.818587744646162,0.32548586590269935,-121.46010422790069,18.160721815916233,0.32548586590269935,-6.913165354204041,5.833276158936883,0.32548586590269935,224.44068882398352,5.367764092790992,0.5362639706129531,-217.52752346977564,6.214608140057488,0.5611340362873486
2019-05-06 05:00:00,1.0720268813650433,0.6747474820040138,0.0,1.072026881365043,0.6747474820040138,0.0,1.022026881365043,0.05,0.6601641486706804,0.014583333333333344,1.0,1544.7680379252736,18.33333333333337,1.9116859621811977,327.08957644302194,0.9321154486095559,0.0899114327554873,0.09332949717714055,1781.9461816128085,14845.720932885426,0.0,0.0,24.444444444444457,0.0,0.0,0.05,0.0,0.0,0.0,0.0,0.0,21434.376404107203,18.33333333333337,0.0,5.680579575526909,4.4,8.83061728816898,1115.2450011709368,68.10192215845822,-24.008709636125925,-394.01855843683427,0.0,12.077929402666665,64.40823837659289,-354.9672410724574,-87.2140426535399,-325.45713389441914,-217.10426518632772,-122.54674503989415,0.183,0.0016388697383359285,0.026896284787967992,0.0,0.37789105197847495,12.077929402666665,-23.573698084043222,0.2970939928875428,8.866363308902878,0.004677399814710087,14.652279192715884,0.9999435576488314,0.0827827844518849,-111.65025878095315,-147.33739550361057,2612.2735932075793,-2078.8727391237867,5.215373478161118,0.06867587875583193,1246.8379429478848,-734.8443905047835,5.950306073198295,0.06867587875583193,2791.5048145020846,-5352.409557666119,1.929158711651095,0.0672846125515661,111.36943843361283,-373.21786438620944,5.59855567045556,0.06867587875583193,41.798178269130084,-44.582369098297,5.223798372245131,0.06867587875583193,66.68793727265238,17.392950253455652,0.32548586590269935,-26.18557706809952,17.593491384304162,0.5611340362873486,30.655286182559575,17.491813129602896,0.2805103236939845,157.48833824345104,15.366296262591545,0.32548586590269935,10.302903698901758,16.434530711407298,0.32548586590269935,-116.5399859512648,17.75490198291153,0.32548586590269935,-122.40890237819825,18.09252468269033,0.32548586590269935,-7.1481399565619235,5.395411903273627,0.32548586590269935,225.95778112723772,4.922942990989957,0.5362639706129531,-218.80964117067208,5.779160542306786,0.5611340362873486
2019-05-06 06:00:00,4.415384974343983,2.834343466607402,0.0,4.415384974343983,2.8343434666074026,0.0,4.365384974343983,0.05,2.819760133274069,0.014583333333333344,1.0,6049.617361254747,21.666666666666686,1.952803133249982,1280.9475155847883,2.7971795746256567,0.2896596514213148,0.32255244719768456,7040.905225418221,17604.88370281274,1.278545748297011,0.0,24.444444444444457,0.0,0.0,0.05,0.0,0.0,0.0,0.0,0.0,21434.376404107203,21.45734338149462,-0.10676285988302728,7.182358194498994,6.3500000000000005,8.83061728816898,5588.830498427897,1082.39255598056,-29.530900316392025,-424.40669778768216,0.0,12.077929402666665,220.81415631906765,-951.8770562043345,-900.065684213342,-809.9129945184773,-265.03106548323666,-551.3272727352116,0.183,0.001841002639724684,0.026896284787967992,0.0,0.3805678979957217,12.077929402666665,-18.927194125443528,0.24552546095521988,10.134747304436315,0.0046870154739523835,35.614979261694586,0.9893396319316214,0.09245518101267165,-91.55549911444909,-106.99946048977931,8785.41847624254,-3761.1183135435394,11.090872471682287,0.06867587875583193,4654.969944551626,-1636.4819215151208,14.637408921819343,0.06867587875583193,15881.981785894708,-9089.725548149703,9.79195014489022,0.0672846125515661,381.81371214747764,-448.49622967470316,8.43513144910597,0.06867587875583193,92.92927964941822,-55.12795508498987,8.182444274043227,0.06867587875583193,90.2982502168056,18.77979768252609,0.32548586590269935,51.0712513815477,18.895099652168696,0.5611340362873486,-14.955930380061302,19.011685583502235,0.2805103236939845,114.1002198562284,17.431859153138923,0.32548586590269935,8.781564429641548,18.052078476824256,0.32548586590269935,-74.0277897842312,19.11539087035243,0.32548586590269935,-175.26756571992945,19.754501135878265,0.32548586590269935,18.41757548452139,6.656422781701951,0.32548586590269935,149.2039446165973,6.5390984668268555,0.5362639706129531,-167.62152010111458,7.1447027070307625,0.5611340362873486
2019-05-06 07:00:00,1.7469366021125696,1.1106960948543614,0.0,1.7469366021125696,1.1106960948543614,0.0,1.6969366021125696,0.05,1.096112761521028,0.014583333333333344,1.0,2901.58786558135,21.666666666666686,2.179059736292397,614.3829511386656,1.5475752693524372,0.14936133276013233,0.15637657625292195,3366.609483959883,21641.58912508447,0.0,0.0,24.444444444444457,0.0,0.0,0.05,0.0,0.0,0.0,0.0,0.0,21434.376404107203,21.666666666666686,0.0,9.932110027799569,10.0,8.83061728816898,2660.1740480837,706.6910329918621,-16.48584455414623,-323.52875085279106,0.0,10.493938661333333,355.0180073746196,-900.251366950764,-565.1860995575238,-594.3449877536386,-210.6838939012162,-407.8643692243558,0.159,0.0013253707462041603,0.026896284787967992,0.0,0.3737393848192289,10.493938661333333,88.10683924795406,0.24287101212420162,10.231883229684405,0.004700883392484206,32.600220207923286,0.9886237927667744,0.06922351475336892,-5.29788998552807,97.6059718387245,13896.025195132668,-5731.124397771312,18.972072953829528,0.06867587875583193,7570.355801216367,-2799.864116675239,26.172733017715053,0.06867587875583193,37008.05196276607,-17154.974955573107,25.31305527689438,0.0672846125515661,613.8679944008602,-492.15271481233026,12.416651217286839,0.06867587875583193,85.78265835787504,-54.407199985912335,11.462679822282023,0.06867587875583193,48.78959126013991,19.666233364122093,0.32548586590269935,25.798843343326855,19.731004397683293,0.5611340362873486,112.59974617482621,19.579130023450663,0.2805103236939845,77.46711602475105,18.73337824744942,0.32548586590269935,8.614707482806855,18.868235092288884,0.32548586590269935,-152.05190259483896,20.04154734732885,0.32548586590269935,-121.21810169101379,20.304543010489684,0.32548586590269935,82.18784860805232,10.487972512172625,0.32548586590269935,-198.54266106348052,11.477387444628086,0.5362639706129531,116.35481245543403,10.92016372423786,0.5611340362873486
2019-05-06 08:00:00,1.3531382362890232,0.8651842173064909,0.0,1.3531382362890232,0.865184217306491,0.0,1.3281382362890233,0.025,0.8578925506398243,0.007291666666666672,1.0,2324.6070286975487,21.666666666666686,2.230421109608696,492.2128822877251,1.2112596916067178,0.11687854468230524,0.11695808075044432,2699.941366302968,23137.149577979053,0.0,0.0,24.444444444444457,0.0,0.0,0.025,0.0,0.0,0.0,0.0,0.0,21434.376404107203,21.666666666666686,0.0,14.537262666759135,12.8,8.83061728816898,2210.176300929526,618.231014295586,-8.148533387418526,-243.3264294907902,0.0,4.949971066666667,408.8376851384181,-854.214500478038,-379.5144480408841,-479.56621716506,-165.63396821693266,-327.0177150137877,0.07500000000000001,0.0008821072075194652,0.026896284787967992,0.0,0.3678692457673148,4.949971066666667,132.09426404351967,0.2431495172538839,10.23450654662576,0.0047090488018616304,13.052354683507549,0.9880494196819892,0.06740577886554705,-129.22615664563793,255.24428865349873,17257.15904322297,-7087.484904658664,24.435038947172817,0.06867587875583193,7832.129975254708,-3021.668578682716,29.992899097102626,0.06867587875583193,53654.24255850374,-24486.014775368014,37.59359702673078,0.0672846125515661,706.9285630533716,-499.43586578576463,15.179249558958992,0.06867587875583193,118.74383990348343,-62.47231547165394,15.03556992493028,0.06867587875583193,34.06113124811424,20.036185273621182,0.32548586590269935,14.704115027883866,20.087005900412972,0.5611340362873486,176.7819635729924,19.8041678646666,0.2805103236939845,47.77324004125749,19.47327453357655,0.32548586590269935,6.870963797188377,19.391658497205487,0.32548586590269935,-185.90103346208429,20.435970215941673,0.32548586590269935,-94.29038022534817,20.52247365338619,0.32548586590269935,140.16360622787477,15.598241083051583,0.32548586590269935,-472.04247584679956,17.411544967850098,0.5362639706129531,331.8788696189302,16.053366043923425,0.5611340362873486
2019-05-06 09:00:00,1.0864998711015785,0.7018095859460929,0.0,1.0864998711015785,0.7018095859460929,0.0,1.0864998711015785,0.0,0.7018095859460929,0.0,1.0,1928.8226316712187,21.666666666666686,2.2634493680607433,408.40939360345106,0.9908902347317052,0.09560963636987328,0.09226055899407928,2241.6223889047965,24354.453062887547,0.0,0.0,24.444444444444457,0.0,0.0,0.0,0.0,0.0,0.0,0.0,0.0,21434.376404107203,21.666666666666686,0.0,19.219081588802343,15.0,8.83061728816898,1907.7402287378943,275.0865174238067,-4.508600794020384,-181.6516644695183,0.0,2.96998264,448.9633051801568,-822.1230546065655,-285.20311913253397,-384.3405053770163,-130.95112051501587,-270.4003654813948,0.045,0.0006535504296953949,0.026896284787967992,0.0,0.36484246835389195,2.96998264,162.10787969021433,0.2429363916287369,10.227664420271738,0.004707812068719028,-39.96742797638766,0.9874413486887488,0.11041467949717948,-476.14787100629275,342.8249948266484,19839.071311691583,-8072.338184038089,28.44408534725981,0.06867587875583193,7412.0231651813765,-2919.375772934462,31.184496659062464,0.06867587875583193,69777.09021090675,-31397.043282030678,47.71988596632199,0.0672846125515661,776.3104912582731,-497.7449902335933,17.31462843678374,0.06867587875583193,158.41567154387863,-72.57761770234724,18.28216768954805,0.06867587875583193,12.556783184877107,20.309130902215294,0.32548586590269935,5.171666375222655,20.32825475278224,0.5611340362873486,218.98837895920636,19.955866704818238,0.2805103236939845,23.698983340902714,20.021158074764724,0.32548586590269935,4.559536858677173,19.860485663762667,0.32548586590269935,-188.0592163822307,20.663595309160236,0.32548586590269935,-76.91613233665521,20.670933799807678,0.32548586590269935,182.86162831639442,20.348147899445614,0.32548586590269935,-630.608763328147,22.61875947247075,0.5362639706129531,447.7471350117579,20.887538791537835,0.5611340362873486
2019-05-06 10:00:00,0.9121420969768668,0.589185589828282,0.0,0.9121420969768668,0.589185589828282,0.0,0.9121420969768668,0.0,0.589185589828282,0.0,1.0,1633.8695376314006,21.666666666666686,2.283714936718957,345.9559506065227,0.8318849458297648,0.08025715114710201,0.07517090350856366,1899.5683370908216,25286.090528890658,0.0,0.0,24.444444444444457,0.0,0.0,0.0,0.0,0.0,0.0,0.0,0.0,21434.376404107203,21.666666666666686,0.0,23.451647029426542,16.65,8.83061728816898,1661.8731105132526,-245.87146806264087,-2.967117669242101,-135.92886498936272,0.0,2.96998264,431.47196026972426,-797.3489506541067,-227.29226456852558,-292.7051343406891,-102.15466544182829,-216.53932409919318,0.045,0.0005892736232417997,0.026896284787967992,0.0,0.36399125060470555,2.96998264,163.92957290045666,0.24147889984262416,10.197516697837981,0.004682071945907409,-74.77106732279087,0.9868870734334212,0.15032475005266271,-1035.8195000926944,443.9920814235308,19987.189629467444,-8420.538543657225,30.38715270519544,0.06867587875583193,6130.804893955878,-2579.3987255155034,30.17424962559236,0.06867587875583193,81215.60969377327,-37813.2573292269,55.78189584962724,0.0672846125515661,746.0658935294299,-492.7840131342739,18.60961463127585,0.06867587875583193,170.71758153673142,-78.48188044762009,20.254257314590976,0.06867587875583193,-14.902683788882253,20.54928603135004,0.32548586590269935,-9.31906830743513,20.5321731411384,0.5611340362873486,253.20941729548187,20.075694602471327,0.2805103236939845,10.345145469284185,20.3785213033735,0.32548586590269935,2.2484630119794873,20.28161309156411,0.32548586590269935,-178.01676929991177,20.824393463785153,0.32548586590269935,-63.56450438051555,20.791345367418817,0.32548586590269935,237.26016041440957,24.822628839014964,0.32548586590269935,-816.9756033628548,27.63211978843014,0.5362639706129531,579.7154429484509,25.493514922315672,0.5611340362873486
2019-05-06 11:00:00,0.7921437295746265,0.511674301717968,0.0,0.7921437295746266,0.5116743017179681,0.0,0.7921437295746265,0.0,0.511674301717968,0.0,1.0,1424.791581049361,21.666666666666686,2.293557263805942,301.6857310117151,0.7224461711412684,0.06969755843335816,0.06396968522532591,1656.779753627718,25919.622074440555,0.0,0.0,24.444444444444457,0.0,0.0,0.0,0.0,0.0,0.0,0.0,0.0,21434.376404107203,21.666666666666686,0.0,26.327560745532153,17.75,8.83061728816898,1475.7853184492503,-637.8726706705851,-1.8509608822065136,-105.60688930052697,0.0,2.96998264,391.3129109536937,-779.5577379637149,-194.67983162762275,-216.09811996853702,-81.63683044200543,-168.40342281100104,0.045,0.0004485966712900486,0.026896284787967992,0.0,0.3621282657271164,2.96998264,155.48160494262282,0.23988030379209685,10.161787014585707,0.004656446046529259,-75.86820612412679,0.9857238933855452,0.1616825610805238,-1390.610558918134,451.0521572358338,18000.425225353818,-7797.381533973964,29.9136686761834,0.06867587875583193,4030.866045624969,-1892.8944050019118,26.41064911985108,0.06867587875583193,87584.19407597929,-41022.178718313095,59.587899886255045,0.0672846125515661,676.626162167681,-477.0743284631409,19.282756424444035,0.06867587875583193,169.88741569898056,-80.05671199388017,21.285992171813742,0.06867587875583193,-40.95598145032127,20.740373302789383,0.32548586590269935,-26.36440333627858,20.69471928112977,0.5611340362873486,279.2939449053921,20.163926351945925,0.2805103236939845,4.548646120084671,20.58864684955497,0.32548586590269935,0.5963485016215145,20.587009441106797,0.32548586590269935,-163.10312909692232,20.931256621203755,0.32548586590269935,-54.01542564357514,20.882758284407,0.32548586590269935,253.08431065523558,27.57991233142898,0.32548586590269935,-837.5680765951981,30.446142998226133,0.5362639706129531,584.483765939969,28.330245279406544,0.5611340362873486
2019-05-06 12:00:00,0.6565546109427711,0.42409238317679065,0.0,0.6565546109427711,0.42409238317679065,0.0,0.6565546109427711,0.0,0.42409238317679065,0.0,1.0,1185.4267329515585,21.666666666666686,2.302867322962569,251.002557319947,0.5987863573222018,0.05776825362056934,0.051644831334340675,1378.6610366509362,26739.368673478577,0.0,0.0,24.444444444444457,0.0,0.0,0.0,0.0,0.0,0.0,0.0,0.0,21328.982562790025,21.666666666666686,0.0,28.56174870194926,19.15,8.83061728816898,1291.778782400686,-934.4966210276215,-0.9937600257392379,-67.51800973339289,0.0,2.96998264,402.17299186890415,-759.7350670642502,-164.60971552434364,-148.62320850037779,-59.999856386194224,-117.83850156403845,0.045,0.0004514061152225187,0.026896284787967992,0.0,0.36216547119317194,2.96998264,171.89383656825973,0.23809267641959447,10.122384714186417,0.004627060154380208,-73.10397360008423,0.9845629017743159,0.17635894153773796,-1647.5553745760924,462.05619622852396,18032.670352995043,-7690.11229690775,31.305479202897406,0.06867587875583193,4394.466752258235,-1960.9128291225554,28.51032521775147,0.06867587875583193,80346.27293379222,-38862.78414390343,58.926865127763655,0.0672846125515661,695.4045225662188,-446.13053093653906,20.65749221213203,0.06867587875583193,189.8217161883018,-82.30519258100774,23.25853680197161,0.06867587875583193,-60.131153885428645,20.921112600235706,0.32548586590269935,-44.46737186743739,20.86415454656041,0.5611340362873486,305.5537204641929,20.25713814435494,0.2805103236939845,-11.20476191955072,20.93534652988831,0.32548586590269935,-0.7454127907678848,20.86457494920115,0.32548586590269935,-145.0218639247807,21.037856718355233,0.32548586590269935,-43.983156076227836,20.977324659932243,0.32548586590269935,277.0160578764087,29.69384430345743,0.32548586590269935,-869.2022448734004,32.69865725540617,0.5362639706129531,592.1861869969979,30.572899385606817,0.5611340362873486
2019-05-06 13:00:00,0.5296466655588762,0.34211794859831307,0.0,0.5296466655588762,0.3421179485983131,0.0,0.5296466655588762,0.0,0.34211794859831307,0.0,1.0,957.6006062407346,21.666666666666686,2.3056002156672775,202.76259542341373,0.4830491705326056,0.046597495026270565,0.04088672593343359,1113.7657066378777,27240.276182817008,0.0,0.0,24.444444444444457,0.0,0.0,0.0,0.0,0.0,0.0,0.0,0.0,21223.588721472843,21.666666666666686,0.0,29.08101470807779,20.0,8.83061728816898,1121.232314576466,-1132.9425179256411,-0.8947771256824184,-44.47848930170456,0.0,2.96998264,448.66344707484797,-739.471695031654,-133.59799153955993,-85.39554982591987,-47.98503007624291,-67.24117455671826,0.045,0.0005410614426684529,0.026896284787967992,0.0,0.3633527766963816,2.96998264,206.03499212311837,0.23655213477720624,10.087588664324858,0.004602449217193914,-76.32771530083981,0.9833990496240954,0.18689415008553223,-1684.1531112574278,348.4479979083729,18963.285918192312,-7887.490405217639,33.083183998383966,0.06867587875583193,5910.19647740359,-2469.4450404744816,33.229257476227204,0.06867587875583193,65094.210794312785,-30874.27397636571,52.20955951954507,0.0672846125515661,775.7920012383669,-418.9096492621057,21.84774002878669,0.06867587875583193,233.5479237166046,-89.93435249581891,25.523772033076764,0.06867587875583193,-77.14240133002228,21.092617062185422,0.32548586590269935,-63.26520217565461,21.030399838073624,0.5611340362873486,330.21515815998197,20.348910864687685,0.2805103236939845,-24.41564585802639,21.243466380198548,0.32548586590269935,-2.3117634321607814,21.16049709561904,0.32548586590269935,-128.72445066998503,21.143321687010697,0.32548586590269935,-34.3556946941287,21.069448308452213,0.32548586590269935,193.17341334926996,30.025352535115754,0.32548586590269935,-645.5643649544072,32.177490878441255,0.5362639706129531,452.3909516051443,30.575277890353938,0.5611340362873486
2019-05-06 14:00:00,0.4463888429416546,0.2883387079634076,0.0,0.44638884294165454,0.28833870796340766,0.0,0.4463888429416546,0.0,0.2883387079634076,0.0,1.0,805.7985814846999,21.666666666666686,2.301900768591192,170.6199961712104,0.4071155175947084,0.03927332534694617,0.03440292770967239,937.1452523089641,27240.276182817008,0.0,0.0,24.444444444444457,0.0,0.0,0.0,0.0,0.0,0.0,0.0,0.0,21223.588721472843,21.666666666666686,0.0,28.9145818091539,20.0,8.83061728816898,981.7103821477801,-1072.3181019238593,-0.6007963458447646,-44.45796017984189,0.0,2.96998264,445.7318772497664,-723.6433579949733,-104.66422450339066,-26.870486008438416,-46.9782634489881,-21.42889697903299,0.045,0.00036344177896064506,0.026896284787967992,0.0,0.36100055948624754,2.96998264,218.0005745487669,0.23481568966136576,10.051716228840343,0.004571271229284012,-79.49576917586886,0.9828086142700927,0.1740333709064973,-1538.9425998833701,296.0045017883004,18360.06851882244,-7669.916032929225,32.976479190866584,0.06867587875583193,6407.228587104564,-2660.027188459775,34.75559715135115,0.06867587875583193,57096.66298427253,-27210.67027489634,48.70122954832992,0.0672846125515661,770.7229713537222,-397.2454339854989,21.928313962462934,0.06867587875583193,227.28915095485908,-87.03613279498305,25.58847596117017,0.06867587875583193,-96.13115122802277,21.24212708636138,0.32548586590269935,-82.48379926970834,21.17099063481919,0.5611340362873486,350.11561910923484,20.422563139861907,0.2805103236939845,-22.437596442054367,21.32465993254932,0.32548586590269935,-3.620807804321767,21.40297599137251,0.32548586590269935,-118.30766991122145,21.23271620565789,0.32548586590269935,-27.134594453901446,21.14574602384149,0.32548586590269935,127.6663763511896,30.08525974633601,0.32548586590269935,-525.4226752767222,31.648848144401008,0.5362639706129531,397.7562989255395,30.293535133457787,0.5611340362873486
2019-05-06 15:00:00,0.45131112258572387,0.29151818651724554,0.0,0.4513111225857238,0.29151818651724554,0.0,0.45131112258572387,0.0,0.29151818651724554,0.0,1.0,813.8331556115064,21.666666666666686,2.299486163167673,172.32123893615446,0.4116047748392108,0.039706347746513014,0.0349935091714992,946.4480468011478,27062.354397027437,0.0,0.0,24.444444444444457,0.0,0.0,0.0,0.0,0.0,0.0,0.0,0.0,21261.729880537303,21.666666666666686,0.0,28.300424392793108,19.7,8.83061728816898,923.1439305377204,-1116.2459290205786,-0.7957101317962646,-52.5056055573635,0.0,2.96998264,281.16743945121266,-721.8996879966271,-97.91900195716939,6.783815685890594,-44.6630136624822,4.3401302133692115,0.045,0.0003878259843150267,0.026896284787967992,0.0,0.3613234795182569,2.96998264,159.6421079753737,0.23351765820070236,10.02697876998718,0.004545817086214088,-64.88943462154992,0.982823641724739,0.17178654514125172,-1466.5846266032058,178.01745864647265,11487.814179778983,-5354.258712449072,28.313522636797618,0.06867587875583193,4235.823410600234,-2013.0457314813639,30.587039569690123,0.06867587875583193,33691.028052141526,-18543.231011752832,38.43603161571462,0.0672846125515661,486.17165484964204,-308.30673832304814,20.837702513395055,0.06867587875583193,146.8697736294589,-63.569191803396365,23.315013234172,0.06867587875583193,-112.54362448958928,21.312873622602915,0.32548586590269935,-97.41124087917439,21.231101028651533,0.5611340362873486,358.54391530901705,20.44258513006012,0.2805103236939845,-5.733077812095704,21.13867663442696,0.32548586590269935,-3.85711837447638,21.46166087746749,0.32548586590269935,-112.8700701062336,21.25772382794499,0.32548586590269935,-26.128783647448532,21.175814142033577,0.32548586590269935,46.24154124352317,29.20283302264712,0.32548586590269935,-296.72840393447865,29.923759678136175,0.5362639706129531,250.486862690963,29.109083022500446,0.5611340362873486
2019-05-06 16:00:00,0.5304404660009624,0.3426306930305969,0.0,0.5304404660009624,0.3426306930305969,0.0,0.5304404660009624,0.0,0.3426306930305969,0.0,1.0,953.1600428827658,21.666666666666686,2.2914414770094282,201.82234941089447,0.4837763775953531,0.04666408840560932,0.04201409675820785,1108.3183038880509,26416.005983216142,0.0,0.0,24.444444444444457,0.0,0.0,0.0,0.0,0.0,0.0,0.0,0.0,21367.12372185448,21.666666666666686,0.0,25.707318346424238,18.6,8.83061728816898,972.5173896049625,-1114.74180336029,-2.9708652763299885,-82.17767614984292,0.0,3.563979167999999,126.10884089690268,-730.4384287069048,-118.85484833743944,2.2475710568014744,-55.76110220382265,6.521565244475819,0.053999999999999986,0.0008774651530793851,0.026896284787967992,0.0,0.36780777104026946,3.563979167999999,100.94190898036976,0.23242331269249303,10.006126099381483,0.004524358784899058,-43.07862317313389,0.9828363110844499,0.18455228084723035,-1307.3976773395939,-9.166475431590575,5072.758624299938,-2693.236211893433,22.13500689037652,0.06867587875583193,1677.2902209577935,-938.941547117603,22.86694773311636,0.06867587875583193,14446.86623975184,-8827.865364472547,25.55103208215668,0.0672846125515661,218.05705521835793,-224.27281046216004,19.10626065072344,0.06867587875583193,82.42726999714901,-43.23709129176612,20.636653000391917,0.06867587875583193,-118.26219261586957,21.280772363923425,0.32548586590269935,-106.15069621284952,21.201345284063756,0.5611340362873486,351.25858213121114,20.410063757024623,0.2805103236939845,17.871733665713357,20.78176631256008,0.32548586590269935,-3.067626787069173,21.335471192096243,0.32548586590269935,-110.18436876439227,21.20829430963959,0.32548586590269935,-31.465431416741982,21.15397513399484,0.32548586590269935,-50.05641475288652,26.045983023802524,0.32548586590269935,45.35051538986845,25.63629546250098,0.5362639706129531,4.705899363024218,25.69633883389123,0.5611340362873486
2019-05-06 17:00:00,0.6028489057498841,0.38940192464397133,0.0,0.6028489057498841,0.38940192464397133,0.0,0.6028489057498841,0.0,0.38940192464397133,0.0,1.0,1077.2679787816828,21.666666666666686,2.278064304125,228.1009952591835,0.5498139191876295,0.05303498656225469,0.04889772634299649,1252.3339874786116,25630.62509906268,0.0,0.0,24.444444444444457,0.0,0.0,0.0,0.0,0.0,0.0,0.0,0.0,21434.376404107203,21.666666666666686,0.0,22.666935100743935,17.25,8.83061728816898,1041.9678535223907,-855.9856737842415,-5.742752449155282,-118.7588182661412,0.0,6.533961808,79.29614345994078,-736.1206669681845,-136.8384384496775,-19.16047753614046,-75.19553806356633,4.28801618165454,0.099,0.0012936277754593065,0.026896284787967992,0.0,0.3733190126570023,6.533961808,82.66748364800425,0.23197745819029414,9.997635002647455,0.004515616721174865,-6.17469824037766,0.9828414727916297,0.1897000699598606,-1028.0577158613717,-56.02895318205336,3188.9840560011103,-1960.6329784980999,19.34782894811209,0.06867587875583193,1077.9355244760714,-699.5839675654837,20.011485320510406,0.06867587875583193,8705.252655852737,-6290.951147531663,20.884627420325486,0.0672846125515661,137.1123817336729,-207.55901865072116,17.696669713133666,0.06867587875583193,52.407545061946465,-34.62251093826612,18.563174504204692,0.06867587875583193,-114.1616960938068,21.22031255394103,0.32548586590269935,-112.39701900930558,21.160706230217194,0.5611340362873486,340.0926637269167,20.377643744319716,0.2805103236939845,36.62512955339357,20.481401716987737,0.32548586590269935,-1.7462741061856641,21.147552513542383,0.32548586590269935,-111.32952516965233,21.15886623306954,0.32548586590269935,-37.083278901356486,21.126764196795836,0.32548586590269935,-68.78565028908882,23.08030939431926,0.32548586590269935,127.59865085704442,22.40198033224437,0.5362639706129531,-58.81300056795032,22.69627747002132,0.5611340362873486
2019-05-06 18:00:00,0.6761265696057829,0.4367346195642795,0.0,0.6761265696057828,0.4367346195642795,0.0,0.6761265696057829,0.0,0.4367346195642795,0.0,1.0,1201.4362676787403,21.666666666666686,2.2647815295844476,254.3924202666175,0.6166458700286896,0.059480699577093135,0.055892206927851615,1396.3479883682646,25000.863220648487,0.0,0.0,24.444444444444457,0.0,0.0,0.0,0.0,0.0,0.0,0.0,0.0,21434.376404107203,21.666666666666686,0.0,20.415065057998888,16.15,8.83061728816898,1124.1579977044107,-497.51992735541427,-5.4624853897009,-148.80110811091998,0.0,10.691937504,43.64654268103028,-742.822135911436,-153.66955729086686,-51.41838147292791,-91.24772313022763,-5.93467842540563,0.162,0.0010206259785372693,0.026896284787967992,0.0,0.36970364985475135,10.691937504,66.29338602229122,0.23215371022853715,10.000992828194244,0.00451907253816296,23.950796231048468,0.9828394323021723,0.15482922987535563,-659.8096015321732,-92.10274608985851,1753.0822005493012,-1435.6184509990183,17.164276475412468,0.06867587875583193,660.5838798773613,-532.6405685571576,17.810685720105816,0.06867587875583193,3639.1641476757136,-4202.416353976666,16.812728994568662,0.0672846125515661,75.47001859503722,-197.0785079933934,16.55782224177966,0.06867587875583193,30.61668419753502,-28.576185050088046,16.926469039717183,0.06867587875583193,-104.58462937599081,21.138043896973212,0.32548586590269935,-113.85098352594117,21.10216559078919,0.5611340362873486,326.851685265919,20.3391240672255,0.2805103236939845,51.19527454547327,20.226077508795434,0.32548586590269935,-0.35048345490945393,20.941927597157463,0.32548586590269935,-115.93219841631895,21.10575579193022,0.32548586590269935,-43.32866503823073,21.09263033811061,0.32548586590269935,-70.23347334604435,20.65298275771142,0.32548586590269935,182.73101653891268,19.861219095741284,0.5362639706129531,-112.4975431928627,20.34231029541648,0.5611340362873486
2019-05-06 19:00:00,0.7574619115921434,0.48927206038731197,0.0,0.7574619115921434,0.48927206038731197,0.0,0.7574619115921434,0.0,0.48927206038731197,0.0,1.0,1340.1016541584092,21.666666666666686,2.254268799772523,283.7534643958441,0.690822905345842,0.06663900624630133,0.06352484055768495,1557.216112307952,24519.18101370215,0.0,0.0,24.444444444444457,0.0,0.0,0.0,0.0,0.0,0.0,0.0,0.0,21434.376404107203,21.666666666666686,0.0,18.740662251091827,15.3,8.83061728816898,1218.8506967531846,-255.9291183314993,-4.66588272753279,-172.30138986048107,0.0,10.691937504,1.2929650431689683,-751.358338096215,-172.21752986490688,-90.8623031618412,-103.55470558340595,-24.084964082979138,0.162,0.0007266619415743757,0.026896284787967992,0.0,0.36581068410720835,10.691937504,45.02437767878951,0.23286690058903833,10.017281390695075,0.004530410345490161,28.769083541425456,0.9834023244179249,0.11903550706535415,-412.6909863713598,-126.99159635598357,51.951379968,-806.6707309413666,14.926979599882351,0.06867587875583193,16.109387136,-284.2384157090088,15.186783960338571,0.06867587875583193,8.948024654642484,-2656.619029410198,13.659761304698845,0.0672846125515661,2.2356890112422474,-182.75915033135212,15.586675499393866,0.06867587875583193,0.8918691839999998,-20.055069640727414,15.229247151086842,0.06867587875583193,-92.19796568250992,21.03859718408212,0.32548586590269935,-110.82346395894577,21.024987468832443,0.5611340362873486,311.7239177373511,20.292919799400185,0.2805103236939845,62.99385383051308,19.996172714242565,0.32548586590269935,1.0603767815544793,20.723404549233408,0.32548586590269935,-122.43602079638562,21.045030516967152,0.32548586590269935,-50.320697911577675,21.05083931953205,0.32548586590269935,-65.89507731879006,18.66329736458902,0.32548586590269935,232.4327295836494,17.80819841102357,0.5362639706129531,-166.53765226485206,18.473967965772136,0.5611340362873486
2019-05-06 20:00:00,0.8109226355964164,0.5238042767048134,0.0,0.8109226355964164,0.5238042767048134,0.0,0.8109226355964164,0.0,0.5238042767048134,0.0,1.0,1433.020788823323,21.666666666666686,2.251421022043776,303.4281855545098,0.7395756844979654,0.0713469510984511,0.068381152743676,1665.102023279382,24350.30642903827,0.0,0.0,24.444444444444457,0.0,0.0,0.0,0.0,0.0,0.0,0.0,0.0,21434.376404107203,21.666666666666686,0.0,17.410989218901815,15.0,8.83061728816898,1297.2230400355643,-61.96962615271602,-4.717613268156916,-180.72863288121297,0.0,10.691937504,0.0,-757.057291775091,-186.56872674019849,-129.44851099979707,-109.07643369595718,-43.83799736141871,0.162,0.0007020817230617964,0.026896284787967992,0.0,0.365485168272941,10.691937504,38.956559857611005,0.23345239471565404,10.031332607816116,0.004539054991553905,21.654620083531736,0.9840060844595925,0.09785739266234335,-241.17357353893163,-124.22423816829418,0.0,-740.2416348944287,14.47679832975146,0.06867587875583193,0.0,-249.79856269404797,14.63200954819605,0.06867587875583193,0.0,-2490.950478456373,13.103510535685565,0.0672846125515661,0.0,-184.23683143143728,15.316801788117619,0.06867587875583193,0.0,-19.233010466101767,14.84703764467008,0.06867587875583193,-77.62856907673473,20.94790852198461,0.32548586590269935,-104.38135929142845,20.95556258874392,0.5611340362873486,298.7061905802031,20.256832454454106,0.2805103236939845,65.13934716019988,19.908614863427164,0.32548586590269935,2.158668979100914,20.550707574706372,0.32548586590269935,-128.0510904676099,20.99643931837882,0.32548586590269935,-55.9431878837296,21.016822858306604,0.32548586590269935,-47.88153162457753,17.23487266232353,0.32548586590269935,216.9112708698695,16.52752410361941,0.5362639706129531,-169.0297392452868,17.18152325635958,0.5611340362873486
2019-05-06 21:00:00,0.8895116861660479,0.5745677885166002,0.0,0.889511686166048,0.5745677885166002,0.0,0.8895116861660479,0.0,0.5745677885166002,0.0,1.0,1558.5836464702704,21.666666666666686,2.2326458084489844,330.01489690301463,0.8112732079018621,0.078238478264186,0.07639621315843223,1810.3600651090992,23741.654686584025,0.0,0.0,24.444444444444457,0.0,0.0,0.0,0.0,0.0,0.0,0.0,0.0,21434.376404107203,21.666666666666686,0.0,16.53414866350203,13.9,8.83061728816898,1385.1492677582546,-165.7434713830069,-10.22989598305487,-211.41839958293014,0.0,12.077929402666665,0.0,-763.2883933339959,-198.8910549834752,-163.38323036165247,-126.05008072285132,-63.664808002517894,0.183,0.001217977425404379,0.026896284787967992,0.0,0.37231717506966966,12.077929402666665,36.13598745130263,0.23416333967088537,10.047529599848295,0.004550322835082613,59.048837267098335,0.9845690025706514,0.12819850138629282,-381.8235447397892,-113.93482354623232,0.0,-767.4537826610199,13.564169995080162,0.06867587875583193,0.0,-246.16461864187468,13.627423927954226,0.06867587875583193,0.0,-2496.1415444005256,12.326327511375052,0.0672846125515661,0.0,-188.4427812462959,14.406626214475349,0.06867587875583193,0.0,-19.146463926108286,13.862651600517934,0.06867587875583193,-66.8260292465921,20.860866043755173,0.32548586590269935,-98.66200954645392,20.88268343427954,0.5611340362873486,284.60879371311336,20.217926384970358,0.2805103236939845,76.36216577818657,19.694592546529908,0.32548586590269935,2.8420254617524336,20.416264518916755,0.32548586590269935,-136.43171249878577,20.94795110812691,0.32548586590269935,-61.893233661222986,20.97956069178833,0.32548586590269935,-32.26113858968914,16.3201452693209,0.32548586590269935,191.59360079076214,15.76540651030451,0.5362639706129531,-159.3324622010669,16.36611085060798,0.5611340362873486
2019-05-06 22:00:00,1.0156374606218055,0.6471802525316523,0.0,1.0156374606218055,0.6471802525316522,0.0,0.9906374606218054,0.025,0.6398885858649856,0.007291666666666672,1.0,1713.633644944711,21.666666666666686,2.2021764116639924,362.8452229347533,0.9034931781246811,0.08714428249712429,0.08716259966418331,1989.33458538234,22834.897023676567,0.0,0.0,24.444444444444457,0.0,0.0,0.025,0.0,0.0,0.0,0.0,0.0,21434.376404107203,21.666666666666686,0.0,15.113997444827971,12.25,8.83061728816898,1486.2962441574107,-262.5223270259853,-17.843668865079703,-257.3258005001032,0.0,12.077929402666665,0.0,-770.736045348493,-212.57316212135777,-197.08137899905495,-152.5636937413945,-83.89658220858946,0.183,0.0018610305511040683,0.026896284787967992,0.0,0.38083312762653065,12.077929402666665,35.75413917521591,0.23589029332819939,10.080562085565571,0.004583954606811631,120.7918841863369,0.9845883990084172,0.17219872306077655,-501.6761290881797,-123.69142087255892,0.0,-713.7445239087953,11.99739879323035,0.06867587875583193,0.0,-228.71102304864925,12.055499772034942,0.06867587875583193,0.0,-2263.268047090314,10.836378598960964,0.0672846125515661,0.0,-190.41586789284122,13.012192053981222,0.06867587875583193,0.0,-18.551371679309444,12.36447456532892,0.06867587875583193,-57.99122765819775,20.76921757619543,0.32548586590269935,-94.01718921114576,20.802699960576845,0.5611340362873486,268.7987947044215,20.17301817345361,0.2805103236939845,94.20114734038188,19.382559713781568,0.32548586590269935,3.8286152314157733,20.2410292956721,0.32548586590269935,-146.33630149127518,20.893170457090196,0.32548586590269935,-68.48383891560292,20.936151999707082,0.32548586590269935,-34.34103952239256,14.970584085390746,0.32548586590269935,207.5697345162224,14.365642267476282,0.5362639706129531,-173.2286949938247,15.026887397802483,0.5611340362873486
2019-05-06 23:00:00,0.05,0.014583333333333344,0.0,0.05,0.014583333333333344,0.0,0.0,0.05,0.0,0.014583333333333344,1.0,0.0,18.33333333333337,0.0,0.0,0.0,0.0,0.0,0.0,22328.97999262856,0.0,0.0,24.444444444444457,0.0,0.0,0.05,0.0,0.0,0.0,0.0,0.0,21434.376404107203,20.73622811882852,0.0,13.483178013729685,11.15,8.83061728816898,-219.1087483370265,-532.6721491887656,-20.391014843726364,-262.7139103942678,-1.4251656306573885,12.077929402666665,0.0,-595.2752432526647,34.103189037019895,-76.90047923573977,-148.66624813293234,28.984428274337656,0.183,0.002082223252636953,0.026896284787967992,0.0001421319159220463,0.3856446355429556,12.077929402666665,53.34341312895843,0.2524548433892478,9.75477309599278,0.004634283251455375,136.1384985071334,0.9870673916301465,0.17480229851999435,-416.8850015076609,-115.78714768110471,0.0,-691.8365097638869,10.9263722935282,0.06867587875583193,0.0,-217.94069882119447,10.953457718714589,0.06867587875583193,0.0,-2162.416188470984,9.773554052311079,0.0672846125515661,0.0,-187.09778441479207,11.957644416184918,0.06867587875583193,0.0,-18.338390510675097,11.327011923932327,0.06867587875583193,-54.78426006961484,20.313197464459655,0.32548586590269935,-110.32751461846553,20.382404400837665,0.5611340362873486,275.23057391555,19.71019071344398,0.2805103236939845,109.52742620037624,18.720013916551377,0.32548586590269935,5.219376153512661,19.643702330629967,0.32548586590269935,-170.82312493159432,20.487451854182577,0.32548586590269935,-54.0424766497661,20.425356292590216,0.32548586590269935,-31.367157188297156,13.565673179994102,0.32548586590269935,193.81377446748849,12.998053034095049,0.5362639706129531,-162.44661727918708,13.625662436724967,0.5611340362873486
2019-05-07 00:00:00,0.05,0.014583333333333344,0.0,0.05,0.014583333333333344,0.0,0.0,0.05,0.0,0.014583333333333344,1.0,0.0,18.33333333333337,0.0,0.0,0.0,0.0,0.0,0.0,21828.230604865537,0.0,0.0,24.444444444444457,0.0,0.0,0.05,0.0,0.0,0.0,0.0,0.0,21434.376404107203,19.579030796861975,0.0,11.986063036096176,10.0,8.83061728816898,-224.83139624948527,-404.5085101932446,-16.148643708542963,-263.4164708916307,0.0,12.077929402666665,0.0,-410.5787892419324,195.31438126377367,-16.330289087778716,-142.16089449221562,105.65091811664902,0.183,0.0016653774761509138,0.026896284787967992,0.0,0.37824209395090375,12.077929402666665,42.65578894802174,0.27366575714353625,9.331832026519873,0.004681296231272297,132.67562419908376,0.9903657052540468,0.14691423980872553,-289.40234267224406,-115.10616752100053,0.0,-937.6518257196209,9.556792889347902,0.06867587875583193,0.0,-289.2465587142139,9.54454935434728,0.06867587875583193,0.0,-3050.7134037864466,7.953673885773977,0.0672846125515661,0.0,-229.7127633441537,10.622040023035373,0.06867587875583193,0.0,-24.01891698654231,10.010617614204728,0.06867587875583193,-31.989284012647477,19.450927464201737,0.32548586590269935,-115.35636402060494,19.580965168465458,0.5611340362873486,239.7333682683065,18.95701328496741,0.2805103236939845,121.68780701464016,17.7297809105573,0.32548586590269935,5.997100607767908,18.744958514662397,0.32548586590269935,-165.02770273932208,19.667919160336837,0.32548586590269935,-55.04492511814145,19.61997893110872,0.32548586590269935,-29.910424539599415,12.184471449227866,0.32548586590269935,191.87141808003858,11.623197152676658,0.5362639706129531,-161.96099354043483,12.255911915243443,0.5611340362873486
2019-05-07 01:00:00,0.05,0.014583333333333344,0.0,0.05,0.014583333333333344,0.0,0.0,0.05,0.0,0.014583333333333344,1.0,0.0,18.33333333333337,0.0,0.0,0.0,0.0,0.0,0.0,21299.06090059519,0.0,0.0,24.444444444444457,0.0,0.0,0.05,0.0,0.0,0.0,0.0,0.0,21434.376404107203,18.78493309430769,0.0,10.730448080577816,8.85,8.83061728816898,-254.8336487970567,-352.9108328593485,-12.775791945999718,-274.0830993525139,0.0,12.077929402666665,0.0,-304.75376751268215,215.7380216571918,-21.17368406123769,-144.7761778390145,115.01100821658397,0.183,0.0012517089473619498,0.026896284787967992,0.0,0.3727638816156472,12.077929402666665,19.947313098790264,0.2904267036583163,9.05389724370439,0.004731591893912471,140.23479199501287,0.9924150079002776,0.11256210098930339,-218.1307388452865,-134.78009401406197,0.0,-1192.471342551991,8.097248327108442,0.06867587875583193,0.0,-365.8660752582199,8.065192994607731,0.06867587875583193,0.0,-3955.2180244026313,5.858602604458521,0.0672846125515661,0.0,-280.9272379026712,9.303367655306479,0.06867587875583193,0.0,-30.2430468718328,8.647034216854317,0.06867587875583193,-12.1589249878165,18.705362101576863,0.32548586590269935,-107.81137532564814,18.868129425385973,0.5611340362873486,188.67451452663008,18.34359654315557,0.2805103236939845,131.476409187843,16.882059372540656,0.32548586590269935,6.700529201012405,17.96423910601576,0.32548586590269935,-141.21257211414255,18.92703630701599,0.32548586590269935,-65.66858048787678,18.967565269557213,0.32548586590269935,-33.268812081988564,10.821809296508256,0.32548586590269935,223.5597719043822,10.17077804817121,0.5362639706129531,-190.2909598223888,10.921857115003137,0.5611340362873486
2019-05-07 02:00:00,0.34967151452168554,0.20815200933609404,0.0,0.3496715145216855,0.208152009336094,0.0,0.29967151452168556,0.05,0.1935686760027607,0.014583333333333344,1.0,526.9328801719022,18.33333333333337,1.940610816947454,111.57290179360027,0.27330237178300754,0.02636914273867795,0.029073028986158236,612.1366392268245,21054.36299948757,0.0,0.0,24.444444444444457,0.0,0.0,0.05,0.0,0.0,0.0,0.0,0.0,21434.376404107203,18.340482716877258,0.0,9.597394684966629,8.3,8.83061728816898,246.56322378528864,-163.03776498419813,-12.590278632674655,-277.3419901720356,0.0,12.077929402666665,0.0,-265.58451737243826,153.0279611590998,-72.18523985826799,-147.50464502074928,79.32247594684958,0.183,0.0012209257092368716,0.026896284787967992,0.0,0.37235621919252393,12.077929402666665,-2.515316984569975,0.3015721612556076,8.91781131500499,0.004782075466984039,137.8322059329452,0.9933215653280868,0.09986854000294576,-134.91073429215214,-139.69993248564623,0.0,-1215.9684385669275,7.376819830933702,0.06867587875583193,0.0,-369.5729477277729,7.314954974806706,0.06867587875583193,0.0,-4074.443388871642,4.901361732435376,0.0672846125515661,0.0,-292.7480231925327,8.710432207719663,0.06867587875583193,0.0,-31.227381167593272,7.987916195969206,0.06867587875583193,8.117747740630815,18.13576912409502,0.32548586590269935,-91.06825867995624,18.316099199270045,0.5611340362873486,138.08070204835107,17.90862600357292,0.2805103236939845,131.0931381366233,16.354382428858052,0.32548586590269935,7.273398125317603,17.37549052897047,0.32548586590269935,-113.63066464102934,18.35612785982759,0.32548586590269935,-79.86606272993686,18.508662372214296,0.32548586590269935,-29.63181717463834,9.628945800670001,0.32548586590269935,228.66027519645007,8.990329296652009,0.5362639706129531,-199.02845802180698,9.776560933439644,0.5611340362873486
2019-05-07 03:00:00,0.5727836803944617,0.3522682314502796,0.0,0.5727836803944617,0.3522682314502796,0.0,0.5227836803944617,0.05,0.33768489811694624,0.014583333333333344,1.0,916.131798894799,18.33333333333337,2.233033538788826,193.98197963038066,0.4767959760764782,0.045987704317983526,0.0512974534862247,1064.126074207196,20773.160570867403,0.0,0.0,24.444444444444457,0.0,0.0,0.05,0.0,0.0,0.0,0.0,0.0,21434.376404107203,18.33333333333337,0.0,9.00868191481551,7.75,8.83061728816898,601.5416066386223,-46.456048730120294,-12.963402241852595,-292.7668601938967,0.0,12.077929402666665,0.0,-299.16286234498756,33.36760239740343,-152.59209205273763,-158.62354496036204,8.624776693336708,0.183,0.0011901670713784734,0.026896284787967992,0.0,0.37194888255073283,12.077929402666665,-20.93785922309414,0.304604150461052,8.959168341345562,0.004831368073637432,134.03307011336125,0.992700819976673,0.0827888321024687,-105.13134826421131,-135.30668009628965,0.0,-1225.595325813132,6.865603105620951,0.06867587875583193,0.0,-366.4294006371434,6.752390941844146,0.06867587875583193,0.0,-4087.5209565012806,4.406169114845394,0.0672846125515661,0.0,-296.7187052577705,8.24187245883976,0.06867587875583193,0.0,-31.040530211938833,7.432907142489652,0.06867587875583193,21.56959400694177,17.874405316221935,0.32548586590269935,-70.0768013303732,18.048684215399604,0.5611340362873486,98.79710098939238,17.747713935598906,0.2805103236939845,131.19765938769032,16.11805616701677,0.32548586590269935,7.596702862708321,17.10832005789305,0.32548586590269935,-95.28628380062437,18.09353787977382,0.32548586590269935,-93.79797211573687,18.34084127828901,0.32548586590269935,-19.924623499001065,8.924044499174904,0.32548586590269935,215.9343448261619,8.382385704712332,0.5362639706129531,-196.009721327157,9.145593469615248,0.5611340362873486
2019-05-07 04:00:00,0.7094849828125352,0.44056854974764864,0.0,0.7094849828125352,0.4405685497476486,0.0,0.6594849828125352,0.05,0.4259852164143153,0.014583333333333344,1.0,1143.5238772873204,18.33333333333337,2.2081277172520215,242.13003602582648,0.6014736308378256,0.05801135197470968,0.06573899961668961,1327.6425613384372,20213.34613264517,0.0,0.0,24.444444444444457,0.0,0.0,0.05,0.0,0.0,0.0,0.0,0.0,21434.376404107203,18.33333333333337,0.0,8.42578929609383,6.65,8.83061728816898,795.6759312190749,-44.18210876943807,-15.479810796830154,-324.67009202102497,0.0,12.077929402666665,0.0,-323.35369058683136,-28.026466521185633,-202.81773762443743,-179.15835283479103,-37.69129993104337,0.183,0.0012786933581984093,0.026896284787967992,0.0,0.3731212361689092,12.077929402666665,-19.77597265305698,0.30778321854355556,9.012539982248184,0.004879327015781401,131.26674392810204,0.9932482199083135,0.07901774306039505,-147.67740141090877,-138.63474338435577,0.0,-919.4606029847458,6.142174758602818,0.06867587875583193,0.0,-270.78847869291366,6.022138195454497,0.06867587875583193,0.0,-2914.6023976804436,4.276241207671299,0.0672846125515661,0.0,-246.34028953173228,7.5461042339918665,0.06867587875583193,0.0,-24.066522450263086,6.6652139450165,0.06867587875583193,29.481233022400314,17.716283699106004,0.32548586590269935,-55.56858862768628,17.883145006492207,0.5611340362873486,76.13675207032708,17.64809241811299,0.2805103236939845,136.9607410418983,15.895374928580642,0.32548586590269935,8.12027577293205,16.910727894786262,0.32548586590269935,-94.2911002235093,17.95214898525337,0.32548586590269935,-100.83931305636276,18.232845693857392,0.32548586590269935,-16.19147451088811,8.242884531081895,0.32548586590269935,218.58175011398077,7.723346107423312,0.5362639706129531,-202.39027560308725,8.509080369327986,0.5611340362873486
2019-05-07 05:00:00,0.752629475855333,0.4684371391544016,0.0,0.752629475855333,0.4684371391544016,0.0,0.702629475855333,0.05,0.45385380582106827,0.014583333333333344,1.0,1227.6299181854763,18.33333333333337,2.226292054865357,259.938670473381,0.6407860463846096,0.061843429470723445,0.0696717454945769,1425.7251591881336,20495.326668680926,0.0,0.0,24.444444444444457,0.0,0.0,0.05,0.0,0.0,0.0,0.0,0.0,21434.376404107203,18.33333333333337,0.0,7.955787210778157,7.2,8.83061728816898,902.1395436308314,75.87910439756443,-14.295076052029733,-308.9924276625306,0.0,12.077929402666665,11.313435777488055,-339.39642726127465,-61.06497720870391,-241.4494438118026,-175.10939870533696,-71.62123732714389,0.183,0.0012318623317488613,0.026896284787967992,0.0,0.37250105288467505,12.077929402666665,-14.280800242751203,0.3109708525985268,9.066103736420088,0.004927190279666885,136.6382425079315,0.9938353782717848,0.07435599790046306,-65.97012573876414,-118.08944033705247,454.57417035660274,-681.7362556807008,7.0902043861794395,0.06867587875583193,141.0375508468479,-194.65527170915271,6.951547212964743,0.06867587875583193,1317.547474497273,-2101.9282014473342,6.049871813565846,0.0672846125515661,19.56226440981942,-193.54174535010551,8.289909363006242,0.06867587875583193,7.803904680480716,-18.256193583181886,7.524473975855776,0.06867587875583193,41.01855032026554,17.61209941810951,0.32548586590269935,-41.07817854558198,17.779791167806064,0.5611340362873486,65.6328388754881,17.589182933026457,0.2805103236939845,124.16716916662158,15.994220201909673,0.32548586590269935,8.52623017423422,16.788548835273442,0.32548586590269935,-95.43676717680209,17.876744591324083,0.32548586590269935,-102.8298428142202,18.16446647328277,0.32548586590269935,-2.0544192988483396,7.797262347038208,0.32548586590269935,178.78503270380705,7.462768584769389,0.5362639706129531,-176.73061340495417,8.129951633143024,0.5611340362873486
2019-05-07 06:00:00,3.8227218180011744,2.451520886116213,0.0,3.822721818001174,2.4515208861162128,0.0,3.772721818001174,0.05,2.43693755278288,0.014583333333333344,1.0,5859.975117482789,21.666666666666686,2.1442501718168265,1240.7926187535563,2.5256598361454214,0.2486354982786988,0.27744012315169164,6852.132237957647,21204.78451020695,0.9984264835770535,0.0,24.444444444444457,0.0,0.0,0.05,0.0,0.0,0.0,0.0,0.0,21434.376404107203,21.49781767028674,-0.07829893817322772,9.837483479709398,9.15,8.83061728816898,5446.5037179662695,1089.8217053766205,-17.787521301543823,-340.3736148982315,0.0,12.077929402666665,45.89825143331836,-952.3693397512911,-897.2147419223936,-744.5202420668732,-218.64759197979828,-516.8670197875141,0.183,0.0013948753922105313,0.026896284787967992,0.0,0.37465983484772025,12.077929402666665,-67.38819271941155,0.25858142963204683,10.382632747546115,0.0049785955301558495,141.5523851983001,0.9837051331574193,0.06510898072907541,-56.44761041527248,-94.52330296166339,1839.7402493055008,-1163.5194124277389,9.877699941386911,0.06867587875583193,654.933976340106,-355.0426222161017,9.828692232508958,0.06867587875583193,4897.4916351906995,-3592.881954889891,9.636133144636924,0.0672846125515661,79.36348852340447,-238.73045293571906,10.51877506863036,0.06867587875583193,28.8846986758464,-24.341406297139308,9.808168113845742,0.06867587875583193,65.87896983049231,18.973498530053515,0.32548586590269935,39.46799645696022,19.053624018666046,0.5611340362873486,14.01148446660894,19.09859751064329,0.2805103236939845,88.02399299992582,17.929914230660664,0.32548586590269935,6.858502843749924,18.396211609525338,0.32548586590269935,-53.97894735832609,19.217916564855297,0.32548586590269935,-160.26199923940774,19.825826820513825,0.32548586590269935,34.46440907030431,9.077815805489125,0.32548586590269935,120.33060691299858,9.146519542933813,0.5362639706129531,-154.7950159832994,9.658158086267417,0.5611340362873486
2019-05-07 07:00:00,1.7409372646207009,1.1068209056591243,0.0,1.7409372646207006,1.1068209056591243,0.0,1.6909372646207006,0.05,1.0922375723257909,0.014583333333333344,1.0,2915.591433846441,21.666666666666686,2.194934925608983,617.348070237499,1.5421555396234146,0.14878172499728626,0.15450493497927678,3384.157779086653,21923.38266775045,0.0,0.0,24.444444444444457,0.0,0.0,0.05,0.0,0.0,0.0,0.0,0.0,21434.376404107203,21.666666666666686,0.0,11.189576869872973,10.55,8.83061728816898,2616.1672498017965,538.6074531275787,-14.31233908824768,-305.1607574976471,0.0,10.493938661333333,102.44107179642955,-907.4806254367198,-580.2079483525278,-553.7997839712087,-195.32512505342675,-386.49562422220345,0.159,0.0012606768754197231,0.026896284787967992,0.0,0.3728826438871007,10.493938661333333,9.554973879917288,0.2584138458216578,10.502635892451417,0.005028308844081298,125.6262462621576,0.983717102962632,0.07237695285617768,-46.11855194602351,-32.62206516389683,4103.430347244885,-1893.7124924269813,12.993803470893845,0.06867587875583193,1398.751937229069,-591.1511131046028,13.02595818593438,0.06867587875583193,11594.112873846396,-5875.927250354577,14.671995763604407,0.0672846125515661,177.13269181185888,-254.36219444055658,12.077968416103495,0.06867587875583193,64.81979393582453,-33.165584796310846,12.15416879319518,0.06867587875583193,26.790608607437328,19.737584587383104,0.32548586590269935,12.524517793108073,19.775994741444446,0.5611340362873486,124.19793042593082,19.58060938110766,0.2805103236939845,82.9817808737009,18.681385744981306,0.32548586590269935,7.048008711639503,19.05592714652935,0.32548586590269935,-139.52745887107255,20.041426800221384,0.32548586590269935,-114.01538754073935,20.294866213507564,0.32548586590269935,57.94215449510639,10.677676742692663,0.32548586590269935,12.483979013304998,11.116808761035646,0.5362639706129531,-70.42613350840742,11.273496088031635,0.5611340362873486
2019-05-07 08:00:00,1.4322166743692024,0.916263842221721,0.0,1.4322166743692024,0.916263842221721,0.0,1.4072166743692025,0.025,0.9089721755550543,0.007291666666666672,1.0,2447.242697641405,21.666666666666686,2.2151765010921745,518.1797899572591,1.2833859427146805,0.12383073165452196,0.12553167467657056,2841.5917559441423,22674.04154910137,0.0,0.0,24.444444444444457,0.0,0.0,0.025,0.0,0.0,0.0,0.0,0.0,21434.376404107203,21.666666666666686,0.0,12.991776726962483,11.95,8.83061728816898,2258.2273988465195,476.4102469071952,-11.713373219102658,-265.52672617319575,0.0,4.949971066666667,230.44514506586933,-866.8097977942101,-412.19072107322006,-473.7656239513874,-175.58799309843658,-317.92384245796933,0.07500000000000001,0.0011806449103638672,0.026896284787967992,0.0,0.3718227805722207,4.949971066666667,83.27482953074643,0.2605480801902498,10.5425642672923,0.005070176007757015,107.84513149671992,0.9836923946938511,0.09688524311581305,-103.50328767489034,61.733744624826436,9358.776983536894,-3529.1748585149257,18.08054552736794,0.06867587875583193,3245.72313736563,-1142.3476577694391,18.41213744881551,0.06867587875583193,27499.901845882785,-11126.237199375972,23.83431125723108,0.0672846125515661,398.46682726638994,-296.6703205200361,14.002185447764656,0.06867587875583193,133.29288603055926,-50.394071903365884,15.37962801130404,0.06867587875583193,24.10630763805093,20.020656913012445,0.32548586590269935,1.6732046554881284,20.071849872452823,0.5611340362873486,174.74524386365798,19.769744423842674,0.2805103236939845,63.49606526698593,19.223782548679445,0.32548586590269935,5.770961357482508,19.469353029465214,0.32548586590269935,-177.51885180712853,20.383670838870902,0.32548586590269935,-92.27293097453676,20.47601453211004,0.32548586590269935,94.16169131622804,12.91081130969156,0.32548586590269935,-152.17900832100023,13.89223242398484,0.5362639706129531,58.017317004777944,13.533552898638979,0.5611340362873486
2019-05-07 09:00:00,1.1760192828352725,0.7596334135911565,0.0,1.1760192828352722,0.7596334135911565,0.0,1.1760192828352725,0.0,0.7596334135911565,0.0,1.0,2068.059734167699,21.666666666666686,2.240765166035756,437.89149302719017,1.072535315138243,0.10348396769702935,0.10204791651110678,2402.4672594978597,23574.01381116456,0.0,0.0,24.444444444444457,0.0,0.0,0.0,0.0,0.0,0.0,0.0,0.0,21434.376404107203,21.666666666666686,0.0,16.07116230062599,13.6,8.83061728816898,1986.0706966261903,367.7108819581439,-8.054592337537688,-219.21430711387478,0.0,2.96998264,359.746320904218,-833.6078994967108,-314.78626453297636,-399.9221320598439,-151.86312113630623,-264.95602387668293,0.045,0.0009737888864547756,0.026896284787967992,0.0,0.36908338624334,2.96998264,142.3098792699038,0.262467522339565,10.578422785478681,0.005107834396359599,93.20131619809446,0.9836701730984924,0.11360454223587882,-286.29243874803,216.11182767898376,15060.351839890234,-5870.164976213867,24.080159421791436,0.06867587875583193,5167.459148405592,-1932.8109618866943,24.855991610543526,0.06867587875583193,48241.59266409546,-20626.262174446925,36.72358844308438,0.0672846125515661,622.0438060020172,-381.17959150430613,16.007578361655735,0.06867587875583193,182.12977289445664,-69.18269223350089,18.22465847396154,0.06867587875583193,13.76377421635522,20.252492415665394,0.32548586590269935,-7.458738395789988,20.29629284413745,0.5611340362873486,211.43538593039509,19.914914948746098,0.2805103236939845,40.87678056627644,19.737568168236272,0.32548586590269935,3.7934249482112894,19.886623969288564,0.32548586590269935,-185.94498636188982,20.606183005581517,0.32548586590269935,-76.46564090355805,20.615237735723795,0.32548586590269935,156.55547491896272,16.632365917178888,0.32548586590269935,-423.56535438334174,18.47038914579648,0.5362639706129531,267.0098794643845,17.321392766816377,0.5611340362873486
2019-05-07 10:00:00,0.9807170344278202,0.6334806235772859,0.0,0.9807170344278202,0.6334806235772859,0.0,0.9807170344278202,0.0,0.6334806235772859,0.0,1.0,1746.8959963156165,21.666666666666686,2.271728167010003,369.8882016566724,0.8944118786392041,0.08630515578861607,0.08211262193103862,2030.4790421836728,24807.903831470157,0.0,0.0,24.444444444444457,0.0,0.0,0.0,0.0,0.0,0.0,0.0,0.0,21434.376404107203,21.666666666666686,0.0,19.859607905072085,15.8,8.83061728816898,1748.4593297116865,184.89753437112878,-4.2000323480022645,-158.4454857245884,0.0,2.96998264,400.9195726582223,-807.9151979676826,-253.4180811674816,-324.34071232805667,-116.88712866136233,-219.73117812230913,0.045,0.0006749107258306932,0.026896284787967992,0.0,0.36512534275605085,2.96998264,161.23886882866054,0.2639625432354645,10.60632616997712,0.005137168965598668,62.37518379174382,0.9836528650752128,0.12513963386749982,-515.1361100635975,330.1454427780539,17717.46772681146,-7110.565284878602,27.943612771579406,0.06867587875583193,5406.663336240717,-2138.0086570651442,27.504260103950845,0.06867587875583193,66608.0231041667,-29304.69854969174,47.52552328099274,0.0672846125515661,693.2372129621376,-422.7622199717129,17.93729346532581,0.06867587875583193,187.2405015600905,-75.57374579233489,20.224203551723694,0.06867587875583193,-4.281418540419084,20.465847449627105,0.32548586590269935,-16.017513022917896,20.484086428560115,0.5611340362873486,243.38539005451383,20.03283381589207,0.2805103236939845,18.21673026533334,20.213598236799168,0.32548586590269935,2.0036113661055954,20.247308082668376,0.32548586590269935,-179.5241080185156,20.76746629868876,0.32548586590269935,-63.78269210409683,20.73273552757384,0.32548586590269935,206.62899227185832,20.754345043852805,0.32548586590269935,-626.5426541000808,23.176450650800724,0.5362639706129531,419.91366182822844,21.509127969144235,0.5611340362873486
2019-05-07 11:00:00,0.8329252836179936,0.5380165833128987,0.0,0.8329252836179935,0.5380165833128986,0.0,0.8329252836179936,0.0,0.5380165833128987,0.0,1.0,1497.51994246558,21.666666666666686,2.2923783274302436,317.085252717884,0.7596417882715792,0.07328349534641429,0.06757891604675247,1741.3216998370497,25774.18116996769,0.0,0.0,24.444444444444457,0.0,0.0,0.0,0.0,0.0,0.0,0.0,0.0,21434.376404107203,21.666666666666686,0.0,23.936682147621617,17.5,8.83061728816898,1545.648166199938,-215.6623279643583,-2.212398127439852,-111.8814603306477,0.0,2.96998264,392.1413886472102,-787.4170350748905,-211.65285201247664,-248.81538277985814,-87.08925192169524,-177.03548859138374,0.045,0.0005329256784641929,0.026896284787967992,0.0,0.36324503477085734,2.96998264,159.25209955244534,0.2647243493928898,10.620524625065075,0.005152117787663183,13.881119340874802,0.9836440455605531,0.1506587501381028,-976.035296189741,443.28771550749866,17737.67373787176,-7501.123413637001,29.64514726258322,0.06867587875583193,4097.381080646028,-1818.2682180411464,26.245312770880187,0.06867587875583193,83729.89042537483,-38305.781103325244,57.613379886311364,0.0672846125515661,678.0586977843552,-445.2991379849316,19.227067716241272,0.06867587875583193,180.6425388371588,-78.98686740448152,21.54015983288775,0.06867587875583193,-27.38921033336519,20.662631231712698,0.32548586590269935,-26.93431010905333,20.648202118817004,0.5611340362873486,271.00979606243044,20.130591848120176,0.2805103236939845,3.9660675480212526,20.54888745333357,0.32548586590269935,0.23420880159315136,20.57713608899352,0.32548586590269935,-167.37388199887948,20.89124560016017,0.32548586590269935,-53.51266997074708,20.833168269791983,0.32548586590269935,269.2881078969966,25.068183552421058,0.32548586590269935,-836.1186665573831,28.111219274044778,0.5362639706129531,566.8305586603913,25.976922624961784,0.5611340362873486
2019-05-07 12:00:00,0.7239855945910381,0.46764849576624495,0.0,0.723985594591038,0.467648495766245,0.0,0.7239855945910381,0.0,0.46764849576624495,0.0,1.0,1302.7981234984966,21.666666666666686,2.294443045532641,275.8548053455393,0.6602881958435269,0.06369739874751114,0.05807788676353946,1514.9555300965249,26093.02025966728,0.0,0.0,24.444444444444457,0.0,0.0,0.0,0.0,0.0,0.0,0.0,0.0,21434.376404107203,21.666666666666686,0.0,27.001220225943936,18.05,8.83061728816898,1384.093815214837,-774.399686195263,-1.7410888388667016,-96.99937537820703,0.0,2.96998264,413.3261363045247,-769.3381542831809,-181.4068462302382,-179.76930514133286,-77.80219151788057,-134.00804074356853,0.045,0.0004778927592005624,0.026896284787967992,0.0,0.36251623381991765,2.96998264,177.066173293414,0.2645879435307615,10.617966608739835,0.005149441045793614,-14.55779386959197,0.9836456247463985,0.1703926712057698,-1521.1666546269917,470.91216308618925,18327.858902217773,-7742.275566806681,30.586456356697287,0.06867587875583193,4556.161717887944,-1980.75762282344,27.796208937316564,0.06867587875583193,80385.89726966691,-38431.04560410858,58.03108710842035,0.0672846125515661,714.6896243462332,-451.40914064698904,19.812855011188073,0.06867587875583193,201.10687102958497,-85.10970896922011,22.653364894763197,0.06867587875583193,-50.86630601350553,20.835944819508875,0.32548586590269935,-41.80883924649873,20.794979464344202,0.5611340362873486,293.50837949388807,20.213124990268863,0.2805103236939845,-0.9114548884404182,20.73465278983455,0.32548586590269935,-0.9091529695635889,20.81700374024736,0.32548586590269935,-153.80666119521737,20.988563451443177,0.32548586590269935,-45.20596518065777,20.91810421715785,0.32548586590269935,295.32501954357383,28.085538978025237,0.32548586590269935,-894.061256805736,31.291208033345235,0.5362639706129531,598.7362372621686,29.089378081535795,0.5611340362873486
2019-05-07 13:00:00,0.6146372184761584,0.3970164224395777,0.0,0.6146372184761584,0.3970164224395777,0.0,0.6146372184761584,0.0,0.3970164224395777,0.0,1.0,1106.6746611920805,21.666666666666686,2.295856609133278,234.32757365675954,0.5605597281607124,0.054077490315445974,0.04873457811069705,1286.9247445333942,26414.12114964829,0.0,0.0,24.444444444444457,0.0,0.0,0.0,0.0,0.0,0.0,0.0,0.0,21398.672336401185,21.666666666666686,0.0,27.98010892260921,18.6,8.83061728816898,1222.6868972309662,-1031.9787208962873,-1.2939838793885123,-82.10513981380691,0.0,2.96998264,432.91137627758127,-750.9525819668326,-150.47564739754017,-115.54810658471094,-68.99303921342522,-86.5010268454117,0.045,0.0004256137355576478,0.026896284787967992,0.0,0.3618239027087398,2.96998264,196.44137709208096,0.2642988777713731,10.61259049587081,0.005143768689068943,-18.863755694084592,0.9836489712928628,0.17350052796741458,-1619.5019561310837,353.195661578037,18956.730300884676,-7967.686463972688,31.712695201947387,0.06867587875583193,6034.24910427036,-2524.9854249903906,32.05874615485252,0.06867587875583193,68889.26158106941,-32605.723323953687,52.49285148687337,0.0672846125515661,748.5548135264352,-443.4476077268889,20.458312997689347,0.06867587875583193,197.01511274409788,-83.3459182563969,23.207270124905328,0.06867587875583193,-70.85814155599837,21.003435106105915,0.32548586590269935,-59.890990298397085,20.949310203405663,0.5611340362873486,316.3214507795601,20.29728509715167,0.2805103236939845,-6.588160177580403,20.932947489910728,0.32548586590269935,-1.9706200462869294,21.050040140567564,0.32548586590269935,-140.2304176095376,21.087994654972135,0.32548586590269935,-36.78312109176041,21.00469205213926,0.32548586590269935,209.2071717103418,28.831583560833387,0.32548586590269935,-662.8134786006755,31.137168797680452,0.5362639706129531,453.6063068903402,29.49181269908064,0.5611340362873486
2019-05-07 14:00:00,0.5087391367929462,0.32861301914857777,0.0,0.5087391367929462,0.32861301914857777,0.0,0.5087391367929462,0.0,0.32861301914857777,0.0,1.0,917.3479127641178,21.666666666666686,2.299554502932594,194.23947988974402,0.4639783407275038,0.04476079606544239,0.03968080377117877,1066.8265965884193,26915.028658986725,0.0,0.0,24.444444444444457,0.0,0.0,0.0,0.0,0.0,0.0,0.0,0.0,21293.278495084003,21.666666666666686,0.0,28.14387839281618,19.45,8.83061728816898,1075.5376316885258,-1069.7546465033397,-1.261849804912986,-59.1799145486876,0.0,2.96998264,466.80914903096374,-734.0844995182769,-124.31362163434434,-61.473104111254706,-55.70265595774888,-44.1693433919163,0.045,0.0006170476407285214,0.026896284787967992,0.0,0.3643590619188532,2.96998264,215.66150063800876,0.2639907927233202,10.606863025664776,0.0051377232218211165,-0.06670243973520613,0.9836525380277483,0.1852426258553895,-1592.7796882023201,328.7855618092364,20216.33599599679,-8502.041153842023,33.273680837737345,0.06867587875583193,7657.2669182472255,-3157.2710378786164,36.51224290097404,0.06867587875583193,67318.08920743733,-32099.281673622805,52.025750441266844,0.0672846125515661,807.1680594534718,-465.4570813770728,21.318154019712725,0.06867587875583193,178.96265957672156,-80.01830152070674,23.426560660705057,0.06867587875583193,-86.78149921349602,21.14952059411981,0.32548586590269935,-75.78361310102494,21.087524867378058,0.5611340362873486,336.68401569321543,20.37344704479167,0.2805103236939845,-15.756057045942255,21.164685509335285,0.32548586590269935,-2.3066889717837777,21.195476455408336,0.32548586590269935,-126.70307915866651,21.17532509299613,0.32548586590269935,-29.353078202296395,21.083389989850364,0.32548586590269935,155.85450907758016,29.37660254598696,0.32548586590269935,-592.4725772930993,31.227678895632444,0.5362639706129531,436.6180682155238,29.710278969228025,0.5611340362873486
2019-05-07 15:00:00,0.42278426726781093,0.27309165831277343,0.0,0.422784267267811,0.2730916583127735,0.0,0.42278426726781093,0.0,0.27309165831277343,0.0,1.0,762.8541557455374,21.666666666666686,2.3008543001268955,161.5269325650543,0.3855875231078521,0.037196744159958876,0.032568845418324464,887.1843441506328,27240.276182817008,0.0,0.0,24.444444444444457,0.0,0.0,0.0,0.0,0.0,0.0,0.0,0.0,21223.588721472843,21.666666666666686,0.0,28.43385037433576,20.0,8.83061728816898,939.903351541448,-1034.6527136528384,-0.8661800376482085,-44.392477599144655,0.0,2.96998264,459.9501852305528,-719.2266765087336,-97.16474416139873,-9.094134668369453,-45.13008574632113,-5.124887688288664,0.045,0.0005249844559001345,0.026896284787967992,0.0,0.36313986916027824,2.96998264,219.33787079270357,0.2641746021098515,10.610269754899113,0.005141330047922809,-6.455944080483428,0.9836504100460258,0.1797570193029376,-1499.919806011607,303.74015979371444,19063.366279785205,-8280.569973700463,33.19534381876238,0.06867587875583193,8306.313665492653,-3480.8130342459776,38.834462853807246,0.06867587875583193,56020.6072926775,-28091.64897277635,47.47829686699543,0.0672846125515661,795.3081023122458,-465.949288356456,21.735018916777918,0.06867587875583193,167.54763434849193,-78.11675800701121,23.635910959582908,0.06867587875583193,-103.44646094767837,21.28729721955601,0.32548586590269935,-90.72762571367626,21.214169432718055,0.5611340362873486,355.3727478044293,20.44263215148267,0.2805103236939845,-18.80648870146391,21.30576618071947,0.32548586590269935,-2.781695397458971,21.34530870891953,0.32548586590269935,-116.71854589035162,21.25893647341918,0.32548586590269935,-22.891931153799547,21.156446678266157,0.32548586590269935,103.03822991400878,29.956842430664565,0.32548586590269935,-521.5151381332031,31.35775537368909,0.5362639706129531,418.4769082192014,29.97154810081308,0.5611340362873486
2019-05-07 16:00:00,0.4143672321599139,0.26765479073360127,0.0,0.4143672321599139,0.26765479073360127,0.0,0.4143672321599139,0.0,0.26765479073360127,0.0,1.0,746.7014040975963,21.666666666666686,2.2978362370874437,158.10674483123097,0.3779118158055939,0.03645541635431997,0.0320962294807735,868.3527325745074,27062.354397027437,0.0,0.0,24.444444444444457,0.0,0.0,0.0,0.0,0.0,0.0,0.0,0.0,21261.729880537303,21.666666666666686,0.0,27.98366702472161,19.7,8.83061728816898,884.0144628650071,-989.3306676753139,-0.4849261084350821,-52.46548929378627,0.0,3.563979167999999,364.0287232295505,-715.4574972554498,-89.64172604064599,22.460018714900666,-45.182042936058174,16.811105941419918,0.053999999999999986,0.0002499746551923466,0.026896284787967992,0.0,0.3594979143638513,3.563979167999999,186.69949500163204,0.26370987676886004,10.6016139666773,0.005132210999496637,-23.376477238125858,0.9836557902230137,0.15875838417761032,-1304.4868437175921,157.04943121104716,14333.259907593474,-6536.803120354723,29.583507027498037,0.06867587875583193,6993.500643132621,-3023.585330566599,35.920618038537356,0.06867587875583193,36227.0271454155,-19605.510834247514,37.10124939754439,0.0672846125515661,629.4485845542653,-417.8642652623302,20.9712977040381,0.06867587875583193,134.479076588502,-68.4118223091772,22.524912107031955,0.06867587875583193,-118.22735437470644,21.356132997160596,0.32548586590269935,-102.34969357359272,21.27029968688704,0.5611340362873486,362.9975878587269,20.465798096326584,0.2805103236939845,-6.752849654170889,21.182967317326025,0.32548586590269935,-2.759808172780589,21.37912043239735,0.32548586590269935,-111.06101947282792,21.28529745490397,0.32548586590269935,-21.846862610646593,21.18808212793041,0.32548586590269935,4.648041327336281,29.08092106210121,0.32548586590269935,-238.97808915284065,29.44949059127321,0.5362639706129531,234.33004782551095,28.73761510421537,0.5611340362873486
2019-05-07 17:00:00,0.4250993274613375,0.27458703947118246,0.0,0.42509932746133744,0.27458703947118246,0.0,0.4250993274613375,0.0,0.27458703947118246,0.0,1.0,764.552183225543,21.666666666666686,2.2931530390328834,161.8864733346637,0.38769976158004305,0.037399565881294436,0.03325556982633476,889.0390906789122,26737.10687319715,0.0,0.0,24.444444444444457,0.0,0.0,0.0,0.0,0.0,0.0,0.0,0.0,21331.41965414846,21.666666666666686,0.0,26.266434311480204,19.15,8.83061728816898,872.8402713227752,-890.5651956195754,-0.8805958756998595,-67.25292624332921,0.0,6.533961808,320.33864471928854,-714.0124930787038,-91.88869447124164,33.764742107792,-51.24662168443307,28.060139594640294,0.099,0.0003420378400207334,0.026896284787967992,0.0,0.3607171071224263,6.533961808,169.8876484082613,0.26343150751570316,10.596405401086749,0.005126748830190602,-14.558417754072902,0.9836590129348349,0.15322274786558512,-1082.7045223307966,30.252853376557532,12921.303846630324,-5969.404737949232,27.79368437700033,0.06867587875583193,6291.805739917619,-2733.4743808989183,33.5354661710407,0.06867587875583193,21141.48612332255,-13544.609871352883,28.063393061029988,0.0672846125515661,553.9032873772409,-412.0001892523354,20.204577166459966,0.06867587875583193,170.069991998873,-79.28044637904833,22.956933011273588,0.06867587875583193,-124.89517914764171,21.3765139109171,0.32548586590269935,-110.28434087299587,21.28957836089535,0.5611340362873486,363.50141747133637,20.470588640351725,0.2805103236939845,4.455849556361621,21.040693889038383,0.32548586590269935,-2.630373875613115,21.371376795490765,0.32548586590269935,-107.01324872475283,21.283947386988203,0.32548586590269935,-23.134124406694717,21.199250636365925,0.32548586590269935,-72.16864915419401,27.079452629846557,0.32548586590269935,0.0503685675583256,26.590115293882512,0.5362639706129531,72.11828058664177,26.473513316352147,0.5611340362873486
2019-05-07 18:00:00,0.4866693256127963,0.3143573294258116,0.0,0.4866693256127963,0.3143573294258117,0.0,0.4866693256127963,0.0,0.3143573294258116,0.0,1.0,869.675066682645,21.666666666666686,2.2792150167324086,184.14521936014043,0.44385851961288314,0.042810805999913146,0.039097415415094955,1011.0094800428724,25951.72598904369,0.0,0.0,24.444444444444457,0.0,0.0,0.0,0.0,0.0,0.0,0.0,0.0,21398.672336401185,21.666666666666686,0.0,23.901413963941824,17.8,8.83061728816898,904.9563953709427,-843.0512504203598,-2.546328553930243,-103.99419001148036,0.0,10.691937504,225.53198962478785,-717.7572487139066,-98.43149429249992,32.387291525924624,-67.38287447333876,31.623702809493516,0.162,0.0006103279520069307,0.026896284787967992,0.0,0.36427007308097503,10.691937504,131.12990974970825,0.26328813719781385,10.59624869852088,0.005120947730084356,-13.149402876172,0.9842318215488709,0.15646996009311137,-958.469696193189,-68.72677358731136,9126.544080544703,-4918.478002800924,24.154634531647833,0.06867587875583193,4240.510454090623,-2137.2592547183103,28.25773532756131,0.06867587875583193,8259.568125525138,-8797.3564789709,19.445898490164804,0.0672846125515661,389.9714022058414,-394.12143908266137,18.5016690280777,0.06867587875583193,161.6195727127584,-81.10986186985666,21.706164343692716,0.06867587875583193,-129.1407730420707,21.358351863802852,0.32548586590269935,-117.45126664591007,21.274327746734002,0.5611340362873486,357.7210640251645,20.452803851373645,0.2805103236939845,28.152283166587857,20.699063138420136,0.32548586590269935,-2.663568793688207,21.347227593696996,0.32548586590269935,-109.39793490515403,21.260462083468475,0.32548586590269935,-27.219803804930475,21.189239264034757,0.32548586590269935,-132.6594937440231,24.604197486377235,0.32548586590269935,186.97218795391552,23.399953253054786,0.5362639706129531,-54.312694209886466,23.773872032732893,0.5611340362873486
2019-05-07 19:00:00,0.6461751163840772,0.41738789201916066,0.0,0.6461751163840772,0.41738789201916066,0.0,0.6461751163840772,0.0,0.41738789201916066,0.0,1.0,1141.484885166805,21.666666666666686,2.2522821570784703,241.698299316692,0.5893373266554719,0.05683778972860523,0.05394537388437411,1326.3453947548917,24664.347760565146,0.0,0.0,24.444444444444457,0.0,0.0,0.0,0.0,0.0,0.0,0.0,0.0,21434.376404107203,21.666666666666686,0.0,20.818266109170622,15.55,8.83061728816898,1041.461327432118,-824.9709545632195,-7.8103426273698355,-165.57341686488556,0.0,10.691937504,50.917330242233604,-734.7879894535195,-129.93309996308113,-1.8943447608832829,-96.22305327507105,12.818057044030846,0.162,0.0011900530054274466,0.026896284787967992,0.0,0.37194737197534106,10.691937504,62.66826425356852,0.26374225377792315,10.609914075012407,0.0051236657638833345,65.67750812771584,0.9854082513629187,0.17136580774320553,-916.2286968214854,-150.44055705842598,2000.0562526114038,-2200.765898818591,16.524880315254077,0.06867587875583193,872.035725632548,-843.6814299263804,17.71175647275517,0.06867587875583193,692.4746033232747,-5179.491664919212,13.00477178771442,0.0672846125515661,88.04206757620587,-306.5472783884538,15.66127122253163,0.06867587875583193,46.47556594176923,-47.34543976833912,16.542077300455855,0.06867587875583193,-127.06400778548729,21.244620924893926,0.32548586590269935,-119.78054623172551,21.169125101253282,0.5611340362873486,337.4997977679147,20.377810305925568,0.2805103236939845,65.73166352541226,20.089430098220724,0.32548586590269935,-1.2703640267081502,21.093975249463917,0.32548586590269935,-117.18130964896918,21.16464702073788,0.32548586590269935,-37.93523360043661,21.126131781989276,0.32548586590269935,-152.62283237501381,21.275983682916316,0.32548586590269935,322.38047831884785,19.675411340774044,0.5362639706129531,-169.75764594382937,20.474411109986512,0.5611340362873486
2019-05-07 20:00:00,0.7915668027794094,0.5113016438226091,0.0,0.7915668027794095,0.511301643822609,0.0,0.7915668027794094,0.0,0.5113016438226091,0.0,1.0,1380.9472690237005,21.666666666666686,2.2222409279477753,292.40212525484696,0.7219374571257448,0.06962934565366467,0.06811697174576722,1603.7200486248828,23574.01381116456,0.0,0.0,24.444444444444457,0.0,0.0,0.0,0.0,0.0,0.0,0.0,0.0,21434.376404107203,21.666666666666686,0.0,17.747208103313692,13.6,8.83061728816898,1199.2014465725044,-581.3307446834026,-12.056064334265624,-219.70889412157462,0.0,10.691937504,0.0,-749.0719626661235,-163.65817351536296,-57.48730781470647,-125.65726812479674,-13.256657244389917,0.162,0.0014876685925527039,0.026896284787967992,0.0,0.37588869520175927,10.691937504,39.327198500644386,0.26628603975010234,10.662445747932557,0.005167262257213817,133.43576045184616,0.986560488841872,0.16863716987450178,-706.972793574697,-166.7600763635526,0.0,-1330.4753683075483,12.832467351651628,0.06867587875583193,0.0,-466.8787323985956,13.25487285653268,0.06867587875583193,0.0,-4462.257317588821,10.591244822947772,0.0672846125515661,0.0,-285.74690225104473,13.718880911546242,0.06867587875583193,0.0,-32.74356308146062,13.303896295438333,0.06867587875583193,-112.6304306948287,21.095666866289193,0.32548586590269935,-117.55438757391724,21.048290236771532,0.5611340362873486,313.3101089704162,20.301938312581914,0.2805103236939845,90.12794174716073,19.645028663590015,0.32548586590269935,1.1195763942654366,20.72894735263274,0.32548586590269935,-125.51928593003103,21.0620360136871,0.32548586590269935,-48.853522913065234,21.056196407452614,0.32548586590269935,-122.89462306341859,18.06351338673376,0.32548586590269935,328.15765996769295,16.623355122256285,0.5362639706129531,-205.26303690426914,17.519963372495532,0.5611340362873486
2019-05-07 21:00:00,0.9310957594487493,0.5925717082754204,0.0,0.9310957594487493,0.5925717082754204,0.0,0.9060957594487493,0.025,0.5852800416087536,0.007291666666666672,1.0,1564.5343752603228,21.666666666666686,2.1980909404390148,331.2749057274332,0.8263878506505588,0.07970790879819052,0.07958341656306916,1816.1013721895654,22834.897023676567,0.0,0.0,24.444444444444457,0.0,0.0,0.025,0.0,0.0,0.0,0.0,0.0,21434.376404107203,21.666666666666686,0.0,15.612588133509076,12.25,8.83061728816898,1336.0497767835557,-268.4782005594418,-11.526606208711177,-257.8967728747046,0.0,12.077929402666665,0.0,-759.8131305969436,-188.1049873620599,-116.3718558573527,-146.63519707052566,-38.76818371911657,0.183,0.0012118762466865086,0.026896284787967992,0.0,0.37223637715978347,12.077929402666665,28.860851203981976,0.26878192992914013,10.711400100578754,0.005212865324460999,112.34407493344906,0.9871421320158382,0.12554923726664988,-427.24059175903005,-172.51251452784493,0.0,-1457.948503676417,11.220639718738125,0.06867587875583193,0.0,-485.4198164345062,11.484427752891758,0.06867587875583193,0.0,-4974.407066787566,8.575035775942165,0.0672846125515661,0.0,-327.2514562462375,12.41207491109087,0.06867587875583193,0.0,-36.40091987155783,11.8052076384475,0.06867587875583193,-92.89337872256147,20.950735727866796,0.32548586590269935,-113.27811533847428,20.939809731530538,0.5611340362873486,291.2790728176129,20.238411975422544,0.2805103236939845,105.84882491466577,19.33145367886835,0.32548586590269935,3.1575950687860486,20.41538841230232,0.32548586590269935,-135.91306397674077,20.978907651727518,0.32548586590269935,-58.20093476328948,20.995466880304225,0.32548586590269935,-89.92378573391365,15.660876776325487,0.32548586590269935,316.0071516086009,14.457096695116201,0.5362639706129531,-226.08336587468207,15.392222653637935,0.5611340362873486
2019-05-07 22:00:00,1.063070516159141,0.6689622415967938,0.0,1.063070516159141,0.6689622415967937,0.0,1.013070516159141,0.05,0.6543789082634603,0.014583333333333344,1.0,1732.9587081880736,21.666666666666686,2.1767179106094208,366.9371167309867,0.9239534478602811,0.08911706829885989,0.09045509663193746,2010.7787566202003,22242.831816619422,0.0,0.0,24.444444444444457,0.0,0.0,0.05,0.0,0.0,0.0,0.0,0.0,21434.376404107203,21.666666666666686,0.0,14.081727987573508,11.15,8.83061728816898,1462.408081785175,-143.66693859981615,-13.270507153595911,-289.1404101003188,0.0,12.077929402666665,0.0,-769.7941696554633,-208.14361579948473,-172.89553230105395,-163.9384517462628,-65.68335577577446,0.183,0.001225046013799365,0.026896284787967992,0.0,0.3724107843859298,12.077929402666665,19.78236144834938,0.2707151188926051,10.74728068199531,0.005250674879370287,107.78363671787375,0.9871197512720747,0.10935429416032577,-331.20403425139455,-179.40002107940833,0.0,-1548.2245716056427,9.97503385123364,0.06867587875583193,0.0,-496.66210343279675,10.108070488815049,0.06867587875583193,0.0,-5284.61655812737,7.0154197514432814,0.0672846125515661,0.0,-355.46422224247067,11.372215240407288,0.06867587875583193,0.0,-38.72634586760044,10.611979253963503,0.06867587875583193,-73.03878857646899,20.813157936408775,0.32548586590269935,-106.6963366924209,20.835048981841684,0.5611340362873486,271.0072923810429,20.179661200380398,0.2805103236939845,117.96098289556417,19.07346374425024,0.32548586590269935,4.738557822038339,20.156469170573367,0.32548586590269935,-147.24652659543256,20.905154235055207,0.32548586590269935,-66.72518123431941,20.93896339022588,0.32548586590269935,-67.12890258874,13.877015644152147,0.32548586590269935,311.9811739366368,12.835083311281174,0.5362639706129531,-244.852271347892,13.814232875628996,0.5611340362873486
2019-05-07 23:00:00,0.05,0.014583333333333344,0.0,0.05,0.014583333333333344,0.0,0.0,0.05,0.0,0.014583333333333344,1.0,0.0,18.33333333333337,0.0,0.0,0.0,0.0,0.0,0.0,21720.855797505,0.0,0.0,24.444444444444457,0.0,0.0,0.05,0.0,0.0,0.0,0.0,0.0,21434.376404107203,20.71119681380406,0.0,12.280069055195591,10.0,8.83061728816898,-264.0642051062483,-427.57890042470257,-14.901173789364034,-295.72438490726165,-0.8099186567121148,12.077929402666665,0.0,-592.2239162509273,40.35582142621418,-65.82360251580155,-160.52293596025982,43.12492601415848,0.183,0.0013539879387620556,0.026896284787967992,7.216779984402809e-05,0.37507408047567964,12.077929402666665,35.293342844422796,0.28941086588670584,10.414682087105035,0.005291046819596472,98.25582869256944,0.9903079234045387,0.11161652656867067,-261.66456465694347,-165.91433576775913,0.0,-1538.4937334312117,8.852427153001507,0.06867587875583193,0.0,-482.18730532269353,8.893964753794116,0.06867587875583193,0.0,-5221.004349336103,5.878212364450125,0.0672846125515661,0.0,-353.7871899558268,10.265286809405808,0.06867587875583193,0.0,-38.52672093199362,9.498017223024853,0.06867587875583193,-62.879857466255814,20.306093611776305,0.32548586590269935,-121.23785999014775,20.376162837494082,0.5611340362873486,273.1196260736252,19.688515398144034,0.2805103236939845,133.33443097867502,18.371736383945624,0.32548586590269935,6.417837133767767,19.4922872069405,0.32548586590269935,-174.952532134878,20.469452869405977,0.32548586590269935,-53.801644594784676,20.399122095329517,0.32548586590269935,-52.85618940652603,12.22091603509639,0.32548586590269935,282.70954146054595,11.323770528408128,0.5362639706129531,-229.85335205401412,12.240589850428105,0.5611340362873486
2019-05-08 00:00:00,0.05,0.014583333333333344,0.0,0.05,0.014583333333333344,0.0,0.0,0.05,0.0,0.014583333333333344,1.0,0.0,18.33333333333337,0.0,0.0,0.0,0.0,0.0,0.0,21232.546676701353,0.0,0.0,24.444444444444457,0.0,0.0,0.05,0.0,0.0,0.0,0.0,0.0,21434.376404107203,19.506229484806813,0.0,10.618360675375552,8.85,8.83061728816898,-267.9873650239831,-342.06996994125063,-13.828281831529333,-295.46110912217233,0.0,12.077929402666665,0.0,-401.090963801744,206.73848417061063,-13.340898208095473,-154.68662756154478,117.49567604515232,0.183,0.0012572740592841324,0.026896284787967992,0.0,0.37283758039294707,12.077929402666665,29.224096527051884,0.3131985850831679,9.96361221833984,0.005319722956007319,61.33710782616995,0.9937925155400885,0.10006794419983431,-183.474108850772,-158.59586109047865,0.0,-1546.2935434093026,7.700006980146852,0.06867587875583193,0.0,-476.6750768812056,7.6767827523586725,0.06867587875583193,0.0,-5223.429321399397,4.6586820341769,0.0672846125515661,0.0,-353.4725906629238,9.106002085215943,0.06867587875583193,0.0,-38.73332070526987,8.3582060866082,0.06867587875583193,-33.92966611609918,19.388419235676587,0.32548586590269935,-123.70988640844783,19.528810813017067,0.5611340362873486,234.19277491901474,18.899571596592473,0.2805103236939845,142.3154279768856,17.379374394271597,0.32548586590269935,7.348330305449518,18.534137183512613,0.32548586590269935,-170.48788193068043,19.61074712852066,0.32548586590269935,-55.72909874612463,19.556213654682463,0.32548586590269935,-44.714014727570124,10.673104596028743,0.32548586590269935,266.57412357033354,9.854594606609318,0.5362639706129531,-221.86010884275942,10.742711206287847,0.5611340362873486
2019-05-08 01:00:00,0.058577549260088804,0.020123882812231843,0.0,0.058577549260088804,0.020123882812231843,0.0,0.008577549260088801,0.05,0.0055405494788985,0.014583333333333344,1.0,14.953574150218989,18.33333333333337,0.11077204274126749,3.166273586080666,0.007820671627970628,0.0007568776321181756,0.0008348479494416685,17.362970104181482,20894.226605232863,0.0,0.0,24.444444444444457,0.0,0.0,0.05,0.0,0.0,0.0,0.0,0.0,21434.376404107203,18.677294774238316,0.0,9.292988450346398,8.05,8.83061728816898,-270.99015408630504,-265.2172143700081,-13.413777445061806,-295.51536389159884,0.0,12.077929402666665,0.0,-290.7564445296261,227.58162716248086,-25.434320192336017,-153.15075975270594,122.76654368014917,0.183,0.0012208879554470467,0.026896284787967992,0.0,0.37235571921908456,12.077929402666665,10.907483697469907,0.33060332330830927,9.64366936978775,0.005336109885236115,28.95886310352353,0.995990943277971,0.08774854624989344,-113.36973185823678,-155.013756097852,0.0,-1537.875144014175,6.836682430939935,0.06867587875583193,0.0,-468.11555419327686,6.763813040778194,0.06867587875583193,0.0,-5204.159926417394,3.701333027290905,0.0672846125515661,0.0,-354.4715143888563,8.292124615802605,0.06867587875583193,0.0,-38.7249937599104,7.521620529427187,0.06867587875583193,-8.578162773600829,18.598912282405703,0.32548586590269935,-112.40140845543114,18.778112054336393,0.5611340362873486,180.87572546653524,18.258797327417298,0.2805103236939845,144.4667311730504,16.602624744921496,0.32548586590269935,7.964398255815633,17.7299193668533,0.32548586590269935,-145.41246448885795,18.836386160973053,0.32548586590269935,-66.91481917751103,18.875044834469296,0.32548586590269935,-37.165516555752006,9.357746325298042,0.32548586590269935,256.4289570997086,8.607126871665525,0.5362639706129531,-219.2634405439523,9.484286615580478,0.5611340362873486
2019-05-08 02:00:00,0.4631209595785421,0.28143311150543127,0.0,0.4631209595785421,0.28143311150543127,0.0,0.4131209595785421,0.05,0.26684977817209793,0.014583333333333344,1.0,717.3163614257453,18.33333333333337,2.212533258207195,151.88474843738737,0.3767790381388713,0.03634192143967081,0.04069897000694732,832.8591884234619,20517.67137154756,0.0,0.0,24.444444444444457,0.0,0.0,0.05,0.0,0.0,0.0,0.0,0.0,21434.376404107203,18.33333333333337,0.0,8.422777763698319,7.25,8.83061728816898,392.8217463842406,-100.85951948665029,-14.402194756914298,-309.1605078114701,0.0,12.077929402666665,0.0,-273.5577376569105,130.40005841513636,-99.5988002027739,-162.1235205869154,66.19172095944262,0.183,0.0012491986346394868,0.026896284787967992,0.0,0.372730637544212,12.077929402666665,-13.009841875786881,0.3381992292720916,9.512322351092696,0.005342945774321731,20.112557650132487,0.997161631983149,0.08094154386939938,-100.98616878382016,-151.7580991402175,0.0,-1538.9321704187932,6.0659634099403545,0.06867587875583193,0.0,-462.7987829562505,5.945122633811573,0.06867587875583193,0.0,-5194.23838117102,2.9439674998491197,0.0672846125515661,0.0,-356.61144575318724,7.563201688536554,0.06867587875583193,0.0,-38.49727924191453,6.726322735064219,0.06867587875583193,13.778390176955932,18.048810879806037,0.32548586590269935,-90.92678724031491,18.241992853865987,0.5611340362873486,124.74476796606044,17.858240228107537,0.2805103236939845,145.27957522282742,16.081957707107033,0.32548586590269935,8.257688629024955,17.194949606902348,0.32548586590269935,-116.54055460305803,18.287471942472543,0.32548586590269935,-84.59308015149517,18.455896576359894,0.32548586590269935,-28.373511247563723,8.401742885693128,0.32548586590269935,245.99009807827449,7.734276071057978,0.5362639706129531,-217.61658683070453,8.59807344847236,0.5611340362873486
2019-05-08 03:00:00,0.651827554820659,0.403325530450583,0.0,0.651827554820659,0.403325530450583,0.0,0.601827554820659,0.05,0.38874219711724967,0.014583333333333344,1.0,1043.2947290108823,18.33333333333337,2.206666643145067,220.90749072963047,0.5488754868041666,0.052952068016492326,0.059851544054985335,1211.2501517240205,20237.57566907966,0.0,0.0,24.444444444444457,0.0,0.0,0.05,0.0,0.0,0.0,0.0,0.0,21434.376404107203,18.33333333333337,0.0,7.734035971021254,6.7,8.83061728816898,683.6106527433494,-25.530750839139206,-16.371352579703906,-325.0583060169768,0.0,12.077929402666665,0.0,-307.6558728003967,15.989383736326753,-179.15402513014578,-174.08842444823821,-5.008085710533688,0.183,0.0013546140898333288,0.026896284787967992,0.0,0.3741266544195112,12.077929402666665,-30.33234707351879,0.33876753752909644,9.521300462975285,0.005352001298539105,26.61140425947563,0.9971562188889748,0.08490838071926261,-90.77027069027316,-155.6679708784965,0.0,-1497.1631355052928,5.453206447040598,0.06867587875583193,0.0,-447.958986756238,5.315659495143497,0.06867587875583193,0.0,-5083.740601330556,2.3072197026894736,0.0672846125515661,0.0,-358.165064369517,7.091458643329634,0.06867587875583193,0.0,-37.94668244045622,6.159917167964632,0.06867587875583193,27.119683653287332,17.798983371605186,0.32548586590269935,-69.12810792650416,17.984434883514563,0.5611340362873486,86.77125936545308,17.706436319613523,0.2805103236939845,145.59430512978275,15.85394111642389,0.32548586590269935,8.710172224744756,16.924951562660418,0.32548586590269935,-101.04122492315098,18.041249349630924,0.32548586590269935,-98.02608752361199,18.29723175399226,0.32548586590269935,-23.293579364866705,7.582465627944401,0.32548586590269935,248.6624776764785,6.94654455272962,0.5362639706129531,-225.36889831160732,7.8376564084749,0.5611340362873486
2019-05-08 04:00:00,0.7640176347104906,0.4757931630835376,0.0,0.7640176347104904,0.47579316308353764,0.0,0.7140176347104905,0.05,0.46120982975020425,0.014583333333333344,1.0,1235.9462410760857,18.33333333333337,2.2036727968610204,261.69957079308614,0.6512029872709832,0.06281464743950721,0.07145852182287155,1434.8311644296643,20086.543949769173,0.0,0.0,24.444444444444457,0.0,0.0,0.05,0.0,0.0,0.0,0.0,0.0,21434.376404107203,18.33333333333337,0.0,7.252829983903144,6.4,8.83061728816898,857.8671657084175,41.17127034123495,-17.319129120730448,-333.8122145565681,0.0,12.077929402666665,1.2758655593639696,-330.736031140399,-41.191960852473564,-230.05195716599275,-180.4639773749595,-51.74389956760624,0.183,0.0013952371988641841,0.026896284787967992,0.0,0.374664626253242,12.077929402666665,-39.025661093036256,0.33935999597938477,9.53065026092915,0.0053614419081442115,25.438419940065575,0.997150575765993,0.08224733457598807,-72.40782389787583,-148.12047655397538,50.39296607692032,-1502.8305378313974,5.199442254359924,0.06867587875583193,22.910491893786862,-447.8598563327381,5.045813964921292,0.06867587875583193,20.2773341676127,-5068.343812652932,2.059066689265072,0.0672846125515661,2.2061219875684652,-359.61826805099116,6.8496997119306,0.06867587875583193,1.1459518874202081,-37.84641050668418,5.881096319316538,0.06867587875583193,37.26778390736902,17.64493384720978,0.32548586590269935,-52.87361243845517,17.82499382174031,0.5611340362873486,66.00243642848412,17.61273574682149,0.2805103236939845,145.2238944868236,15.725719677630122,0.32548586590269935,9.048665315922099,16.756443753411187,0.32548586590269935,-100.36828518753985,17.9096734093855,0.32548586590269935,-104.30088251260577,18.195071120198012,0.32548586590269935,-15.29906974611907,7.0448806946405265,0.32548586590269935,232.27598196508396,6.501431576510407,0.5362639706129531,-216.9769122189612,7.350915304188794,0.5611340362873486
2019-05-08 05:00:00,0.7626500370347531,0.4749097822529657,0.0,0.7626500370347531,0.47490978225296565,0.0,0.7126500370347532,0.05,0.4603264489196323,0.014583333333333344,1.0,1248.6544896567634,18.33333333333337,2.2350763047690507,264.390418573164,0.6499214509016225,0.06272858613313066,0.07050972173583282,1450.3163220967967,20650.881988554254,0.0,0.0,24.444444444444457,0.0,0.0,0.05,0.0,0.0,0.0,0.0,0.0,21434.376404107203,18.33333333333337,0.0,6.976529798136031,7.5,8.83061728816898,936.602399022338,199.94640207932716,-14.278741663840133,-302.0015441896463,0.0,12.077929402666665,89.76873970019508,-342.0104829545879,-67.79607181367976,-264.0898694051282,-169.33417495808544,-83.71221187435636,0.183,0.0012511986322335383,0.026896284787967992,0.0,0.37275712351239115,12.077929402666665,-7.849734183605524,0.3399649447558782,9.540157344427794,0.005371081847901951,32.459361659107664,0.9971448136735765,0.0888614888703072,65.77134959545211,-130.21536608928898,3647.2435369820596,-2292.4190194554308,8.411798589957801,0.06867587875583193,1774.9487546292107,-836.8871962746128,9.374691649464854,0.06867587875583193,3555.647334254701,-5613.267995917561,4.546968302293213,0.0672846125515661,155.22073544146426,-373.05042770432925,8.279816057680723,0.06867587875583193,58.8634020481438,-47.4564089922988,8.240079494610503,0.06867587875583193,49.95104650463618,17.55957856022363,0.32548586590269935,-36.54536973852131,17.739801203237185,0.5611340362873486,58.45703778991944,17.57005415230681,0.2805103236939845,123.35795041210602,15.97255180508618,0.32548586590269935,9.117834561076235,16.69227419904758,0.32548586590269935,-99.89154768426718,17.852820874280972,0.32548586590269935,-104.44695184495146,18.139881724452593,0.32548586590269935,-6.171634678389334,6.787135555601706,0.32548586590269935,199.6073251192532,6.376836722988163,0.5362639706129531,-193.43569044086107,7.122658221108421,0.5611340362873486
2019-05-08 06:00:00,3.701414908554933,2.373164363345022,0.0,3.701414908554933,2.373164363345022,0.0,3.651414908554933,0.05,2.358581030011689,0.014583333333333344,1.0,5703.339392826592,21.666666666666686,2.173210921207956,1207.6265306576038,2.415462488458614,0.2370522957409223,0.2619844982180091,6673.9136277432735,21947.28614362346,0.9989001243553962,0.0,24.444444444444457,0.0,0.0,0.05,0.0,0.0,0.0,0.0,0.0,21434.376404107203,21.499781489525674,-0.07697834783798249,9.541879194552928,10.55,8.83061728816898,5392.951519001992,1295.0053599695639,-15.926664355226148,-301.9595191503092,0.0,12.077929402666665,248.45013646705874,-942.2249662467881,-881.2262714380072,-742.9414237354506,-201.24644204013063,-516.2674722765781,0.183,0.0014009364489505163,0.026896284787967992,0.0,0.3747401014222524,12.077929402666665,-4.579619721731463,0.28031637259859593,10.79771161878765,0.005384764641434165,37.75141390240329,0.9864252327030006,0.1031900313267115,130.75758893048146,-43.378759618521464,9932.340396936544,-4266.531016856553,16.154294281109674,0.06867587875583193,5265.433621536898,-1916.7932016334964,20.448310742260272,0.06867587875583193,17544.260782738693,-9873.032933532744,14.760327570126922,0.0672846125515661,429.5995803410529,-437.7437617602606,12.24158949185437,0.06867587875583193,109.10459391576475,-58.523641849424216,12.541926676141625,0.06867587875583193,72.8784132599921,19.00357280107148,0.32548586590269935,45.70887026248517,19.08858258163416,0.5611340362873486,19.433155830703132,19.135035270174228,0.2805103236939845,64.72931588059195,18.29229958824893,0.32548586590269935,6.489945107130442,18.48154387025375,0.32548586590269935,-53.56930879896596,19.26306682249365,0.32548586590269935,-155.67039154193742,19.851421794452563,0.32548586590269935,35.36639027312437,9.247775263460072,0.32548586590269935,42.89109624215938,9.455845311291037,0.5362639706129531,-78.2574865152778,9.686010232897809,0.5611340362873486
2019-05-08 07:00:00,1.4549392042256046,0.9309411465586291,0.0,1.4549392042256046,0.9309411465586291,0.0,1.4299392042256047,0.025,0.9236494798919624,0.007291666666666672,1.0,2534.0444150340086,21.666666666666686,2.2615383555196606,536.559207629964,1.304090162803247,0.12584904142235762,0.12408662739187731,2944.7545812416147,23889.08323372844,0.0,0.0,24.444444444444457,0.0,0.0,0.025,0.0,0.0,0.0,0.0,0.0,21434.376404107203,21.666666666666686,0.0,13.09050952845502,14.15,8.83061728816898,2425.0021519265615,866.3565754860606,-10.940518696312392,-204.99928011825799,0.0,10.493938661333333,368.7534029708722,-882.5426376236272,-534.5528911706667,-511.44889815482054,-145.71151931520035,-368.9224974723629,0.159,0.0014821955434792136,0.026896284787967992,0.0,0.3758162156127665,10.493938661333333,96.40359704579026,0.27775941923162484,10.872480229721683,0.005394980354814458,4.63295928306735,0.9858565114508805,0.14391552935869162,184.8707932903217,144.92657456577487,14400.010281618635,-6060.502441088936,23.093827148156766,0.06867587875583193,7931.704005083763,-2988.0114992388844,30.562143292062363,0.06867587875583193,39167.049939609286,-18521.840868991512,29.834311501885804,0.0672846125515661,637.6181129070371,-485.88338373527057,15.969850397439776,0.06867587875583193,87.57556530061416,-55.58034366328406,15.270102102525579,0.06867587875583193,25.51974015568885,19.88558572544748,0.32548586590269935,21.27349969327867,19.905817657332353,0.5611340362873486,148.60471172666524,19.683318906352717,0.2805103236939845,31.51521015062593,19.52022869821841,0.32548586590269935,5.855659483592139,19.327785844141527,0.32548586590269935,-131.53185455101047,20.172208930346006,0.32548586590269935,-101.23696665883683,20.38373139203169,0.32548586590269935,92.06092528266021,13.697849805646491,0.32548586590269935,-275.8933109885621,14.857229097415656,0.5362639706129531,183.83238570590765,14.066555044254768,0.5611340362873486
2019-05-08 08:00:00,1.068241655065196,0.6900159434640039,0.0,1.0682416550651959,0.6900159434640037,0.0,1.068241655065196,0.0,0.6900159434640039,0.0,1.0,1926.9407549059101,21.666666666666686,2.3014318065606836,408.01092453950696,0.9742423934667799,0.093999261598416,0.08723582042682973,2240.952417847001,25780.589604098393,0.0,0.0,24.444444444444457,0.0,0.0,0.0,0.0,0.0,0.0,0.0,0.0,21398.672336401185,21.666666666666686,0.0,18.14402708334859,17.5,8.83061728816898,1950.7996491705314,615.0427716044495,-6.209988835037591,-112.36742946795933,0.0,4.949971066666667,421.7874691236454,-834.4650242718847,-347.28515622935964,-387.7165563056077,-91.91147276703023,-286.5950657824756,0.07500000000000001,0.001397448456186192,0.026896284787967992,0.0,0.37469390993400276,4.949971066666667,137.48634150095174,0.2772253406114538,10.860221273855247,0.005387653280861219,-33.81490384703864,0.9852915457385907,0.16372523040479928,-109.1724168465858,316.20426391152847,17960.028300838578,-7595.907539492878,29.092959043977107,0.06867587875583193,8395.028688656772,-3326.6527851953497,35.32534274772966,0.06867587875583193,58876.92386298051,-27549.834326472464,43.73827088415232,0.0672846125515661,729.3202664537781,-500.5494302788007,19.15694135134591,0.06867587875583193,109.3197950495011,-62.34860639084778,18.994388093142966,0.06867587875583193,7.821208843307371,20.277544156589208,0.32548586590269935,11.46540510547602,20.275125640585436,0.5611340362873486,216.08847994490316,19.918592863068294,0.2805103236939845,-3.9713889428132463,20.34748148945446,0.32548586590269935,3.8693666046300375,19.890422766699725,0.32548586590269935,-161.75249754229844,20.575944525962644,0.32548586590269935,-73.52057401320793,20.61419287827456,0.32548586590269935,153.13011699124837,19.34547303070788,0.32548586590269935,-571.8443852881599,21.33653487534107,0.5362639706129531,418.7142682969185,19.725757674513506,0.5611340362873486
2019-05-08 09:00:00,0.829349681990976,0.5357069728250289,0.0,0.829349681990976,0.5357069728250289,0.0,0.829349681990976,0.0,0.5357069728250289,0.0,1.0,1507.444193248109,21.666666666666686,2.319091360026866,319.1866160975481,0.756377889814466,0.07297179217651005,0.06417645171512928,1753.659017169147,27425.840111981684,0.0,0.0,24.444444444444457,0.0,0.0,0.0,0.0,0.0,0.0,0.0,0.0,21183.536373963678,21.666666666666686,0.0,23.282493789336133,20.3,8.83061728816898,1624.6336746386373,313.5351139372382,-1.5623494901670072,-36.602002126042905,0.0,2.96998264,431.58194318349103,-801.5641443256528,-251.73563323134266,-284.3669190279536,-46.508351708079566,-227.59511628778864,0.045,0.0006477894803819488,0.026896284787967992,0.0,0.3647661761020155,2.96998264,152.38385036673813,0.2763589915589014,10.841592855969962,0.005374020804011763,-35.48881093024551,0.9846910371856664,0.1431413364514988,-433.1110867611258,427.45958460081584,19737.900275714044,-8439.114564843565,33.056044978178484,0.06867587875583193,7625.7267562714005,-3144.075624825805,36.36159589820816,0.06867587875583193,75439.14058080508,-35552.23504398309,54.63907579200072,0.0672846125515661,746.256066955256,-494.059501866928,21.594538283831447,0.06867587875583193,131.2325944313284,-69.21846055705231,22.22664471850948,0.06867587875583193,-16.664798345440794,20.570145803229952,0.32548586590269935,2.1149049891657343,20.529270567917113,0.5611340362873486,261.66715076132255,20.07797268328738,0.2805103236939845,-32.133281259565834,20.958270581379242,0.32548586590269935,1.389744263796634,20.388104021073946,0.32548586590269935,-160.80675193095473,20.811510109847752,0.32548586590269935,-55.566968478323545,20.773646166341752,0.32548586590269935,202.98423488483482,24.699756521825297,0.32548586590269935,-770.5075034284728,27.212995142677258,0.5362639706129531,567.5232685436439,25.15591691107415,0.5611340362873486
2019-05-08 10:00:00,0.658064821899412,0.4250678830865116,0.0,0.658064821899412,0.42506788308651156,0.0,0.658064821899412,0.0,0.4250678830865116,0.0,1.0,1198.419725332113,21.666666666666686,2.323114289696041,253.75369682448442,0.6001684228443728,0.05789639905503915,0.048797584308866736,1394.2770231015581,28597.701680617192,0.0,0.0,24.444444444444457,0.0,0.0,0.0,0.0,0.0,0.0,0.0,0.0,20931.775037275867,21.666666666666686,0.0,28.154103033854167,22.25,8.83061728816898,1366.1666386739448,-121.88112987707832,0.24132842249739178,15.417722282709798,0.0,2.96998264,401.7721329499282,-776.2633064747049,-194.91074022915564,-186.91442495856427,-12.544506094065211,-172.1242399054224,0.045,0.0002940176289489404,0.026896284787967992,0.0,0.36008117546621526,2.96998264,149.11787999662468,0.27547772090785383,10.822857744710953,0.005359858463578278,-59.73924578964033,0.984130090954156,0.15062400208530274,-884.3207722049101,508.68594550334734,19670.606715910384,-8669.69272464758,35.029324992121936,0.06867587875583193,6057.2336588944445,-2675.963211926205,34.94962139235945,0.06867587875583193,87919.59763508549,-42367.88685782287,62.87446926351129,0.0672846125515661,694.7113902306248,-478.75447496892133,23.09619985825306,0.06867587875583193,146.00542600958264,-75.4226092078934,24.540124958409194,0.06867587875583193,-46.52623428239858,20.823197661113735,0.32548586590269935,-12.425370317862447,20.74104870541574,0.5611340362873486,297.91226228026716,20.202365519269513,0.2805103236939845,-48.328803069306,21.35780428392427,0.32548586590269935,-1.0829220354879188,20.831924523874985,0.32548586590269935,-147.54247380202955,20.974674693198036,0.32548586590269935,-42.00645877317978,20.90120890747432,0.32548586590269935,253.88456719899617,29.577306054977146,0.32548586590269935,-924.696801678166,32.51313362251772,0.5362639706129531,670.8122344791759,30.182288597502442,0.5611340362873486
2019-05-08 11:00:00,0.5256607689900397,0.33954331375941255,0.0,0.5256607689900397,0.33954331375941255,0.0,0.5256607689900397,0.0,0.33954331375941255,0.0,1.0,955.6464822612095,21.666666666666686,2.318768036551609,202.34882871599376,0.479414318255248,0.046246450734791736,0.03784402343750936,1111.7488602424116,29429.346661436124,0.0,0.0,24.444444444444457,0.0,0.0,0.0,0.0,0.0,0.0,0.0,0.0,20752.387938309854,21.666666666666686,0.0,31.48959417764234,23.6,8.83061728816898,1156.0398029005642,-679.1739702106772,1.4111581783518508,50.83304464661452,0.0,2.96998264,369.5724962187005,-755.8047199735232,-158.72645759750245,-101.5585598442652,11.308129266357476,-118.5151248911533,0.045,0.000654082778195576,0.026896284787967992,0.0,0.3648495182450908,2.96998264,145.17913517438816,0.2736968162435133,10.78482008561499,0.005331346178420677,-74.79299418727824,0.982969021513415,0.1836583281095863,-1418.2831466276464,536.7603477009753,17752.322160530784,-8062.113464260164,34.92259711960256,0.06867587875583193,3883.0393939253436,-1942.0408335496184,31.3777478873432,0.06867587875583193,94226.32719799074,-46001.77862917317,67.18045752802075,0.0672846125515661,639.0344217106102,-460.079632476605,24.050930613057698,0.06867587875583193,155.59138810637847,-79.38376971101636,26.106991491364674,0.06867587875583193,-74.94516335441573,21.037747777466787,0.32548586590269935,-30.890326442451137,20.924461501047908,0.5611340362873486,327.5817776665805,20.303127547850107,0.2805103236939845,-57.703176656123425,21.631450712427682,0.32548586590269935,-3.004091948809946,21.182150809342144,0.32548586590269935,-129.70294110586292,21.09505366611328,0.32548586590269935,-31.33607815891822,21.006423046335936,0.32548586590269935,281.7195833700154,32.876495509750356,0.32548586590269935,-984.4498368112855,35.972264194232345,0.5362639706129531,702.7302534412755,33.58976945324036,0.5611340362873486
