Time,Total Electric Power (kW),Total Reactive Power (kVAR),Total Gas Power (therms/hour),Total Electric Energy (kWh),Total Reactive Energy (kVARh),Total Gas Energy (therms),HVAC Heating Electric Power (kW),HVAC Cooling Electric Power (kW),HVAC Heating Reactive Power (kVAR),HVAC Cooling Reactive Power (kVAR),Grid Voltage (-),HVAC Heating Delivered (W),HVAC Heating Setpoint (C),HVAC Heating COP (-),HVAC Heating Duct Losses (W),HVAC Heating Main Power (kW),HVAC Heating Fan Power (kW),HVAC Heating Speed (-),HVAC Heating Capacity (W),HVAC Heating Max Capacity (W),HVAC Heating ER Power (kW),HVAC Cooling Delivered (W),HVAC Cooling Setpoint (C),HVAC Cooling COP (-),HVAC Cooling Duct Losses (W),HVAC Cooling Main Power (kW),HVAC Cooling Fan Power (kW),HVAC Cooling Latent Gains (W),HVAC Cooling SHR (-),HVAC Cooling Speed (-),HVAC Cooling Capacity (W),HVAC Cooling Max Capacity (W),Temperature - Indoor (C),Unmet HVAC Load (C),Temperature - Attic (C),Temperature - Outdoor (C),Temperature - Ground (C),Net Sensible Heat Gain - Indoor (W),Net Sensible Heat Gain - Attic (W),Infiltration Heat Gain - Indoor (W),Forced Ventilation Heat Gain - Indoor (W),Natural Ventilation Heat Gain - Indoor (W),Internal Heat Gain - Indoor (W),Window Transmitted Solar Gain (W),Floor Heat Gain - Indoor (W),Internal Mass Heat Gain - Indoor (W),Wall Heat Gain - Indoor (W),Window Heat Gain - Indoor (W),Roof Heat Gain - Indoor (W),Occupancy (Persons),Infiltration Flow Rate - Indoor (m^3/s),Forced Ventilation Flow Rate - Indoor (m^3/s),Natural Ventilation Flow Rate - Indoor (m^3/s),Air Changes per Hour - Indoor (1/hour),Occupancy Heat Gain - Indoor (W),Radiation Heat Gain - Indoor (W),Relative Humidity - Indoor (-),Wet Bulb - Indoor (C),Humidity Ratio - Indoor (-),Net Latent Heat Gain - Indoor (W),Air Density - Indoor (kg/m^3),Infiltration Flow Rate - Attic (m^3/s),Infiltration Heat Gain - Attic (W),Radiation Heat Gain - Attic (W),Exterior Wall Ext. Solar Gain (W),Exterior Wall Ext. LWR Gain (W),Exterior Wall Ext. Surface Temperature (C),Exterior Wall Ext. Film Coefficient (m^2-K/W),Attic Wall Ext. Solar Gain (W),Attic Wall Ext. LWR Gain (W),Attic Wall Ext. Surface Temperature (C),Attic Wall Ext. Film Coefficient (m^2-K/W),Attic Roof Ext. Solar Gain (W),Attic Roof Ext. LWR Gain (W),Attic Roof Ext. Surface Temperature (C),Attic Roof Ext. Film Coefficient (m^2-K/W),Window Ext. Solar Gain (W),Window Ext. LWR Gain (W),Window Ext. Surface Temperature (C),Window Ext. Film Coefficient (m^2-K/W),Door Ext. Solar Gain (W),Door Ext. LWR Gain (W),Door Ext. Surface Temperature (C),Door Ext. Film Coefficient (m^2-K/W),Exterior Wall Indoor LWR Gain (W),Exterior Wall Indoor Surface Temperature (C),Exterior Wall Indoor Film Coefficient (m^2-K/W),Attic Floor Indoor LWR Gain (W),Attic Floor Indoor Surface Temperature (C),Attic Floor Indoor Film Coefficient (m^2-K/W),Floor Indoor LWR Gain (W),Floor Indoor Surface Temperature (C),Floor Indoor Film Coefficient (m^2-K/W),Window Indoor LWR Gain (W),Window Indoor Surface Temperature (C),Window Indoor Film Coefficient (m^2-K/W),Door Indoor LWR Gain (W),Door Indoor Surface Temperature (C),Door Indoor Film Coefficient (m^2-K/W),Interior Wall Indoor LWR Gain (W),Interior Wall Indoor Surface Temperature (C),Interior Wall Indoor Film Coefficient (m^2-K/W),Indoor Furniture Indoor LWR Gain (W),Indoor Furniture Indoor Surface Temperature (C),Indoor Furniture Indoor Film Coefficient (m^2-K/W),Attic Wall Attic LWR Gain (W),Attic Wall Attic Surface Temperature (C),Attic Wall Attic Film Coefficient (m^2-K/W),Attic Roof Attic LWR Gain (W),Attic Roof Attic Surface Temperature (C),Attic Roof Attic Film Coefficient (m^2-K/W),Attic Floor Attic LWR Gain (W),Attic Floor Attic Surface Temperature (C),Attic Floor Attic Film Coefficient (m^2-K/W)
2019-05-05 12:00:00,0.9612625555993526,0.603200795556271,0.0,0.9612625555993526,0.603200795556271,0.0,0.9112625555993524,0.05,0.5886174622229378,0.014583333333333344,1.0,1578.4344036503476,21.666666666666686,0.21993323671662804,334.2181012668396,0.8332508368493525,0.07801171875,0.4666666666666667,1834.6407861671873,21816.15657800458,0.0,0.0,24.444444444444457,0.0,0.0,0.05,0.0,0.0,0.0,0.0,0.0,20903.297,21.323934906327565,-0.06282465374717656,14.474112626153817,11.65,8.83061728816898,1462.4968755800976,345.0692549935694,-11.70067569360905,-267.2714528507784,0.0,2.96998264,386.9488629444912,-703.8823798090422,-40.82444417204499,-288.2114762111696,-163.89033039810724,-114.15642546317328,0.045,0.0011745784001746583,0.026896284787967992,0.0,0.37174244177766025,2.96998264,160.06461783413727,0.2504806255463547,10.132884362158551,0.004727132549912283,3.6434168576403514,0.992212244252602,0.11575548031832954,-368.6201314385987,379.4712851653286,18572.46658916853,-7010.839794026334,23.445040595113678,0.06867587875583193,4306.379087231523,-1720.2103325344458,20.235956845670337,0.06867587875583193,92799.51901202333,-29359.207664299156,42.253818091331,0.0672846125515661,669.0802086012994,-480.99732451434676,14.063893026667612,0.06867587875583193,159.45978820590562,-73.1815322327795,15.369647581379029,0.06867587875583193,22.447270471845027,20.345297747873683,0.32548586590269935,-54.16233045412118,20.489560753928867,0.5611340362873486,257.20076905090644,19.947658159936495,0.2805103236939845,76.84082385504782,19.368450263739007,0.32548586590269935,6.191021902096136,19.74803723439029,0.32548586590269935,-219.14572262078738,20.775458440056482,0.32548586590269935,-89.3718322049884,20.78282196292424,0.32548586590269935,255.3989546687115,16.182332605469863,0.32548586590269935,-731.4415267716311,19.192487902236035,0.5362639706129531,476.04257210292536,17.22524920268067,0.5611340362873486
2019-05-05 13:00:00,0.48364170146969304,0.30354493937042737,0.0,0.483641701469693,0.30354493937042737,0.0,0.45864170146969296,0.025,0.29625327270376073,0.007291666666666672,1.0,799.1098466534253,21.666666666666686,0.11060842857255397,169.20372176030293,0.4196358420946929,0.039005859375,0.05,929.3077090387281,22821.52962996653,0.0,0.0,24.444444444444457,0.0,0.0,0.025,0.0,0.0,0.0,0.0,0.0,20903.297,21.31409031004159,-0.06126201170373988,20.711533393489393,13.05,8.83061728816898,745.8569427704188,-625.5636254267722,-9.346995852984426,-227.12488900199483,0.0,2.96998264,446.5153104739198,-706.8762112799632,-86.98453120467084,-252.05859369555228,-148.88441318611632,-110.70123091478932,0.045,0.0011005423696232304,0.026896284787967992,0.0,0.37076198262354565,2.96998264,180.24899833197279,0.25013017930586257,10.136222588626412,0.00472872427091027,3.9937222837559694,0.9915812385575589,0.16843991038921224,-1321.7891858770233,527.0218386899483,21342.387898851786,-8626.760658339887,28.064226951461517,0.06867587875583193,6744.049304970587,-2643.2597883270732,27.836798481820164,0.06867587875583193,89241.66084775823,-40926.31649098358,57.48903334914946,0.0672846125515661,772.0776197717406,-501.44152088760285,15.62613172379344,0.06867587875583193,161.4666953541455,-74.91702424999293,16.819643039861514,0.06867587875583193,0.6391930585454854,20.42109879888076,0.32548586590269935,-54.23555917952581,20.51667429276024,0.5611340362873486,258.4222989974477,19.972657919885755,0.2805103236939845,55.400864503509304,19.683252027924166,0.32548586590269935,4.602784153061261,19.94169184306559,0.32548586590269935,-179.91208217493235,20.73448381390447,0.32548586590269935,-84.91749935810736,20.790472654031003,0.32548586590269935,360.7565463641375,22.193758846959405,0.32548586590269935,-1019.6656099414729,26.223263567740233,0.5362639706129531,658.9090635773412,23.615333184023097,0.5611340362873486
2019-05-05 14:00:00,0.9370402942451788,0.6052682364814858,0.0,0.9370402942451788,0.6052682364814858,0.0,0.9370402942451788,0.0,0.6052682364814858,0.0,1.0,1660.628105610952,21.666666666666686,0.22492030445752403,351.62181658236744,0.8590285754951787,0.07801171875,0.1,1934.2382034433197,23751.18141695404,0.0,0.0,24.444444444444457,0.0,0.0,0.0,0.0,0.0,0.0,0.0,0.0,20903.297,21.437952841687522,-0.044251069924417706,23.43460831087471,13.9,8.83061728816898,1639.030393511788,-1118.5016565941742,-9.42511656272593,-206.3978797551354,0.0,2.96998264,474.7980262871987,-722.3347522469027,-130.87656177653977,-221.39293994276542,-138.48581485656726,-109.03369201580674,0.045,0.0012268412920270902,0.026896284787967992,0.0,0.3724345592555364,2.96998264,191.25530157869707,0.24812207032155084,10.179864332436534,0.004729180617304222,-5.32982440099575,0.9905550784933411,0.19436849080436697,-1889.6298832867838,419.5064101102422,21246.135448116493,-8760.185368752747,29.007998039008154,0.06867587875583193,8267.740058666966,-3272.997138539254,32.622562446082256,0.06867587875583193,74756.7561271921,-35184.4536783496,51.56084906410687,0.0672846125515661,820.9817701862478,-511.9945286022384,16.533292105161244,0.06867587875583193,150.05787488129678,-72.75403483692371,17.337711159993283,0.06867587875583193,-20.27620498694996,20.572738687441724,0.32548586590269935,-56.537313109216484,20.6254967262338,0.5611340362873486,266.86147601270045,20.063360961683845,0.2805103236939845,43.72801457637574,19.945108200152394,0.32548586590269935,3.319711339454072,20.1812498803543,0.32548586590269935,-155.08563869046034,20.79614546862758,0.32548586590269935,-82.0100451418999,20.882440045873455,0.32548586590269935,265.6788585819754,24.70387425116527,0.32548586590269935,-798.098663514356,27.680980407429274,0.5362639706129531,532.4198049323873,25.64892247851967,0.5611340362873486
2019-05-05 15:00:00,0.4685498156639838,0.3026532822253004,0.0,0.4685498156639838,0.30265328222530047,0.0,0.4685498156639838,0.0,0.3026532822253004,0.0,1.0,830.2995876780573,21.666666666666686,0.11244938943050041,175.80784544143256,0.42954395628898373,0.039005859375,0.05,967.10157374449,23748.78269267247,0.0,0.0,24.444444444444457,0.0,0.0,0.0,0.0,0.0,0.0,0.0,0.0,20903.297,21.27149533909396,-0.07443236515702215,23.51629859051618,14.15,8.83061728816898,835.2240944941132,-1308.393233899293,-7.894187715494076,-194.90233100125172,0.0,2.96998264,479.13010169561926,-675.9824706397727,-63.36951408925251,-130.82696988342522,-129.49509013401982,-51.46445295536533,0.045,0.001075276510442363,0.026896284787967992,0.0,0.37042738684989396,2.96998264,204.7510428928016,0.25040715460159296,10.109568588824212,0.004724389324369591,-20.75338562180626,0.9911178174606344,0.18589527043039009,-1777.3786264140354,293.1775470733099,20100.202432543898,-8439.916054733021,28.376197666769478,0.06867587875583193,9327.61189324663,-3726.5685041184097,35.500759426925704,0.06867587875583193,59715.815031853934,-28832.92740938124,43.88153587464816,0.0672846125515661,828.4724393560352,-521.987843432893,16.700741466117794,0.06867587875583193,136.01265879447837,-70.94619093109537,17.17233438642402,0.06867587875583193,-46.51136573242645,20.661351327043082,0.32548586590269935,-72.50382686020203,20.683211508953818,0.5611340362873486,288.44224545186455,20.0559800243962,0.2805103236939845,44.5822533980415,19.963970208721758,0.32548586590269935,2.916713694620751,20.25352501786621,0.32548586590269935,-147.5325884424111,20.813083577694464,0.32548586590269935,-69.39343150948541,20.85790262325976,0.32548586590269935,136.52989743371532,24.986281230773688,0.32548586590269935,-526.7644379728592,26.69225274780162,0.5362639706129531,390.23454053914963,25.278625474963192,0.5611340362873486
2019-05-05 16:00:00,0.943399315583448,0.6093757584896645,0.0,0.943399315583448,0.6093757584896645,0.0,0.943399315583448,0.0,0.6093757584896645,0.0,1.0,1679.159625590298,21.666666666666686,0.225856447205798,355.545685326461,0.865387596833448,0.07801171875,0.1,1956.693592166759,24021.85154997253,0.0,0.0,24.444444444444457,0.0,0.0,0.0,0.0,0.0,0.0,0.0,0.0,20903.297,21.427487830786795,-0.05658842873972698,23.26768350518048,14.4,8.83061728816898,1677.8021483843147,-968.8867315909877,-5.760278906064945,-192.20906801397513,0.0,3.563979167999999,455.3084905615485,-702.5287702765995,-108.606001008321,-126.24384797720849,-127.05379496436368,-53.12039281034711,0.053999999999999986,0.0008036324171589816,0.026896284787967992,0.0,0.36683000411695765,3.563979167999999,193.04789054605664,0.24754050263304403,10.161551794971016,0.004714683516071417,-31.26780413922493,0.9905992239562653,0.1662559162592591,-1499.7653661729332,175.3329492554845,17668.006207604176,-7700.524226160164,26.801129678747593,0.06867587875583193,9628.418343077736,-3912.7393365640874,36.6191014062899,0.06867587875583193,43242.42577719999,-22500.76623781524,35.41856003525142,0.0672846125515661,787.2820649341585,-527.0073306706149,16.73519844106033,0.06867587875583193,120.09218497195803,-68.8053374048351,16.90580864819775,0.06867587875583193,-58.342661952699565,20.78301913800438,0.32548586590269935,-78.73349818356147,20.789273253580472,0.5611340362873486,292.74466375107403,20.144364285822636,0.2805103236939845,44.66680527487277,20.058781917318488,0.32548586590269935,2.580028096313191,20.384315158461042,0.32548586590269935,-133.55284926705912,20.884076357356914,0.32548586590269935,-69.36248771893885,20.952855369724457,0.32548586590269935,30.84864916843641,24.658997043080422,0.32548586590269935,-282.98445311203466,25.28974290248133,0.5362639706129531,252.13580394360227,24.45193192953345,0.5611340362873486
2019-05-05 17:00:00,0.4649964048344639,0.3003580055765943,0.0,0.4649964048344639,0.3003580055765943,0.0,0.4649964048344639,0.0,0.3003580055765943,0.0,1.0,819.1896304534778,21.666666666666686,0.11180830950730346,173.45542027877292,0.4259905454594639,0.039005859375,0.05,953.6391913572508,23761.68956430668,0.0,0.0,24.444444444444457,0.0,0.0,0.0,0.0,0.0,0.0,0.0,0.0,20903.297,21.364503201462057,-0.04622405684231771,21.90117891439831,13.85,8.83061728816898,789.7309748844814,-1082.3220865752496,-6.396683400831818,-206.07175313898958,0.0,6.533961808,396.4688555831879,-685.6003549713462,-83.47292009281863,-87.08176214952759,-130.62910012563742,-25.733254770818643,0.099,0.0008295111210003338,0.026896284787967992,0.0,0.3671727157924607,6.533961808,176.47581916282508,0.2477645429359576,10.123727865091558,0.004701172132267787,-50.303169757267916,0.9908185008704915,0.15692913205441636,-1288.5882355876022,32.81072873357959,15904.515206539505,-7121.0855355200165,25.049711100862076,0.06867587875583193,8365.434854796504,-3514.405627520173,33.6285061171758,0.06867587875583193,23552.70229463159,-14884.272831241837,24.22374500713393,0.0672846125515661,685.5413983619108,-509.0738848852424,15.912500546569513,0.06867587875583193,186.513023367161,-86.96841078515753,18.28909151505762,0.06867587875583193,-72.82325804551498,20.82741217273216,0.32548586590269935,-90.33535139242667,20.821483264921696,0.5611340362873486,300.0804615880233,20.14383011266004,0.2805103236939845,57.71906494484876,19.89674366506445,0.32548586590269935,2.2763319804629116,20.42817655885691,0.32548586590269935,-132.57359974532616,20.894512439506528,0.32548586590269935,-64.34364933006763,20.943335619394233,0.32548586590269935,-76.05827153396491,23.11616290022629,0.32548586590269935,-1.3407431328420596,22.580404568527708,0.5362639706129531,77.39901466681222,22.448689057164096,0.5611340362873486
2019-05-05 18:00:00,0.9458753072070795,0.6021183530276445,0.0,0.9458753072070794,0.6021183530276445,0.0,0.9208753072070794,0.025,0.5948266863609778,0.007291666666666672,1.0,1609.26038889502,21.666666666666686,0.22183643020251106,340.7452032067921,0.8428635884570793,0.07801171875,0.1,1871.9938733518118,23361.79322286259,0.0,0.0,24.444444444444457,0.0,0.0,0.025,0.0,0.0,0.0,0.0,0.0,20903.297,21.277928278108075,-0.08088216450761264,19.429217710037722,12.5,8.83061728816898,1494.2888200338145,-837.1193345388635,-9.397777215954438,-241.78311824443588,0.0,10.691937504,262.028014753861,-674.7218267726544,-66.99968896013809,-66.19226047711433,-143.36846865677714,-8.615522682690774,0.162,0.0010287846948564977,0.026896284787967992,0.0,0.3698116957351346,10.691937504,125.51738909518514,0.2480625701749723,10.07036094883082,0.004681522807929077,-33.666609354566944,0.991121824934195,0.151568073715196,-1077.4613573906597,-100.40318035499585,10612.635759276372,-5420.3879072750515,20.01420879918377,0.06867587875583193,5022.545784545545,-2368.063124347327,24.807652574685815,0.06867587875583193,8702.139295319206,-9333.386245088159,14.223907474786463,0.0672846125515661,453.0773328465562,-468.13392525311025,13.95465405870359,0.06867587875583193,185.80739263407818,-89.45078926056819,17.198068656365784,0.06867587875583193,-82.34493061236935,20.77362749053367,0.32548586590269935,-100.08032513129632,20.763342201406896,0.5611340362873486,297.3579908993931,20.07303699020076,0.2805103236939845,84.89167748698777,19.456655957207,0.32548586590269935,1.8337174223808537,20.398982004969614,0.32548586590269935,-136.58179942742365,20.826494448562524,0.32548586590269935,-65.07633063766995,20.871572005108032,0.32548586590269935,-152.70740657382805,20.393034054164534,0.32548586590269935,247.22731930731618,18.893900093865625,0.5362639706129531,-94.51991273348237,19.450849427465275,0.5611340362873486
2019-05-05 19:00:00,0.6414337816150582,0.3966118161981877,0.0,0.6414337816150582,0.39661181619818775,0.0,0.5914337816150581,0.05,0.3820284828648544,0.014583333333333344,1.0,916.3328924446135,21.666666666666686,0.13063730462776874,194.02455922965996,0.539425969115058,0.0520078125,0.06666666666666667,1058.3496391742735,21966.375423520687,0.0,0.0,24.444444444444457,0.0,0.0,0.05,0.0,0.0,0.0,0.0,0.0,20903.297,21.312148938049045,-0.06674399729930247,16.36190358539069,10.55,8.83061728816898,662.2633427899726,-867.605719270254,-14.747081086964322,-298.32543558170545,0.0,10.691937504,78.87882058572794,-702.7812242870328,-121.79008253772017,-111.3771803052257,-168.05118328322263,-37.53435531321637,0.162,0.0013173002207801645,0.026896284787967992,0.0,0.37363250685087307,10.691937504,48.311029510028796,0.24732849306857546,10.080119669051234,0.004677651352450907,-1.1997655278576218,0.9910087279547579,0.1456922827805435,-874.7999543276997,-186.83032417221435,3104.519537834449,-2862.443169252705,12.433944356568633,0.06867587875583193,1371.5258841272034,-1107.2616154875323,14.103707079206101,0.06867587875583193,1023.5031940889128,-6140.775223408538,7.545125622081431,0.0672846125515661,136.3907812782337,-398.7266998346949,11.274202504585299,0.06867587875583193,71.7076603232745,-61.38688548571632,12.439370864166964,0.06867587875583193,-80.08389296218496,20.66688218924863,0.32548586590269935,-100.97843726834459,20.663188993300835,0.5611340362873486,274.95848875957347,20.00969391548997,0.2805103236939845,119.72382818679267,18.884292277285034,0.32548586590269935,2.7104706668532232,20.205320756252068,0.32548586590269935,-141.48180186809248,20.733336973667356,0.32548586590269935,-74.84865551459656,20.81226042229994,0.32548586590269935,-167.94155353294028,16.97253804665796,0.32548586590269935,386.73686840713367,15.076794833618342,0.5362639706129531,-218.795314874189,16.108252508907963,0.5611340362873486
2019-05-05 20:00:00,1.235073133549015,0.7800649567491142,0.0,1.2350731335490148,0.7800649567491142,0.0,1.1850731335490148,0.05,0.7654816234157809,0.014583333333333344,1.0,2080.6119048862943,21.666666666666686,0.29785982535240824,440.54929284113507,1.0810575085490148,0.104015625,0.13333333333333333,2417.145572727429,21340.12560884158,0.0,0.0,24.444444444444457,0.0,0.0,0.05,0.0,0.0,0.0,0.0,0.0,20903.297,21.345940186719208,-0.059324903276816165,13.564394665181021,9.4,8.83061728816898,1750.0150289113294,-288.49518979542245,-16.96911565902014,-332.5272164230437,0.0,10.691937504,0.0,-727.4194865808175,-175.7637579217019,-177.72106278006794,-185.13634153617542,-72.3459439018786,0.162,0.0013715468024759468,0.026896284787967992,0.0,0.37435089433338553,10.691937504,8.20751860309898,0.24696630213502466,10.098889829242435,0.004677775266138142,0.7423622260425302,0.9914651176547034,0.11785527868970537,-517.0946266636824,-211.94985597287507,0.0,-1604.2208462808203,8.277630483087318,0.06867587875583193,0.0,-547.5101680114965,8.686439543372924,0.06867587875583193,0.0,-5425.38608899937,5.258183186242869,0.0672846125515661,0.0,-370.83851757429323,9.78848441171427,0.06867587875583193,0.0,-40.58545552668582,9.003533465151428,0.06867587875583193,-63.223707163190674,20.501309824489752,0.32548586590269935,-95.9762091296851,20.526598536085032,0.5611340362873486,249.0486314508027,19.92615949424298,0.2805103236939845,136.71530433816127,18.52449932791266,0.32548586590269935,4.960885857634577,19.84122227649466,0.32548586590269935,-145.25142045902467,20.612049108459892,0.32548586590269935,-86.27348489469713,20.733998809043673,0.32548586590269935,-128.78775407898124,13.769905108489782,0.32548586590269935,399.7953054232543,12.096270630096646,0.5362639706129531,-271.00755134426726,13.278863336348472,0.5611340362873486
2019-05-05 21:00:00,1.0815847162512413,0.6809212334442444,0.0,1.081584716251241,0.6809212334442444,0.0,1.031584716251241,0.05,0.666337900110911,0.014583333333333344,1.0,1775.1423056896035,21.666666666666686,0.2552430966442399,375.86908237299326,0.9405710443762412,0.09101367187500001,0.11666666666666667,2059.997716187597,21148.98468863378,0.0,0.0,24.444444444444457,0.0,0.0,0.05,0.0,0.0,0.0,0.0,0.0,20903.297,21.40671569697919,-0.049704879079970135,11.870552179242193,8.85,8.83061728816898,1415.4964270992175,-206.00055303901348,-21.389583904513472,-350.4550818804025,0.0,12.077929402666665,0.0,-749.4679788267042,-222.23550069537902,-246.82025939911074,-196.00689976588953,-108.41430217515543,0.183,0.0016244771771687574,0.026896284787967992,0.0,0.3777004512906422,12.077929402666665,0.12085779186320261,0.2462332036731309,10.128795993529444,0.004678169789424138,1.4587059460446976,0.9918699714724923,0.12129358212509113,-386.0702536360796,-195.79938177592712,0.0,-1571.5293667184858,7.659273392416546,0.06867587875583193,0.0,-510.30479903210914,7.848320583886332,0.06867587875583193,0.0,-5344.0554408965,4.593764585752278,0.0672846125515661,0.0,-375.3550591809027,9.329440544308278,0.06867587875583193,0.0,-39.892840328431426,8.390723820701306,0.06867587875583193,-41.90528479698678,20.393614304904375,0.32548586590269935,-88.21112974159442,20.453106008474183,0.5611340362873486,227.89437221335479,19.902705051615506,0.2805103236939845,140.55994088235948,18.411053448680942,0.32548586590269935,6.550757092727876,19.613929521340037,0.32548586590269935,-151.06914687700797,20.56217626349864,0.32548586590269935,-93.81950877285502,20.706770084085335,0.32548586590269935,-80.34899538045984,11.790916266713811,0.32548586590269935,344.96813591291465,10.563716599561307,0.5362639706129531,-264.6191405324498,11.660088425404913,0.5611340362873486
2019-05-05 22:00:00,1.2214057750627014,0.7712367152965575,0.0,1.2214057750627014,0.7712367152965575,0.0,1.1714057750627014,0.05,0.7566533819632241,0.014583333333333344,1.0,2039.9206246451756,21.666666666666686,0.2954090594761926,431.9333108346278,1.067390150062701,0.104015625,0.13333333333333333,2367.8383104798036,20656.307052957618,0.0,0.0,24.444444444444457,0.0,0.0,0.05,0.0,0.0,0.0,0.0,0.0,20903.297,21.443883794114523,-0.05312725609712488,10.49597185352012,8.05,8.83061728816898,1651.5415808436892,-58.18451596337196,-24.570560519299885,-374.6955425441921,0.0,12.077929402666665,0.0,-762.6703238085835,-235.48848210874783,-291.2633149515593,-210.31174447071453,-130.8685379578388,0.183,0.0017651215558949112,0.026896284787967992,0.0,0.3795630048010041,12.077929402666665,-1.1908701406609947,0.2455366051825519,10.137945829842987,0.004677936943949843,-6.874878272935648,0.9911753420955034,0.12019044296898376,-306.3593988920036,-183.75842790599617,0.0,-1495.6650338261627,6.90545426229703,0.06867587875583193,0.0,-469.15465781418294,6.94996815026332,0.06867587875583193,0.0,-5064.070966575579,3.9234360476219985,0.0672846125515661,0.0,-369.5070576522787,8.692963295571484,0.06867587875583193,0.0,-38.24665918380558,7.640816065395171,0.06867587875583193,-26.5937281349572,20.319595907161272,0.32548586590269935,-82.31101710694905,20.403131448321815,0.5611340362873486,215.26579540996656,19.884797703767145,0.2805103236939845,147.89448374201862,18.270868541076286,0.32548586590269935,7.760699210422801,19.446582437649127,0.32548586590269935,-163.68696811179035,20.54438341555365,0.32548586590269935,-98.32926500870914,20.68665550077029,0.32548586590269935,-53.03133456206084,10.311315325828183,0.32548586590269935,309.63980201832567,9.347480778173713,0.5362639706129531,-256.608467456261,10.381698398780669,0.5611340362873486
2019-05-05 23:00:00,0.05,0.014583333333333344,0.0,0.05,0.014583333333333344,0.0,0.0,0.05,0.0,0.014583333333333344,1.0,0.0,18.33333333333337,0.0,0.0,0.0,0.0,0.0,0.0,20476.861076132212,0.0,0.0,24.444444444444457,0.0,0.0,0.05,0.0,0.0,0.0,0.0,0.0,20903.297,20.240176322072728,0.0,9.155146648458608,7.5,8.83061728816898,-341.76415295280265,-325.4704842663399,-19.987581928656695,-357.0018161147574,0.0,12.077929402666665,0.0,-533.8225157824472,91.70925589684177,-131.89567395372478,-192.18212162554377,19.32227628299888,0.183,0.0015052120675583425,0.026896284787967992,0.0,0.37612102344161963,12.077929402666665,23.147315687944797,0.264019940935244,9.647659814998587,0.004672749268253091,-21.002107923326097,0.9946344608734177,0.09347572683480375,-161.537709073926,-163.93277519241389,0.0,-1398.5796448188194,6.437502428244693,0.06867587875583193,0.0,-427.30542139727237,6.384226312471298,0.06867587875583193,0.0,-4692.417201411189,3.581310176356461,0.0672846125515661,0.0,-346.6174463270814,8.134696951578016,0.06867587875583193,0.0,-35.97010926949668,7.153373521397817,0.06867587875583193,-20.537482938876384,19.740638990306298,0.32548586590269935,-102.67704628787445,19.87394990306638,0.5611340362873486,229.03771705121386,19.292868632355294,0.2805103236939845,156.65816448934336,17.57366489562493,0.32548586590269935,9.112522592873068,18.732969927535517,0.32548586590269935,-195.1698737094089,20.035348350768395,0.32548586590269935,-76.42400119727002,20.028089380644364,0.32548586590269935,-35.955667668891145,9.097359027092885,0.32548586590269935,269.0711850994136,8.332347325634862,0.5362639706129531,-233.1155174305181,9.261058552497493,0.5611340362873486
2019-05-06 00:00:00,0.05,0.014583333333333344,0.0,0.05,0.014583333333333344,0.0,0.0,0.05,0.0,0.014583333333333344,1.0,0.0,18.33333333333337,0.0,0.0,0.0,0.0,0.0,0.0,20476.861076132212,0.0,0.0,24.444444444444457,0.0,0.0,0.05,0.0,0.0,0.0,0.0,0.0,20903.297,18.95254379019598,0.0,7.984049513775163,6.95,8.83061728816898,-327.5578188111541,-263.56364575834664,-20.123416559735222,-336.7409948186361,0.0,12.077929402666665,0.0,-331.67155092870127,253.2223909694614,-75.92138387265196,-176.47172416185478,95.05392984869337,0.183,0.0016070114560626939,0.026896284787967992,0.0,0.37746915274567555,12.077929402666665,17.228663164550575,0.2852547752464489,9.11312465200447,0.004664777213413904,-13.070716501124616,0.9984463240515122,0.10963786943895908,-118.73904505253297,-144.82460070581368,0.0,-1297.8069738388274,5.995185777738191,0.06867587875583193,0.0,-387.8179662654522,5.872488202137064,0.06867587875583193,0.0,-4314.2780290079345,3.3220500593486246,0.0672846125515661,0.0,-321.1617480212291,7.5713144445211595,0.06867587875583193,0.0,-33.43489031007676,6.669633810457091,0.06867587875583193,9.504195838173533,18.753581044117233,0.32548586590269935,-103.40964088404834,18.957709447089716,0.5611340362873486,187.48372564921095,18.443596459083917,0.2805103236939845,156.3840117155236,16.637966501632615,0.32548586590269935,9.43424850474256,17.77024833844862,0.32548586590269935,-182.02607551633884,19.09618282736911,0.32548586590269935,-77.37046530726396,19.116319247186382,0.32548586590269935,-24.401544196617913,8.073703152042132,0.32548586590269935,233.06367372815947,7.459756896004799,0.5362639706129531,-208.66212953153808,8.285569334524785,0.5611340362873486
2019-05-06 01:00:00,0.05,0.014583333333333344,0.0,0.05,0.014583333333333344,0.0,0.0,0.05,0.0,0.014583333333333344,1.0,0.0,18.33333333333337,0.0,0.0,0.0,0.0,0.0,0.0,20476.861076132212,0.0,0.0,24.444444444444457,0.0,0.0,0.05,0.0,0.0,0.0,0.0,0.0,20903.297,18.089590321421507,-0.009847081993527832,7.145818026667033,6.4,8.83061728816898,-338.7659039616489,-234.0860650479258,-21.1858269602614,-328.2509754745962,0.0,12.077929402666665,0.0,-217.73385269793727,265.3448932587058,-80.33833787942505,-170.45361769680946,100.76865450667707,0.183,0.0017356431220315464,0.026896284787967992,0.0,0.3791726219007455,12.077929402666665,-1.4070309294579613,0.30088483073100897,8.752251352704215,0.0046644950708650285,9.337599304960154,1.000788762203952,0.12596225216422144,-98.352750166558,-135.73331488136782,0.0,-1295.508986596758,5.450207890953351,0.06867587875583193,0.0,-382.14181582051896,5.2848534100211,0.06867587875583193,0.0,-4305.752091320316,2.7791027811014866,0.0672846125515661,0.0,-317.4959395200886,6.985368501180844,0.06867587875583193,0.0,-33.18862101800484,6.104757998086823,0.06867587875583193,30.943321443871657,17.94377964516188,0.32548586590269935,-91.6258014875959,18.17770994145317,0.5611340362873486,133.51609536202935,17.776833247213304,0.2805103236939845,154.94304267337014,15.880480303390353,0.32548586590269935,9.509155933757436,16.993722138858654,0.32548586590269935,-150.03060757112,18.28142961502948,0.32548586590269935,-87.25520635431106,18.402321670119527,0.32548586590269935,-17.29732129970301,7.262790013200992,0.32548586590269935,214.91840047744725,6.735115803573772,0.5362639706129531,-197.62107917773938,7.513172600625476,0.5611340362873486
2019-05-06 02:00:00,0.455173010392322,0.2762992434987592,0.0,0.455173010392322,0.2762992434987592,0.0,0.40517301039232195,0.05,0.2617159101654259,0.014583333333333344,1.0,702.7182459422025,18.33333333333337,0.11083145753053616,148.7937397596112,0.366167151017322,0.039005859375,0.05,812.506126326814,20093.79211373724,0.0,0.0,24.444444444444457,0.0,0.0,0.05,0.0,0.0,0.0,0.0,0.0,20903.297,17.872714606941592,-0.10463384749562851,6.64132475520962,5.85,8.83061728816898,324.7495828819025,-95.26375251398785,-22.403744958067687,-338.2160204462886,0.0,12.077929402666665,0.0,-225.92507191411204,126.86314287156753,-165.9900177851536,-178.31101163709087,27.350791021594834,0.183,0.0017801854720565814,0.026896284787967992,0.0,0.37976249624304276,12.077929402666665,-29.42682705861046,0.305403054815015,8.667825968801496,0.004670026163757222,16.69011544671766,1.0015316991232417,0.12640602731862238,-104.99751153558337,-139.0599807380157,0.0,-1366.5652081228247,4.807007553086749,0.06867587875583193,0.0,-402.12007261368456,4.623021696634948,0.06867587875583193,0.0,-4585.428344468889,1.9905490863141075,0.0672846125515661,0.0,-333.7764255304551,6.419435931533082,0.06867587875583193,0.0,-34.80805639012183,5.477679725791384,0.06867587875583193,48.815649259081816,17.464309596245375,0.32548586590269935,-67.79881708350877,17.69792580672197,0.5611340362873486,76.62692459080753,17.43962372993513,0.2805103236939845,153.3344456139396,15.455166819789177,0.32548586590269935,9.461109070407328,16.556259988009014,0.32548586590269935,-114.93504507726466,17.78207348928354,0.32548586590269935,-105.5042663734642,18.047237096588574,0.32548586590269935,-13.47251386816988,6.627576715924039,0.32548586590269935,217.5058915619007,6.123629997207909,0.5362639706129531,-204.0333776937247,6.924255509866614,0.5611340362873486
2019-05-06 03:00:00,1.1282903780196643,0.7110901106055476,0.0,1.1282903780196643,0.7110901106055475,0.0,1.0782903780196642,0.05,0.6965067772722141,0.014583333333333344,1.0,1951.3009900314453,18.33333333333337,0.30896603373964954,413.168966908098,0.9742747530196643,0.104015625,0.13333333333333333,2260.4543319395434,19675.759856502395,0.0,0.0,24.444444444444457,0.0,0.0,0.05,0.0,0.0,0.0,0.0,0.0,20903.297,18.179021261499035,-0.04846548532491249,6.360220185755933,5.6,8.83061728816898,1535.8485464207101,181.976696336089,-21.813041510992726,-354.0319082573293,0.0,12.077929402666665,0.0,-316.9935150842829,-55.2295692654506,-277.0843008085434,-191.5330389640372,-75.47414020447019,0.183,0.0016529329987503656,0.026896284787967992,0.0,0.37807729173643245,12.077929402666665,-51.68542324508001,0.29978446835511025,8.794620257431793,0.004675064043320092,8.084592231006182,0.999900133976208,0.09982882998947222,-83.81351910976251,-147.37875146224644,0.0,-1406.4041823997138,4.4215107421891275,0.06867587875583193,0.0,-413.83670008552525,4.231321268871463,0.06867587875583193,0.0,-4767.5293995510865,1.4309033055038933,0.0672846125515661,0.0,-349.93466203549394,6.186526835150048,0.06867587875583193,0.0,-36.01156233956648,5.137618398981888,0.06867587875583193,59.115394560119846,17.384633850024965,0.32548586590269935,-42.16922180188242,17.596336228008877,0.5611340362873486,40.5835342203775,17.448208373654158,0.2805103236939845,150.62735600639965,15.435941554880454,0.32548586590269935,9.554178156032123,16.489676891252312,0.32548586590269935,-96.28788944708322,17.693046668419615,0.32548586590269935,-121.42335169396338,18.06242643458763,0.32548586590269935,-10.853024039161664,6.148846874331271,0.32548586590269935,228.3568068259438,5.6446937655295795,0.5362639706129531,-217.5037827867772,6.495968468894665,0.5611340362873486
2019-05-06 04:00:00,0.526059547527635,0.32208742313806926,0.0,0.526059547527635,0.3220874231380693,0.0,0.47605954752763496,0.05,0.3075040898047359,0.014583333333333344,1.0,754.8890439432967,18.33333333333337,0.1352771303328863,159.8403977703447,0.42405173502763494,0.0520078125,0.06666666666666667,862.7216292136414,17428.948071394316,0.0,0.0,24.444444444444457,0.0,0.0,0.05,0.0,0.0,0.0,0.0,0.0,20903.297,17.985108386282985,-0.0519194936489523,6.015764780496906,5.0,8.83061728816898,332.5173090447817,-71.4769636917687,-20.602524006087673,-366.35573318207895,0.0,12.077929402666665,0.5073724796769773,-293.86109873774683,-25.85728421962532,-268.48072307561085,-197.28532807122554,-76.93801178984941,0.183,0.0015073248453992987,0.026896284787967992,0.0,0.3761490029586108,12.077929402666665,-47.49140711301499,0.3034418103261834,8.715264375439578,0.004676022271175227,0.8445416877661127,1.0005247207068773,0.07824970055970654,-88.49366425707989,-142.82369720503354,20.08340794694977,-1392.6693498787452,3.9562088848109744,0.06867587875583193,9.189273267450783,-408.93351907300337,3.7595611851804933,0.06867587875583193,7.634071316106615,-4668.884347889564,1.0976447643177003,0.0672846125515661,0.8773068409029768,-345.09396223742687,5.690637518835925,0.06867587875583193,0.4514486523971141,-35.325045457334454,4.627524724127482,0.06867587875583193,59.14511615339834,17.239465050529045,0.32548586590269935,-36.03948741452635,17.44057946771711,0.5611340362873486,34.99367730136789,17.31327232635615,0.2805103236939845,156.13608149713298,15.210648214806007,0.32548586590269935,9.970382406106902,16.298036731946368,0.32548586590269935,-106.89988353669033,17.567392770266345,0.32548586590269935,-117.30588640679261,17.90006438754984,0.32548586590269935,-7.309889474557986,5.78219313649885,0.32548586590269935,219.2756870855633,5.32247583803066,0.5362639706129531,-211.96579761100003,6.14918528724941,0.5611340362873486
2019-05-06 05:00:00,1.1135495206794848,0.7015684573945694,0.0,1.1135495206794848,0.7015684573945694,0.0,1.063549520679485,0.05,0.686985124061236,0.014583333333333344,1.0,1705.0601703167854,18.33333333333337,0.30807843979184674,361.0298732409187,0.9465319425544848,0.11701757812500001,0.15,1949.0724654327043,14884.760378323868,0.0,0.0,24.444444444444457,0.0,0.0,0.05,0.0,0.0,0.0,0.0,0.0,20903.297,18.059314283513213,-0.06146685630706242,5.622691203250769,4.4,8.83061728816898,1279.9944058511135,110.37919939649228,-23.005373079037543,-386.2689968779661,0.0,12.077929402666665,64.40823837659289,-327.6654861023929,-89.65849309072343,-324.1962860803454,-212.67980501868985,-123.09964565770602,0.183,0.001600611166410759,0.026896284787967992,0.0,0.3773843937096834,12.077929402666665,-27.869323911335137,0.3023440913327814,8.752746220004394,0.004677542341237215,14.639653052997646,1.0008858618934953,0.08189453729194657,-105.6473744220304,-145.00329942239605,2612.2735932075793,-2076.808157957671,5.209959113246839,0.06867587875583193,1246.8379429478848,-734.3809451282682,5.946421668271812,0.06867587875583193,2791.5048145020846,-5349.341463207428,1.9234260777559422,0.0672846125515661,111.36943843361283,-370.8769768975498,5.5621560333491145,0.06867587875583193,41.798178269130084,-44.456830349167376,5.208455530377289,0.06867587875583193,70.10902973316078,17.133879357548643,0.32548586590269935,-22.267831342255523,17.335830838689237,0.5611340362873486,17.22899131253301,17.26495084041666,0.2805103236939845,154.58656402042973,15.150441423370934,0.32548586590269935,10.121413857787337,16.200561672306943,0.32548586590269935,-107.12546726768487,17.487830470759302,0.32548586590269935,-122.65270031397144,17.844185400466323,0.32548586590269935,-7.503435792514453,5.3454601674087625,0.32548586590269935,222.67372342985462,4.875714726285567,0.5362639706129531,-215.1702876373348,5.719043998903664,0.5611340362873486
2019-05-06 06:00:00,4.58547153964652,2.944208534376754,0.0,4.5854715396465195,2.944208534376754,0.0,4.53547153964652,0.05,2.9296252010434207,0.014583333333333344,1.0,6464.275427340192,21.666666666666686,0.7998517727145977,1368.7473197461507,2.9254328867807797,0.325048828125,0.4166666666666667,7507.973918961344,16774.540637030274,1.2849898247407405,0.0,24.444444444444457,0.0,0.0,0.05,0.0,0.0,0.0,0.0,0.0,20903.297,21.126757447014985,-0.21956488304740668,7.1062072269101515,6.3500000000000005,8.83061728816898,6013.59348196996,1182.1275272070277,-28.203252513622772,-415.12831247571813,0.0,12.077929402666665,220.81415631906765,-909.80418585452,-873.3389606277178,-787.6717199221777,-258.9175902235575,-537.1071504167644,0.183,0.0017941934641732432,0.026896284787967992,0.0,0.3799480040829317,12.077929402666665,-19.428309783558962,0.2506714824585521,10.003612542599388,0.004687137584030112,35.563336874179655,0.9904532906391379,0.09251621778075547,-82.85634336969805,-103.76344916942487,8785.41847624254,-3758.918840582336,11.085454110711067,0.06867587875583193,4654.969944551626,-1636.027649603949,14.633929466973436,0.06867587875583193,15881.981785894708,-9087.486607640089,9.788118390003545,0.0672846125515661,381.81371214747764,-445.71290270721005,8.393218206516261,0.06867587875583193,92.92927964941822,-55.00410878115178,8.167779879542747,0.06867587875583193,89.94405644349057,18.530698802655625,0.32548586590269935,52.20654327954023,18.643478271452118,0.5611340362873486,-22.692377141772887,18.775961768157703,0.2805103236939845,112.1071569871389,17.20573820549793,0.32548586590269935,8.693433806127079,17.809635672090906,0.32548586590269935,-68.06772340357868,18.855823082669623,0.32548586590269935,-172.19108997094384,19.493473057551533,0.32548586590269935,18.0510607490906,6.606507940181171,0.32548586590269935,144.57137877231713,6.494408305386499,0.5362639706129531,-162.6224395214022,7.0820151859027884,0.5611340362873486
2019-05-06 07:00:00,1.5479308681875994,0.9821510895197734,0.0,1.5479308681875994,0.9821510895197734,0.0,1.4979308681875994,0.05,0.96756775618644,0.014583333333333344,1.0,2606.6486581946024,21.666666666666686,0.3686468049083141,551.9324485051832,1.3679113369375993,0.13001953125000001,0.16666666666666666,3028.5615754497853,21472.938153959327,0.0,0.0,24.444444444444457,0.0,0.0,0.05,0.0,0.0,0.0,0.0,0.0,20903.297,21.391667389536376,-0.05881087170099786,9.876316262878113,10.0,8.83061728816898,2371.7660464220853,651.040844187221,-15.76591760434516,-315.9279134210703,0.0,10.493938661333333,355.0180073746196,-871.2137975250091,-556.1949324072344,-584.1156060370957,-205.94540410507665,-402.8996732043288,0.159,0.0012892630924852236,0.026896284787967992,0.0,0.37326121116028677,10.493938661333333,86.31728059156508,0.24706787013105186,10.123335291348548,0.004700976709158722,32.56661819675545,0.9895482438495072,0.07049186372055763,-1.0302919657797431,100.13868764781752,13896.025195132668,-5728.821252100749,18.96684507946035,0.06867587875583193,7570.355801216367,-2799.4196156800917,26.16970615504089,0.06867587875583193,37008.05196276607,-17152.680202234304,25.309705792007477,0.0672846125515661,613.8679944008602,-489.7010351012353,12.381496010673363,0.06867587875583193,85.78265835787504,-54.2843148360344,11.448627682479858,0.06867587875583193,49.53761339323616,19.44030404678592,0.32548586590269935,28.215324888159618,19.502675892866343,0.5611340362873486,103.48208633168312,19.370650082922833,0.2805103236939845,75.22003309734683,18.53752630827761,0.32548586590269935,8.487984691757335,18.65557166299412,0.32548586590269935,-145.4901590943037,19.80670653084636,0.32548586590269935,-119.45288330787601,20.073995648839535,0.32548586590269935,81.83747061780326,10.444911671112042,0.32548586590269935,-202.12834745777133,11.438141025755375,0.5362639706129531,120.2908768399729,10.867016962067238,0.5611340362873486
2019-05-06 08:00:00,0.9487682729348137,0.603987024284346,0.0,0.9487682729348137,0.603987024284346,0.0,0.9237682729348137,0.025,0.5966953576176794,0.007291666666666672,1.0,1620.6807550962271,21.666666666666686,0.222713213065193,343.16335444495087,0.8457565541848137,0.07801171875,0.1,1885.8323907911779,23038.81954257561,0.0,0.0,24.444444444444457,0.0,0.0,0.025,0.0,0.0,0.0,0.0,0.0,20903.297,21.313167795897947,-0.06573977620050903,14.444630931786774,12.8,8.83061728816898,1515.957518170814,481.70155322969384,-7.471102272422679,-233.63525115492288,0.0,4.949971066666667,408.8376851384181,-810.8858196331693,-353.7496739775039,-460.3426611121534,-159.28614228741694,-313.72177102248173,0.07500000000000001,0.0008382318475817824,0.026896284787967992,0.0,0.3672882043747581,4.949971066666667,131.43314543526577,0.2485241008211972,10.095081600158041,0.004709122927101046,13.033526073066627,0.9892365343872408,0.06552567750677095,-120.20689277471773,258.7450915594608,17257.15904322297,-7085.104648860968,24.429929121107264,0.06867587875583193,7832.129975254708,-3021.15972604367,29.98956739251834,0.06867587875583193,53654.24255850374,-24482.430338242582,37.588957525729455,0.0672846125515661,706.9285630533716,-496.25662919887293,15.134682203815412,0.06867587875583193,118.74383990348343,-62.339597612046674,15.020953244400589,0.06867587875583193,34.951118988530226,19.77207167610855,0.32548586590269935,15.84280702122002,19.823041411347855,0.5611340362873486,167.75510769963222,19.557215319503307,0.2805103236939845,45.74969216358633,19.236859549218003,0.32548586590269935,6.768221822089836,19.138632510871034,0.32548586590269935,-180.0209738507902,20.164692724153795,0.32548586590269935,-91.04597384426573,20.247496037248947,0.32548586590269935,139.62865933936018,15.537680849577693,0.32548586590269935,-476.96678605969515,17.356019169802078,0.5362639706129531,337.33812672034026,15.97914952515557,0.5611340362873486
2019-05-06 09:00:00,1.4194295231182017,0.9168608965312173,0.0,1.4194295231182017,0.9168608965312173,0.0,1.4194295231182017,0.0,0.9168608965312173,0.0,1.0,2532.543842040157,21.666666666666686,0.33956049839482577,536.2414759233708,1.302411944993202,0.11701757812500001,0.15,2951.7677398385276,23900.556197050362,0.0,0.0,24.444444444444457,0.0,0.0,0.0,0.0,0.0,0.0,0.0,0.0,20903.297,21.383368151095116,-0.0593841065885116,19.163285413217462,15.0,8.83061728816898,2516.275337524714,414.3178363503041,-4.120742060163376,-173.9348034270803,0.0,2.96998264,448.9633051801568,-794.2681046863864,-282.1039646578822,-378.0539633349538,-126.12857788781704,-267.6553671036357,0.045,0.0006210416974571021,0.026896284787967992,0.0,0.3644119552121919,2.96998264,158.81705833180078,0.24725715382358243,10.115905072001457,0.00470788605359958,-39.92789195141109,0.9883925423137102,0.10978677628523136,-467.1181770010735,345.1945374280068,19839.071311691583,-8069.844899356988,28.4389436254277,0.06867587875583193,7412.0231651813765,-2918.8238830886194,31.18092386708635,0.06867587875583193,69777.09021090675,-31393.44351252812,47.715636987436,0.0672846125515661,776.3104912582731,-495.0565486555494,17.277701226281295,0.06867587875583193,158.41567154387863,-72.43797306177673,18.267291811007752,0.06867587875583193,14.721604180467875,20.05299830910607,0.32548586590269935,8.343137056594909,20.071501495837722,0.5611340362873486,207.43794039654543,19.723842972156582,0.2805103236939845,20.944859610287963,19.80590852600142,0.32548586590269935,4.382382635207367,19.626623691285296,0.32548586590269935,-179.40631669956736,20.3982002852611,0.32548586590269935,-76.42360717953748,20.418373176270325,0.32548586590269935,182.4969927408999,20.29964468785702,0.32548586590269935,-633.9402063067163,22.573858851739416,0.5362639706129531,451.44321356582196,20.830294648417446,0.5611340362873486
2019-05-06 10:00:00,0.6455590904156568,0.41698997855287473,0.0,0.6455590904156567,0.4169899785528748,0.0,0.6455590904156568,0.0,0.41698997855287473,0.0,1.0,1070.1441236342262,21.666666666666686,0.1398067967816671,226.59258836208545,0.5935512779156568,0.0520078125,0.06666666666666667,1244.7288994963117,24993.19721582974,0.0,0.0,24.444444444444457,0.0,0.0,0.0,0.0,0.0,0.0,0.0,0.0,20903.297,21.340186373564794,-0.06228821203594741,23.386587659463732,16.65,8.83061728816898,1106.9518362348779,-348.1646618915432,-2.6222877853391364,-127.08545699706389,0.0,2.96998264,431.47196026972426,-758.6223400607719,-206.10196442579576,-273.91380120927715,-96.35013415884232,-205.38586442746393,0.045,0.0005549504911339182,0.026896284787967992,0.0,0.36353670936549526,2.96998264,163.54547474305465,0.24641544417081954,10.068667423061113,0.004682195424538507,-74.68299217797731,0.9879823022327006,0.14980092989379393,-1021.807323554279,447.05007330065035,19987.189629467444,-8417.995941160874,30.38200882601659,0.06867587875583193,6130.804893955878,-2578.9091951287646,30.171051104639655,0.06867587875583193,81215.60969377327,-37810.628710806806,55.779023665824745,0.0672846125515661,746.0658935294299,-489.76655265570633,18.568723155394817,0.06867587875583193,170.71758153673142,-78.34530106530264,20.239999263780533,0.06867587875583193,-15.307923865631832,20.306628946367166,0.32548586590269935,-7.861533016069249,20.286028220247104,0.5611340362873486,244.8404900093171,19.845519819126675,0.2805103236939845,8.423739144815166,20.160070212114707,0.32548586590269935,2.16388135588521,20.046211079641132,0.32548586590269935,-172.14362558009998,20.57132243351468,0.32548586590269935,-60.115028048215876,20.53335359853334,0.32548586590269935,236.90509958490435,24.776651037792284,0.32548586590269935,-821.3478294072158,27.591343055487894,0.5362639706129531,584.4427298223171,25.437657642024025,0.5611340362873486
2019-05-06 11:00:00,0.8273589352355634,0.5344210774528342,0.0,0.8273589352355634,0.5344210774528342,0.0,0.8273589352355634,0.0,0.5344210774528342,0.0,1.0,1608.4724026888273,21.666666666666686,0.20593095755056487,340.5783548074863,0.7623491696105634,0.06500976562500001,0.08333333333333333,1884.0409918713133,25851.455687208243,0.0,0.0,24.444444444444457,0.0,0.0,0.0,0.0,0.0,0.0,0.0,0.0,20903.297,21.50684429014819,-0.036531439336592204,26.332199373237692,17.75,8.83061728816898,1658.2999001830133,-599.3951572149623,-1.7350326537548937,-101.29912420665568,0.0,2.96998264,391.3129109536937,-776.2940702526452,-225.43428035609244,-230.7533250381026,-79.75767939400171,-183.3533134551341,0.045,0.000433266988094928,0.026896284787967992,0.0,0.3619252547322483,2.96998264,149.8916717145967,0.2423152640789832,10.098657775454202,0.004656616528296274,-75.83588981047842,0.9862600030348039,0.16171199656340673,-1391.7946337402468,451.82112171779823,18000.425225353818,-7794.87141976004,29.908566579975286,0.06867587875583193,4030.866045624969,-1892.4867390758586,26.407883431152996,0.06867587875583193,87584.19407597929,-41019.91113168491,59.585508401373936,0.0672846125515661,676.626162167681,-475.53167708368466,19.261995593846425,0.06867587875583193,169.88741569898056,-79.92436462433423,21.27232109311178,0.06867587875583193,-37.670016805166476,20.53847072015829,0.32548586590269935,-20.443366248628568,20.489789967597805,0.5611340362873486,265.31865244659406,19.99254557087003,0.2805103236939845,1.363000969558531,20.436064906501677,0.32548586590269935,0.37735900539121303,20.41491270921893,0.32548586590269935,-153.23266618454423,20.719984586266072,0.32548586590269935,-55.71296318320444,20.695750638658065,0.32548586590269935,252.92959895871599,27.561140578511257,0.32548586590269935,-838.6262503462273,30.428358547499307,0.5362639706129531,585.6966513875176,28.308623124982077,0.5611340362873486
2019-05-06 12:00:00,0.49933269421587856,0.32253705747953093,0.0,0.49933269421587856,0.32253705747953093,0.0,0.49933269421587856,0.0,0.32253705747953093,0.0,1.0,914.1140888688117,21.666666666666686,0.1159541757379503,193.5547491973434,0.4603268348408786,0.039005859375,0.05,1068.662978691155,26242.027160996702,0.0,0.0,24.444444444444457,0.0,0.0,0.0,0.0,0.0,0.0,0.0,0.0,20903.297,21.37087603182575,-0.044556741558821084,28.510952942684654,19.15,8.83061728816898,1028.720004979164,-977.1955561799069,-0.8196894343599493,-59.58536085198242,0.0,2.96998264,402.17299186890415,-726.355239392533,-143.52353485208772,-129.98892420464225,-54.66174092983332,-106.88719759660214,0.045,0.000426127294262583,0.026896284787967992,0.0,0.3618307037666798,2.96998264,172.04098375669477,0.24251776473021222,10.0056013564648,0.004627277507859145,-73.04435287573156,0.9855530343629055,0.17597695909003194,-1635.5782215892316,464.82791621198135,18032.670352995043,-7687.634690057488,31.300511841391856,0.06867587875583193,4394.466752258235,-1960.5764971176372,28.508088157376573,0.06867587875583193,80346.27293379222,-38861.01307366362,58.92501099196731,0.0672846125515661,695.4045225662188,-443.3279582426949,20.620237967404268,0.06867587875583193,189.8217161883018,-82.17735921631991,23.245587587085048,0.06867587875583193,-60.91913891984744,20.70136539828725,0.32548586590269935,-43.30762621156743,20.640513166760297,0.5611340362873486,299.20231789100615,20.04515918664471,0.2805103236939845,-13.018770193176397,20.737799625820838,0.32548586590269935,-0.8255019372487027,20.65121695565305,0.32548586590269935,-140.66300306677792,20.809081757062746,0.32548586590269935,-40.468277562389936,20.740671082366287,0.32548586590269935,276.60961628529134,29.657822118062224,0.32548586590269935,-873.1117938103577,32.66646876696759,0.5362639706129531,596.5021775250729,30.527731396426635,0.5611340362873486
2019-05-06 13:00:00,0.5136190085263963,0.33176510489825245,0.0,0.5136190085263963,0.3317651048982524,0.0,0.5136190085263963,0.0,0.33176510489825245,0.0,1.0,947.6619699239586,21.666666666666686,0.1167444962483108,200.65818604707687,0.4746131491513962,0.039005859375,0.05,1109.3142965960355,26989.996242559515,0.0,0.0,24.444444444444457,0.0,0.0,0.0,0.0,0.0,0.0,0.0,0.0,20903.297,21.41717872939012,-0.0535994530510593,29.050338565028646,20.0,8.83061728816898,1116.3473776748106,-1125.5451091997877,-0.746959717096881,-37.820380137003994,0.0,2.96998264,448.66344707484797,-716.7409028106143,-129.83113657506874,-78.45934112949527,-43.816134517486695,-64.88085980309572,0.045,0.0005233588146640625,0.026896284787967992,0.0,0.3631183407933555,2.96998264,204.28276496495266,0.24028164457693835,9.989026772850165,0.004602701110035071,-76.29307333524268,0.9842334769542549,0.18668724888397933,-1676.767299844766,350.56400459790154,18963.285918192312,-7885.034646157374,33.078345824516774,0.06867587875583193,5910.19647740359,-2469.113058297022,33.227149444298234,0.06867587875583193,65094.210794312785,-30872.393990142373,52.20744806024475,0.0672846125515661,775.7920012383669,-416.49682997649205,21.816108080071707,0.06867587875583193,233.5479237166046,-89.8053086018188,25.510994218142194,0.06867587875583193,-76.24203651685954,20.877759703001587,0.32548586590269935,-60.68104186234608,20.812946725436507,0.5611340362873486,321.42007727044546,20.14970855184896,0.2805103236939845,-26.701055701764364,21.061056700837582,0.32548586590269935,-2.4434293038840225,20.961373316431004,0.32548586590269935,-122.74917568052321,20.920265248222602,0.32548586590269935,-32.603338205072276,20.848893957478076,0.32548586590269935,192.81601355782686,29.996275840470908,0.32548586590269935,-648.5193057930463,32.1508495952448,0.5362639706129531,455.70329223522737,30.53884179096109,0.5611340362873486
2019-05-06 14:00:00,0.5136584679566512,0.3317905931722462,0.0,0.5136584679566512,0.3317905931722462,0.0,0.5136584679566512,0.0,0.3317905931722462,0.0,1.0,947.639171703105,21.666666666666686,0.11673038879746257,200.65335874600666,0.4746526085816511,0.039005859375,0.05,1109.2866710741116,27238.796977322167,0.0,0.0,24.444444444444457,0.0,0.0,0.0,0.0,0.0,0.0,0.0,0.0,20903.297,21.39209631458528,-0.08648902227419401,28.87851401654468,20.0,8.83061728816898,1127.996881409686,-1031.2547924750827,-0.44816545094267934,-37.1308651209524,0.0,2.96998264,445.7318772497664,-698.7055002101216,-103.439697869359,-23.580228382982916,-42.451755683099044,-19.968397238909333,0.045,0.00034422231579625475,0.026896284787967992,0.0,0.3607460361351664,2.96998264,214.9667576384759,0.23891593506290668,9.943049504681499,0.00457158447457266,-79.4458175571299,0.9837267619680837,0.17382139794214108,-1529.8197054966315,297.9115542755422,18360.06851882244,-7667.486258664366,32.971686764922524,0.06867587875583193,6407.228587104564,-2659.6408753285914,34.75318087136099,0.06867587875583193,57096.66298427253,-27207.574212935833,48.697637761302914,0.0672846125515661,770.7229713537222,-394.56873301832354,21.893376889806508,0.06867587875583193,227.28915095485908,-86.89800964873093,25.574818355059314,0.06867587875583193,-93.15118817315997,20.99202908337232,0.32548586590269935,-79.49439102951133,20.92218469445737,0.5611340362873486,338.7469899547952,20.19677717053297,0.2805103236939845,-25.15334655380105,21.117239943173708,0.32548586590269935,-3.7943845412811563,21.177759189920675,0.32548586590269935,-110.85322959414201,20.976365498989956,0.32548586590269935,-26.30045006290093,20.898325208352095,0.32548586590269935,127.25604965853772,30.050318478888787,0.32548586590269935,-528.0301727713252,31.615495862965368,0.5362639706129531,400.77412311279465,30.251271972739904,0.5611340362873486
2019-05-06 15:00:00,0.5084352198308351,0.32841670818433905,0.0,0.5084352198308351,0.32841670818433905,0.0,0.5084352198308351,0.0,0.32841670818433905,0.0,1.0,935.7311242048225,21.666666666666686,0.11649302153784123,198.13194574622204,0.469429360455835,0.039005859375,0.05,1094.8572105760447,27161.551495216172,0.0,0.0,24.444444444444457,0.0,0.0,0.0,0.0,0.0,0.0,0.0,0.0,20903.297,21.28366054529297,-0.07618499946590139,28.220506748956,19.7,8.83061728816898,1056.27742850511,-1068.6905084712657,-0.6240716002278848,-42.28348742619039,0.0,2.96998264,281.16743945121266,-674.6245598173172,-58.72498666536663,35.07335225998839,-37.385686331324045,25.67189030897122,0.045,0.00035874162919284007,0.026896284787967992,0.0,0.3609383154027759,2.96998264,160.48388068670562,0.23915375095156077,9.875444346415435,0.004546170150664562,-64.84072956754865,0.9841035568121802,0.17120203176268695,-1448.0137747654248,181.19132054793695,11487.814179778983,-5351.888925433594,28.308629024098032,0.06867587875583193,4235.823410600234,-2012.7126653940034,30.584847974334274,0.06867587875583193,33691.028052141526,-18541.104129947245,38.43314093836367,0.0672846125515661,486.17165484964204,-304.6082206842383,20.788806146898757,0.06867587875583193,146.8697736294589,-63.43281195268203,23.30119596737019,0.06867587875583193,-112.45777336886458,21.034899618744284,0.32548586590269935,-98.06006147508815,20.9542083551851,0.5611340362873486,352.666989165325,20.17250416532084,0.2805103236939845,-7.640903468768481,20.88558655968517,0.32548586590269935,-3.945921826919575,21.193442508571028,0.32548586590269935,-108.65409852336003,20.972503747973786,0.32548586590269935,-21.90823050232266,20.879322594958225,0.32548586590269935,45.61586886817007,29.151249213937238,0.32548586590269935,-301.10409428977266,29.87466683614328,0.5362639706129531,255.4882254216107,29.04544437338677,0.5611340362873486
2019-05-06 16:00:00,0.4954786561581975,0.32004759482479606,0.0,0.49547865615819753,0.32004759482479606,0.0,0.4954786561581975,0.0,0.32004759482479606,0.0,1.0,904.3318402083612,21.666666666666686,0.11563349357340928,191.4834533830511,0.45647279678319747,0.039005859375,0.05,1056.8094342164122,26728.546351462606,0.0,0.0,24.444444444444457,0.0,0.0,0.0,0.0,0.0,0.0,0.0,0.0,20903.297,21.37166349630866,-0.05692350816817442,25.664430141418727,18.6,8.83061728816898,930.8515093641897,-1112.4152594174166,-2.6093920561076898,-74.27131228997821,0.0,3.563979167999999,126.10884089690268,-700.2984457916356,-106.37698700949362,15.891115191335015,-50.62544739108023,14.206520828089966,0.053999999999999986,0.0008509591325864893,0.026896284787967992,0.0,0.3674567518103371,3.563979167999999,99.8363943339144,0.2367426094632173,9.889486353221638,0.004524739228645396,-43.06746930548263,0.9838220161346328,0.184281547953247,-1297.0082865856284,-6.890426214839114,5072.758624299938,-2690.9177657943505,22.129912333631616,0.06867587875583193,1677.2902209577935,-938.6060735390855,22.86458857271668,0.06867587875583193,14446.86623975184,-8826.238628867028,25.548630500737055,0.0672846125515661,218.05705521835793,-221.4885475269868,19.068627726936835,0.06867587875583193,82.42726999714901,-43.104492176808215,20.62285731430421,0.06867587875583193,-118.0562457624824,21.04078972204982,0.32548586590269935,-104.46479255471968,20.958718813051753,0.5611340362873486,342.9841391936445,20.18275918481727,0.2805103236939845,15.579399679762172,20.571297237278593,0.32548586590269935,-3.1893925540053734,21.108621907055998,0.32548586590269935,-103.89223411826012,20.957726272826044,0.32548586590269935,-28.960873883939712,20.903246496231382,0.32548586590269935,-50.40305200070194,26.01223082768851,0.32548586590269935,42.148241077413694,25.60471546507211,0.5362639706129531,8.254810923294281,25.65422060113307,0.5611340362873486
2019-05-06 17:00:00,0.48717379915287423,0.3146831871416749,0.0,0.4871737991528743,0.3146831871416749,0.0,0.48717379915287423,0.0,0.3146831871416749,0.0,1.0,883.1288805338951,21.666666666666686,0.11491188772039734,186.99393331984854,0.4481679397778742,0.039005859375,0.05,1031.1169544787438,25792.75800148891,0.0,0.0,24.444444444444457,0.0,0.0,0.0,0.0,0.0,0.0,0.0,0.0,20903.297,21.4145878369557,-0.052330949098158185,22.640415494397974,17.25,8.83061728816898,852.4903084873214,-889.4387943009958,-5.321144078939695,-111.98018581599541,0.0,6.533961808,79.29614345994078,-715.2382709935971,-139.7319676472147,-15.964194835752158,-71.191772648678,3.9388526956192647,0.099,0.0012687412997771333,0.026896284787967992,0.0,0.37298944105903165,6.533961808,80.12879604036135,0.23566926843330105,9.897958948826782,0.004516003875987519,-6.194105043699622,0.9836838153196305,0.18952564495611057,-1022.135562618021,-54.29716500282344,3188.9840560011103,-1958.3523379405467,19.34267284825687,0.06867587875583193,1077.9355244760714,-699.2689939865699,20.009203804421524,0.06867587875583193,8705.252655852737,-6289.248937739001,20.882000060238322,0.0672846125515661,137.1123817336729,-205.21665457614588,17.664597000213732,0.06867587875583193,52.407545061946465,-34.49245679618337,18.54935484852485,0.06867587875583193,-112.7312387265567,20.990022790019346,0.32548586590269935,-109.3415363655873,20.928183299052204,0.5611340362873486,329.75914231702336,20.166516968790734,0.2805103236939845,34.01196066054954,20.287257529291374,0.32548586590269935,-1.900607320631864,20.936221201394893,0.32548586590269935,-104.0163308912066,20.918980924734015,0.32548586590269935,-35.781389673590944,20.893737479457652,0.32548586590269935,-69.09928449437147,23.053396708214972,0.32548586590269935,125.19358766966859,22.376324622177926,0.5362639706129531,-56.09430317528871,22.662428301073923,0.5611340362873486
2019-05-06 18:00:00,0.4794453431874615,0.30969109774953374,0.0,0.47944534318746146,0.30969109774953374,0.0,0.4794453431874615,0.0,0.30969109774953374,0.0,1.0,862.1783050331808,21.666666666666686,0.11404892228766632,182.55785314565628,0.4404394838124615,0.039005859375,0.05,1005.7302988038371,25049.888858422273,0.0,0.0,24.444444444444457,0.0,0.0,0.0,0.0,0.0,0.0,0.0,0.0,20903.297,21.37212221929574,-0.04897366851788944,20.37051739963343,16.15,8.83061728816898,792.2684190267104,-557.7997550192825,-4.976895234000823,-140.8629433068309,0.0,10.691937504,43.64654268103028,-713.083331052485,-142.25118494943797,-39.04548018682174,-86.20806024417567,0.8752179890005186,0.162,0.0009897052512455454,0.026896284787967992,0.0,0.36929416666259135,10.691937504,65.23801503036141,0.2364472198560726,9.884541929631002,0.004519446337233496,23.912925278816115,0.983823274384475,0.1545249146664762,-650.6136422047183,-89.74396596022048,1753.0822005493012,-1433.367362429857,17.159071237569787,0.06867587875583193,660.5838798773613,-532.327155976546,17.808361369891156,0.06867587875583193,3639.1641476757136,-4200.6788577085745,16.80994579754292,0.0672846125515661,75.47001859503722,-194.3642594365135,16.52037746688796,0.06867587875583193,30.61668419753502,-28.447002230557892,16.912511343768244,0.06867587875583193,-104.20530219109145,20.897051986541474,0.32548586590269935,-112.05033448618015,20.85881786136603,0.5611340362873486,318.41052891359226,20.111678890687106,0.2805103236939845,48.893448990171386,20.014414425402727,0.32548586590269935,-0.47117067498949156,20.71381306569519,0.32548586590269935,-109.94787060696423,20.855182152434395,0.32548586590269935,-40.62929994453637,20.840644276313704,0.32548586590269935,-70.60664156688985,20.619179251202514,0.32548586590269935,179.4211316189343,19.829605009868274,0.5362639706129531,-108.81449005203807,20.299308192958925,0.5611340362873486
2019-05-06 19:00:00,0.9548379020132416,0.6167643554141748,0.0,0.9548379020132416,0.6167643554141748,0.0,0.9548379020132416,0.0,0.6167643554141748,0.0,1.0,1713.0681925395272,21.666666666666686,0.2275926592292705,362.72549389895664,0.8768261832632416,0.07801171875,0.1,1997.7819676884837,24682.370523401394,0.0,0.0,24.444444444444457,0.0,0.0,0.0,0.0,0.0,0.0,0.0,0.0,20903.297,21.27167907721346,-0.08305363782313921,18.652692378331473,15.3,8.83061728816898,1604.8446625761055,-159.79998656748697,-4.117034826832086,-161.6097541270047,0.0,10.691937504,1.2929650431689683,-700.8796929229759,-127.69489799828195,-57.42430214445873,-95.9749334717631,-0.061026003762717926,0.162,0.000681955418043044,0.026896284787967992,0.0,0.3652186356151638,10.691937504,46.81132148641494,0.2386459143313773,9.860958402758984,0.004530754509897536,28.714464138142937,0.9847228880496743,0.11810677941928206,-399.19066496967963,-123.33481549676398,51.951379968,-804.4358461467524,14.921690474088388,0.06867587875583193,16.109387136,-283.9170058097055,15.184337587608013,0.06867587875583193,8.948024654642484,-2654.730512782597,13.65665036814426,0.0672846125515661,2.2356890112422474,-179.1083477430216,15.53562768938747,0.06867587875583193,0.8918691839999998,-19.923693809453233,15.214803890155958,0.06867587875583193,-93.58695235245686,20.76241680682023,0.32548586590269935,-111.90098499495603,20.747539193923455,0.5611340362873486,307.1328632335489,20.019469836334743,0.2805103236939845,61.2198930010783,19.737582414626736,0.32548586590269935,0.9945832247969197,20.450030871076038,0.32548586590269935,-118.77505205779744,20.759438492159877,0.32548586590269935,-45.084350054214944,20.748872707036007,0.32548586590269935,-66.44297391698892,18.608497460045513,0.32548586590269935,227.28215155741114,17.757084706528595,0.5362639706129531,-160.83917764041567,18.404912093346468,0.5611340362873486
2019-05-06 20:00:00,0.47540024144642407,0.3070782201473404,0.0,0.47540024144642407,0.3070782201473404,0.0,0.47540024144642407,0.0,0.3070782201473404,0.0,1.0,850.8860743308413,21.666666666666686,0.11354112134470662,180.16683335055112,0.436394382071424,0.039005859375,0.05,992.0470483063924,24361.078741874568,0.0,0.0,24.444444444444457,0.0,0.0,0.0,0.0,0.0,0.0,0.0,0.0,20903.297,21.446854843881976,-0.03829830622142261,17.39173973950774,15.0,8.83061728816898,717.264088391904,-181.739563562654,-4.412497921792717,-174.7696893477618,0.0,10.691937504,0.0,-745.684212980397,-205.2606603276851,-136.48264475482637,-106.02868856870892,-52.00191876808104,0.162,0.0006768800309829537,0.026896284787967992,0.0,0.3651514222642227,10.691937504,34.868263826617174,0.23668881372164566,9.944411344014318,0.004539375977951898,21.620713036998197,0.9847414051885689,0.09757088430194988,-239.1474912770318,-122.75890563617331,0.0,-737.9950336605064,14.47145652253665,0.06867587875583193,0.0,-249.4561907052015,14.629388532721315,0.06867587875583193,0.0,-2488.8716306380084,13.100065573245882,0.0672846125515661,0.0,-182.23946423174888,15.288806214836665,0.06867587875583193,0.0,-19.102419336954906,14.83262293883519,0.06867587875583193,-75.05553209107141,20.716652400535544,0.32548586590269935,-100.1294815650051,20.72269905723015,0.5611340362873486,286.3900394159682,20.051145217538952,0.2805103236939845,62.0486936342212,19.72201084090049,0.32548586590269935,1.9568745282728648,20.345262056169688,0.32548586590269935,-119.20776256182896,20.755727341040537,0.32548586590269935,-56.00283136055629,20.79165155204522,0.32548586590269935,-48.17745950725536,17.206485367262353,0.32548586590269935,214.8955239435419,16.49998327947015,0.5362639706129531,-166.7180644362807,17.146744449539465,0.5611340362873486
2019-05-06 21:00:00,0.9375323993675404,0.6055861049887469,0.0,0.9375323993675403,0.6055861049887469,0.0,0.9375323993675404,0.0,0.6055861049887469,0.0,1.0,1660.8852276687296,21.666666666666686,0.22479620053051172,351.67625967214394,0.8595206806175403,0.07801171875,0.1,1934.5497685908736,24058.7107752379,0.0,0.0,24.444444444444457,0.0,0.0,0.0,0.0,0.0,0.0,0.0,0.0,20903.297,21.379718900906692,-0.062332044756318795,16.48649188476553,13.9,8.83061728816898,1494.2005504975496,-133.95470646031015,-9.616747784019378,-203.60896957724995,0.0,12.077929402666665,0.0,-737.230647974026,-192.2189983724946,-154.00704363951363,-121.20941135026345,-58.78960579386849,0.183,0.0011841206493863068,0.026896284787967992,0.0,0.37186880978416625,12.077929402666665,34.46311078742242,0.23839197830204778,9.934002906605993,0.004550611535475801,58.96506402287718,0.9855295708690355,0.1276874866131905,-374.01732192999384,-111.61364420246028,0.0,-765.2125160557994,13.558789832295465,0.06867587875583193,0.0,-245.82292373842452,13.62478076985363,0.06867587875583193,0.0,-2494.1195714687005,12.322949676048106,0.0672846125515661,0.0,-185.82136348954756,14.369506222277494,0.06867587875583193,0.0,-19.016686202375435,13.848179688069903,0.06867587875583193,-65.97625582057154,20.610772465489564,0.32548586590269935,-96.64197322147798,20.63103980417643,0.5611340362873486,275.84995828635016,19.983322144700836,0.2805103236939845,73.75449801649096,19.47833190129718,0.32548586590269935,2.6899237763672375,20.182780371859014,0.32548586590269935,-129.801081184291,20.688488817776523,0.32548586590269935,-59.87506985286661,20.722848515945536,0.32548586590269935,-32.65223831175569,16.279557546322568,0.32548586590269935,188.3515404493126,15.726907442327922,0.5362639706129531,-155.69930213755202,16.31602028341098,0.5611340362873486
2019-05-06 22:00:00,0.9427494899358151,0.600099274532343,0.0,0.9427494899358151,0.6000992745323429,0.0,0.9177494899358151,0.025,0.5928076078656763,0.007291666666666672,1.0,1600.1875358141629,21.666666666666686,0.22137136003703894,338.8241149925816,0.8397377711858149,0.07801171875,0.1,1860.9999320567445,23010.555637292266,0.0,0.0,24.444444444444457,0.0,0.0,0.025,0.0,0.0,0.0,0.0,0.0,20903.297,21.3445177865777,-0.059645247506160716,15.056245883296125,12.25,8.83061728816898,1382.0028791836269,-272.5277149207839,-16.88044067252688,-248.5227504071125,0.0,12.077929402666665,0.0,-737.5123498776863,-195.0849647447913,-181.22828588689575,-146.91165733989604,-73.73266325316146,0.183,0.0018214663541334245,0.026896284787967992,0.0,0.38030917896523503,12.077929402666665,35.140605046436455,0.24065032643871082,9.953226465725187,0.004584157587736505,120.62235197755471,0.9856664940762322,0.17178342026237362,-490.3207590539609,-121.03107085940464,0.0,-711.5267368392367,11.991986717663838,0.06867587875583193,0.0,-228.36845799167222,12.052805394968438,0.06867587875583193,0.0,-2261.2232843399893,10.832907467612483,0.0672846125515661,0.0,-187.51332808099193,12.970514799318602,0.06867587875583193,0.0,-18.42233133716456,12.349855803107422,0.06867587875583193,-57.68701463071526,20.508166082735418,0.32548586590269935,-92.91170809815485,20.540499032938282,0.5611340362873486,261.2050898361613,19.924270395766715,0.2805103236939845,91.81262284668965,19.150572079992166,0.32548586590269935,3.7005386488285996,19.99261699056549,0.32548586590269935,-140.72600463270854,20.623404140953305,0.32548586590269935,-65.3935239700957,20.66277686080573,0.32548586590269935,-34.76941508088636,14.924344424092007,0.32548586590269935,203.84141029275463,14.321983175376621,0.5362639706129531,-169.07199521186462,14.96977474540346,0.5611340362873486
2019-05-06 23:00:00,0.05,0.014583333333333344,0.0,0.05,0.014583333333333344,0.0,0.0,0.05,0.0,0.014583333333333344,1.0,0.0,18.33333333333337,0.0,0.0,0.0,0.0,0.0,0.0,22552.61252865504,0.0,0.0,24.444444444444457,0.0,0.0,0.05,0.0,0.0,0.0,0.0,0.0,20903.297,20.482509309813263,0.0,13.452872573463976,11.15,8.83061728816898,-210.9871567988636,-524.8600692632149,-18.780221752509377,-255.76173810119977,0.0,12.077929402666665,0.0,-575.1348751754377,33.52325355575299,-71.25379070244584,-144.5800445862152,29.943483808525404,0.183,0.0019713438186134353,0.026896284787967992,0.0,0.38229400623042503,12.077929402666665,51.47687365217886,0.2564118712068656,9.653242627071586,0.004634022649237784,134.97056748348197,0.9879202701601815,0.17458532121565376,-411.01263010990994,-113.84743915330493,0.0,-689.6295143601706,10.920925489607757,0.06867587875583193,0.0,-217.62392698425072,10.950937976507928,0.06867587875583193,0.0,-2160.92025812549,9.770987663434461,0.0672846125515661,0.0,-184.82756687759922,11.924707416158457,0.06867587875583193,0.0,-18.21448791093324,11.312822587358742,0.06867587875583193,-54.41850202027963,20.08105117371677,0.32548586590269935,-107.60368007336474,20.146497110813023,0.5611340362873486,266.5382102571686,19.49267271504213,0.2805103236939845,106.91465133680778,18.520299857397312,0.32548586590269935,5.064286394244692,19.42711674612157,0.32548586590269935,-164.2628704768312,20.24512407519561,0.32548586590269935,-52.2320954177431,20.186422671743,0.32548586590269935,-31.659560885868995,13.536869702422306,0.32548586590269935,191.08281442601572,12.971380223017894,0.5362639706129531,-159.42325354014054,13.588982050168243,0.5611340362873486
2019-05-07 00:00:00,0.05,0.014583333333333344,0.0,0.05,0.014583333333333344,0.0,0.0,0.05,0.0,0.014583333333333344,1.0,0.0,18.33333333333337,0.0,0.0,0.0,0.0,0.0,0.0,22552.61252865504,0.0,0.0,24.444444444444457,0.0,0.0,0.05,0.0,0.0,0.0,0.0,0.0,20903.297,19.364120949022155,0.0,11.968067881828695,10.0,8.83061728816898,-220.0603375531981,-399.83639650923453,-15.522750959914555,-257.50713209285254,0.0,12.077929402666665,0.0,-397.2989952555868,189.3241240901145,-14.160260617962788,-138.85887283103128,103.59565628664153,0.183,0.0016385151417387769,0.026896284787967992,0.0,0.37788635605573156,12.077929402666665,40.8916160969023,0.277324945587903,9.244324546780682,0.004680941667695782,132.5847682609553,0.9910935058081596,0.14675808443538227,-286.3356347036689,-113.50076180556557,0.0,-935.511568601873,9.551433990614672,0.06867587875583193,0.0,-288.9979975132935,9.542543058633647,0.06867587875583193,0.0,-3049.696388895629,7.951896226257881,0.0672846125515661,0.0,-227.80993826287312,10.59404044746009,0.06867587875583193,0.0,-23.90485909567439,9.997374105246681,0.06867587875583193,-31.867567811225307,19.243448013002496,0.32548586590269935,-112.45932625469504,19.368950622977188,0.5611340362873486,232.03714047079774,18.76234664815357,0.2805103236939845,119.15750218795105,17.55351630929882,0.32548586590269935,5.8436158299396785,18.5525486819994,0.32548586590269935,-159.30661206126436,19.4511420915412,0.32548586590269935,-53.404752361503355,19.405935592535055,0.32548586590269935,-30.19539653271892,12.163174376441733,0.32548586590269935,189.6382297808399,11.60332296395414,0.5362639706129531,-159.44283324811659,12.227632987167176,0.5611340362873486
2019-05-07 01:00:00,0.05,0.014583333333333344,0.0,0.05,0.014583333333333344,0.0,0.0,0.05,0.0,0.014583333333333344,1.0,0.0,18.33333333333337,0.0,0.0,0.0,0.0,0.0,0.0,22552.61252865504,0.0,0.0,24.444444444444457,0.0,0.0,0.05,0.0,0.0,0.0,0.0,0.0,20903.297,18.592724575402777,0.0,10.715733305708055,8.85,8.83061728816898,-250.2645715482191,-349.4098152303915,-12.282882108066955,-268.7811231130894,0.0,12.077929402666665,0.0,-294.67523855966476,209.75345756871755,-19.488102771547517,-141.86142469033865,112.59071637485022,0.183,0.0012270471607127508,0.026896284787967992,0.0,0.37243728557454486,12.077929402666665,18.72150427027061,0.2939132055313083,8.974871529744625,0.004731169493386058,140.14985965336774,0.9930690656803685,0.11239956324006611,-216.123776151289,-133.2860390791025,0.0,-1190.4425598764224,8.092089068527269,0.06867587875583193,0.0,-365.67617505992337,8.063635552864463,0.06867587875583193,0.0,-3954.4527860283642,5.857233490230358,0.0672846125515661,0.0,-279.24401354667935,9.278248540394742,0.06867587875583193,0.0,-30.13992649493216,8.634885602415556,0.06867587875583193,-12.36665734765229,18.518348696020226,0.32548586590269935,-105.17831348093132,18.676300396915558,0.5611340362873486,182.4307490198526,18.16650453268611,0.2805103236939845,129.13963313517783,16.72327800177096,0.32548586590269935,6.557326069369009,17.790646354156504,0.32548586590269935,-136.8068285119767,18.732192383031244,0.32548586590269935,-63.775908883839534,18.772223810519996,0.32548586590269935,-33.57895248540083,10.803950429430747,0.32548586590269935,221.5098196113989,10.15384992530031,0.5362639706129531,-187.930867125993,10.897023117516438,0.5611340362873486
2019-05-07 02:00:00,0.05,0.014583333333333344,0.0,0.05,0.014583333333333344,0.0,0.0,0.05,0.0,0.014583333333333344,1.0,0.0,18.33333333333337,0.0,0.0,0.0,0.0,0.0,0.0,22552.61252865504,0.0,0.0,24.444444444444457,0.0,0.0,0.05,0.0,0.0,0.0,0.0,0.0,20903.297,17.94342015387257,-0.028179075371095586,9.491971598877736,8.3,8.83061728816898,-263.9111900445256,-258.8887608860344,-11.597330809550156,-266.37652909242195,0.0,12.077929402666665,0.0,-213.67390174193199,211.86496220382878,-31.866634859472594,-139.69130201946743,109.70244699549612,0.183,0.001169896166129596,0.026896284787967992,0.0,0.3716804349521052,12.077929402666665,1.9847404547798786,0.3091865190300238,8.753898253619296,0.004781569717483895,137.63523030645442,0.9946768390972546,0.09846464607696807,-123.2357592808789,-135.65300160515548,0.0,-1214.052397746104,7.371909307867696,0.06867587875583193,0.0,-369.3794530293371,7.313354478241581,0.06867587875583193,0.0,-4072.8823897424413,4.898536934891492,0.0672846125515661,0.0,-289.31873763847034,8.658910663239718,0.06867587875583193,0.0,-31.12403883430337,7.975653434367637,0.06867587875583193,5.367577149948496,17.885145549818255,0.32548586590269935,-94.18721650432053,18.065198150406395,0.5611340362873486,138.75003070118606,17.649905017121846,0.2805103236939845,129.9706652936559,16.108274664872546,0.32548586590269935,7.2507976544768065,17.118950507319724,0.32548586590269935,-114.57232204424302,18.101453715034914,0.32548586590269935,-72.57953225070239,18.220359192895,0.32548586590269935,-30.323003610002193,9.572535162230825,0.32548586590269935,223.0136796571279,8.937818793105107,0.5362639706129531,-192.69067604712097,9.702346417490856,0.5611340362873486
2019-05-07 03:00:00,0.4647545194591236,0.2824882869489835,0.0,0.4647545194591236,0.2824882869489835,0.0,0.4147545194591236,0.05,0.26790495361565014,0.014583333333333344,1.0,740.2474728071887,18.33333333333337,0.1140479645959115,156.74018778166447,0.37574866008412366,0.039005859375,0.05,857.981801213853,21416.58062162894,0.0,0.0,24.444444444444457,0.0,0.0,0.05,0.0,0.0,0.0,0.0,0.0,20903.297,17.924104871585175,-0.08889047083340955,8.89804110692927,7.75,8.83061728816898,437.3355927388995,-68.78041252022841,-11.91175943950727,-281.444936668289,0.0,12.077929402666665,0.0,-251.94653937922837,64.52361877272206,-131.11442804360073,-151.2369060199303,26.40955291992725,0.183,0.0011367338476307343,0.026896284787967992,0.0,0.371241266367543,12.077929402666665,-21.633113363159612,0.3125674001359162,8.790072019635245,0.004830707352654358,133.84253469890203,0.9940980571853795,0.08107215293435925,-93.84297118355907,-131.6776291183338,0.0,-1223.6138948481732,6.8604964478551524,0.06867587875583193,0.0,-365.9719140154405,6.748583534511031,0.06867587875583193,0.0,-4083.508758925032,4.398881086342549,0.0672846125515661,0.0,-293.1741776136139,8.188323759204719,0.06867587875583193,0.0,-30.90865278964639,7.417166454567919,0.06867587875583193,23.608380646217302,17.553761731828963,0.32548586590269935,-70.08070818663194,17.7333103401243,0.5611340362873486,90.08912047837221,17.44689959087014,0.2805103236939845,128.5749713860734,15.832791505018491,0.32548586590269935,7.437540319966879,16.80702376038451,0.32548586590269935,-89.15452875614986,17.76735969684452,0.32548586590269935,-90.47477588785218,18.011551993344163,0.32548586590269935,-20.554143199884887,8.850313551663598,0.32548586590269935,210.87692902453952,8.311993000529174,0.5362639706129531,-190.3227858246503,9.055795188279102,0.5611340362873486
2019-05-07 04:00:00,1.0015375472063037,0.629215870141599,0.0,1.0015375472063037,0.629215870141599,0.0,0.9515375472063037,0.05,0.6146325368082657,0.014583333333333344,1.0,1708.8507425769756,18.33333333333337,0.2681054473649867,361.8324899734137,0.8605238753313036,0.09101367187500001,0.11666666666666667,1979.6695606753894,20431.654376627717,0.0,0.0,24.444444444444457,0.0,0.0,0.05,0.0,0.0,0.0,0.0,0.0,20903.297,18.044157261603022,-0.07631287871366907,8.372367005598825,6.65,8.83061728816898,1364.7582854715058,83.2537762701956,-14.663946009644,-316.63446604122254,0.0,12.077929402666665,0.0,-303.1379175295522,-41.6318010809214,-206.5601344420935,-174.72708811519996,-41.3524111894426,0.183,0.0012400162381975598,0.026896284787967992,0.0,0.3726090350679428,12.077929402666665,-24.87197445727016,0.313485101424482,8.892763821169272,0.004878542280625961,131.15457420683612,0.9942370059806155,0.0781539248685789,-141.95590788647436,-136.62280581674378,0.0,-917.3170910281722,6.136607823317089,0.06867587875583193,0.0,-270.2555856414278,6.01766936026425,0.06867587875583193,0.0,-2911.0801168415637,4.269827235926703,0.0672846125515661,0.0,-243.7954021748395,7.507382247047098,0.06867587875583193,0.0,-23.925254836093384,6.648211804569521,0.06867587875583193,33.22275267881093,17.41897760516046,0.32548586590269935,-51.80551834952736,17.588236440396468,0.5611340362873486,62.084672240894115,17.384326973502155,0.2805103236939845,133.22923609479625,15.653212866394664,0.32548586590269935,7.859666810234198,16.647807504651336,0.32548586590269935,-82.9210702374837,17.643855692273664,0.32548586590269935,-101.66973923772208,17.9492983956212,0.32548586590269935,-16.487176873567265,8.188460916914055,0.32548586590269935,215.74430999676127,7.671216544483723,0.5362639706129531,-199.25713312318985,8.446221604986857,0.5611340362873486
2019-05-07 05:00:00,0.46473300836292325,0.28247439215348547,0.0,0.46473300836292325,0.28247439215348547,0.0,0.4147330083629232,0.05,0.26789105882015213,0.014583333333333344,1.0,740.2609510486456,18.33333333333337,0.1140595159928297,156.7430416679316,0.3757271489879232,0.039005859375,0.05,857.9981333415773,20418.944425095182,0.0,0.0,24.444444444444457,0.0,0.0,0.05,0.0,0.0,0.0,0.0,0.0,20903.297,18.037175421445326,-0.041917758126723,7.906094239491362,7.2,8.83061728816898,422.82065427147967,-19.814340759083017,-13.478727661226893,-300.7721202352198,0.0,12.077929402666665,11.313435777488055,-312.3204600914602,-54.51120431750392,-229.07898081335935,-170.18545264298308,-66.35119941014986,0.183,0.0011925791694645512,0.026896284787967992,0.0,0.37198082596573634,12.077929402666665,-15.267378283385916,0.31681375745112533,8.943831284290628,0.0049263301243628824,136.52304468973173,0.9948476411483831,0.07420133549972387,-61.086179543897224,-115.47120288311739,454.57417035660274,-679.4936643287006,7.0844391925167,0.06867587875583193,141.0375508468479,-194.22122647319958,6.947941991409917,0.06867587875583193,1317.547474497273,-2100.220590683145,6.046836119748856,0.0672846125515661,19.56226440981942,-191.01647612980886,8.25174702370548,0.06867587875583193,7.803904680480716,-18.125541156433282,7.508897680695757,0.06867587875583193,39.98793259328577,17.366988925986337,0.32548586590269935,-39.26707426880009,17.529492572127687,0.5611340362873486,57.75898516209296,17.355717608906943,0.2805103236939845,121.65710804519959,15.77749444096299,0.32548586590269935,8.393408053489141,16.553305548297125,0.32548586590269935,-88.50070579530741,17.617537205933775,0.32548586590269935,-100.02965378995911,17.90586026696976,0.32548586590269935,-2.251962218167288,7.758682309677497,0.32548586590269935,174.9744055107202,7.429198751895511,0.5362639706129531,-172.72244329254852,8.081957523377698,0.5611340362873486
2019-05-07 06:00:00,2.9514837282219157,1.8887566748066271,0.0,2.9514837282219153,1.8887566748066271,0.0,2.901483728221915,0.05,1.8741733414732937,0.014583333333333344,1.0,5513.207867644364,21.666666666666686,0.8101764518130105,1167.368033256372,2.6414446657219153,0.26003906250000003,0.3333333333333333,6420.536838400736,21060.36233557104,0.0,0.0,24.444444444444457,0.0,0.0,0.05,0.0,0.0,0.0,0.0,0.0,20903.297,21.110781394076252,-0.2717291513544296,9.74348976710369,9.15,8.83061728816898,5111.106039403294,1027.2188803410868,-16.63270283322563,-329.69942823704224,0.0,12.077929402666665,45.89825143331836,-910.384008432302,-872.7459056185886,-724.4370429088845,-211.76955825842106,-502.70669287631506,0.183,0.0013426546460118133,0.026896284787967992,0.0,0.37396827550473705,12.077929402666665,-67.84762657346985,0.2650119554878129,10.22907730707173,0.004977601535415993,141.37745998892396,0.9850049125280836,0.06438199612754376,-49.36305320896459,-90.78609970632064,1839.7402493055008,-1161.1999889447877,9.871912624337101,0.06867587875583193,654.933976340106,-354.55754255254226,9.824788174985114,0.06867587875583193,4897.4916351906995,-3589.7087661827895,9.63066734550589,0.0672846125515661,79.36348852340447,-235.35588943444327,10.468885888879015,0.06867587875583193,28.8846986758464,-24.19733855639498,9.791397479966177,0.06867587875583193,66.31176899595916,18.670255145470865,0.32548586590269935,39.98186058422022,18.750748208638495,0.5611340362873486,5.84884466698107,18.811006490469204,0.2805103236939845,85.41916836447867,17.65974769859666,0.32548586590269935,6.715518046818759,18.107243512467157,0.32548586590269935,-47.59625368362819,18.905178901157168,0.32548586590269935,-156.680906974826,19.510264515665014,0.32548586590269935,33.9584083956425,9.014294844000256,0.32548586590269935,115.03272751232022,9.088193916814932,0.5362639706129531,-148.9911359079568,9.579579730129309,0.5611340362873486
2019-05-07 07:00:00,1.6974372193208533,1.0787226521825088,0.0,1.6974372193208533,1.0787226521825088,0.0,1.6474372193208533,0.05,1.0641393188491755,0.014583333333333344,1.0,2915.425187327298,21.666666666666686,0.41265552465811195,617.312869157339,1.5044157349458531,0.143021484375,0.18333333333333332,3389.716572109637,21812.226372780355,0.0,0.0,24.444444444444457,0.0,0.0,0.05,0.0,0.0,0.0,0.0,0.0,20903.297,21.41652375921926,-0.05319928297334163,11.155178246489015,10.55,8.83061728816898,2621.809092048078,543.5854668545021,-13.656213686305724,-298.29998933899697,0.0,10.493938661333333,102.44107179642955,-890.4007992059234,-584.6648477083323,-548.8066740772159,-191.36175043474512,-387.28686631742744,0.159,0.0012279203735825034,0.026896284787967992,0.0,0.37244884953259694,10.493938661333333,7.84616908474996,0.2624263035172329,10.404003321196319,0.005027246012832441,125.56945656508013,0.9845546552757204,0.07181854007386008,-43.330042355604945,-30.397359947231962,4103.430347244885,-1891.310776402976,12.9880030660666,0.06867587875583193,1398.751937229069,-590.7430350524512,13.02277619852473,0.06867587875583193,11594.112873846396,-5874.303496567252,14.669333567865136,0.0672846125515661,177.13269181185888,-252.1160007432335,12.045505302568197,0.06867587875583193,64.81979393582453,-33.03280282870469,12.139087104695404,0.06867587875583193,26.22451468882124,19.513749766421494,0.32548586590269935,15.246705899980347,19.546201729403396,0.5611340362873486,116.16422591662497,19.369198830748303,0.2805103236939845,80.2732429702798,18.49054135078857,0.32548586590269935,6.885942419521869,18.846370396615686,0.32548586590269935,-132.67600504032234,19.805042623366653,0.32548586590269935,-112.11862685490718,20.062700548130298,0.32548586590269935,57.70752079937589,10.644703567494398,0.32548586590269935,9.288228471976375,11.087603795955156,0.5362639706129531,-66.99574927134708,11.2323330829166,0.5611340362873486
2019-05-07 08:00:00,1.3917173902750155,0.8901038890019959,0.0,1.3917173902750155,0.8901038890019959,0.0,1.3667173902750156,0.025,0.8828122223353293,0.007291666666666672,1.0,2368.9642457203745,21.666666666666686,0.3301464032347757,501.60509067887864,1.2496998121500154,0.11701757812500001,0.15,2753.5517582742536,22560.228212673137,0.0,0.0,24.444444444444457,0.0,0.0,0.025,0.0,0.0,0.0,0.0,0.0,20903.297,21.328780266204287,-0.06027165551781918,12.917103919579748,11.95,8.83061728816898,2189.9418885214695,471.0291674971396,-10.92090273378258,-256.29972308765065,0.0,4.949971066666667,230.44514506586933,-833.0428360430868,-391.3844332981186,-456.26885122173604,-169.60142576469585,-306.4066894569256,0.07500000000000001,0.0011378998125962107,0.026896284787967992,0.0,0.3712567072416048,4.949971066666667,83.24829755586178,0.2659903171060194,10.409997934440174,0.0050690421288161576,107.76571647640914,0.9848228293954304,0.09591150618517771,-95.4722983281042,64.89637514636522,9358.776983536894,-3526.7442027723614,18.07497769805879,0.06867587875583193,3245.72313736563,-1141.943638697693,18.409169183449247,0.06867587875583193,27499.901845882785,-11123.553172724702,23.830350094239478,0.0672846125515661,398.46682726638994,-293.60683469412595,13.958728600915514,0.06867587875583193,133.29288603055926,-50.25723974061459,15.364611239890838,0.06867587875583193,24.041947422047876,19.753316515938803,0.32548586590269935,2.3957599375447898,19.803241808722305,0.5611340362873486,168.39503543360735,19.51267022084717,0.2805103236939845,61.08699927004638,18.98659773997162,0.32548586590269935,5.632862964119892,19.2148920515596,0.32548586590269935,-172.8407187581664,20.109028576790305,0.32548586590269935,-88.7118862692035,20.194222658013675,0.32548586590269935,93.64044899217261,12.857729746301858,0.32548586590269935,-156.603687425915,13.843026455180281,0.5362639706129531,62.96323843374667,13.46755313379023,0.5611340362873486
2019-05-07 09:00:00,1.3952728225117146,0.9012572094058118,0.0,1.3952728225117146,0.9012572094058118,0.0,1.3952728225117146,0.0,0.9012572094058118,0.0,1.0,2459.904657402739,21.666666666666686,0.335681426707283,520.8608365309801,1.2782552443867146,0.11701757812500001,0.15,2863.7479158087185,23314.634326537987,0.0,0.0,24.444444444444457,0.0,0.0,0.0,0.0,0.0,0.0,0.0,0.0,20903.297,21.39112359095491,-0.05719567368872921,16.02608641491499,13.6,8.83061728816898,2383.2244945830944,458.9697429747981,-7.529601502460152,-211.7265810156493,0.0,2.96998264,359.746320904218,-814.2881111873842,-318.1354788326025,-397.1580825595418,-147.4323534512892,-265.1447502029661,0.045,0.0009405159639690514,0.026896284787967992,0.0,0.36864275293017745,2.96998264,139.60603705846498,0.26693687850713116,10.470139185295825,0.005106635343528381,93.17373651103354,0.9845924607614965,0.11310086978885449,-280.14056501069865,218.24947145451662,15060.351839890234,-5867.629624075366,24.07469692635806,0.06867587875583193,5167.459148405592,-1932.3482374647142,24.85280147660276,0.06867587875583193,48241.59266409546,-20623.220574428782,36.719607546795004,0.0672846125515661,622.0438060020172,-378.6153981660408,15.971869362408793,0.06867587875583193,182.12977289445664,-69.04005324593439,18.209454663951824,0.06867587875583193,15.31134443746317,19.991865083995382,0.32548586590269935,-4.583546806231122,20.034243497630413,0.5611340362873486,201.7400797494749,19.673800218289873,0.2805103236939845,37.80473865021254,19.520199599612592,0.32548586590269935,3.5871445019638446,19.650118212439754,0.32548586590269935,-178.42063011084403,20.336883655706945,0.32548586590269935,-75.43913042203549,20.354507614877818,0.32548586590269935,156.16356394765666,16.59050178508993,0.32548586590269935,-426.5310478672675,18.43113027885238,0.5362639706129531,270.36748391961555,17.270853247886677,0.5611340362873486
2019-05-07 10:00:00,0.9621822476917695,0.6215083340715002,0.0,0.9621822476917696,0.6215083340715002,0.0,0.9621822476917695,0.0,0.6215083340715002,0.0,1.0,1732.507225426933,21.666666666666686,0.22832473199086142,366.8415196565475,0.8841705289417696,0.07801171875,0.1,2021.3370263334805,24373.353754892436,0.0,0.0,24.444444444444457,0.0,0.0,0.0,0.0,0.0,0.0,0.0,0.0,20903.297,21.37985036590721,-0.05898941379594434,19.81461690134162,15.8,8.83061728816898,1740.3826988912972,190.7845465067576,-3.835715975284623,-150.705673812069,0.0,2.96998264,400.9195726582223,-785.4872652109951,-251.4126846988743,-317.55052096514623,-112.18230718438302,-217.34628967291326,0.045,0.0006434475700719384,0.026896284787967992,0.0,0.3647086761836908,2.96998264,159.44688061171777,0.2686459081217619,10.493716178852555,0.005135935233329459,62.3870831495795,0.9846129559177754,0.12465315335042715,-508.5096112772459,332.45263812745594,17717.46772681146,-7107.957412813004,27.938207304779862,0.06867587875583193,5406.663336240717,-2137.5610275207455,27.50125421267085,0.06867587875583193,66608.0231041667,-29301.948396348806,47.52228449211013,0.0672846125515661,693.2372129621376,-420.0982148119914,17.900942954820607,0.06867587875583193,187.2405015600905,-75.43078652101143,20.209275764170073,0.06867587875583193,-3.6595526164293917,20.21124092997093,0.32548586590269935,-13.662387963399306,20.22682293693275,0.5611340362873486,234.7130613031078,19.793608633384355,0.2805103236939845,15.423285017109432,19.996958649969105,0.32548586590269935,1.8284285514118248,20.0117845064735,0.32548586590269935,-172.79227702733053,20.503355204270495,0.32548586590269935,-61.85055726447026,20.47174797956463,0.32548586590269935,206.2581698696344,20.714910652807696,0.32548586590269935,-629.7764863905339,23.140272580666295,0.5362639706129531,423.5183165209039,21.46107816973246,0.5611340362873486
2019-05-07 11:00:00,0.4907886898830791,0.3170181758831216,0.0,0.4907886898830791,0.3170181758831216,0.0,0.4907886898830791,0.0,0.3170181758831216,0.0,1.0,892.7821207939259,21.666666666666686,0.11528962830769814,189.03791286269103,0.45178283050807905,0.039005859375,0.05,1042.8141742816172,25607.891400366727,0.0,0.0,24.444444444444457,0.0,0.0,0.0,0.0,0.0,0.0,0.0,0.0,20903.297,21.321971550741583,-0.06273628659850203,23.870658399700364,17.5,8.83061728816898,952.1359978202297,-326.833584053594,-1.9095877286001866,-102.62626595442505,0.0,2.96998264,392.1413886472102,-750.6301290315331,-182.81093982751992,-223.90347858982616,-80.82897340557432,-161.49599805070574,0.045,0.0004987383889505126,0.026896284787967992,0.0,0.3627922924951248,2.96998264,160.91974806932907,0.27036893903958903,10.485495652281454,0.005150885431676653,13.949971705282556,0.9847974234113951,0.1501183997961137,-962.4337619070105,446.5622649907255,17737.67373787176,-7498.509976664208,29.639821112531436,0.06867587875583193,4097.381080646028,-1817.890455039958,26.24274640386291,0.06867587875583193,83729.89042537483,-38303.85012431096,57.61129671001648,0.0672846125515661,678.0586977843552,-442.0777369049575,19.183707498647774,0.06867587875583193,180.6425388371588,-78.8495507316843,21.52601222079561,0.06867587875583193,-29.712339652117468,20.41544866645902,0.32548586590269935,-27.060410718798813,20.396004754931422,0.5611340362873486,267.09028531234037,19.883636951159108,0.2805103236939845,2.0813657575082742,20.32123893516084,0.32548586590269935,0.15296377817709866,20.332977302628535,0.32548586590269935,-164.07436059135895,20.633735597262476,0.32548586590269935,-48.477503885753684,20.559333805864256,0.32548586590269935,268.8425929664402,25.024938395306467,0.32548586590269935,-840.7593258881018,28.072987806961084,0.5362639706129531,571.9167329216679,25.922715507912766,0.5611340362873486
2019-05-07 12:00:00,0.994627179290722,0.6424656895366454,0.0,0.994627179290722,0.6424656895366453,0.0,0.994627179290722,0.0,0.6424656895366454,0.0,1.0,1818.5387795169095,21.666666666666686,0.23164954961605996,385.0578627560716,0.916615460540722,0.07801171875,0.1,2125.584923522981,26037.154455965978,0.0,0.0,24.444444444444457,0.0,0.0,0.0,0.0,0.0,0.0,0.0,0.0,20903.297,21.486396928850173,-0.05018793475860749,27.00292361075712,18.05,8.83061728816898,1900.4063008857654,-664.8283115940924,-1.6189279376624526,-92.1662379552961,0.0,2.96998264,413.3261363045247,-768.8363007340363,-208.5592901311064,-192.16094461051884,-75.54634129860484,-146.48924494845292,0.045,0.0004611960684196418,0.026896284787967992,0.0,0.3622951195435627,2.96998264,172.6827046218144,0.2675518342007496,10.546632572670791,0.0051482441247226295,-14.46785902702218,0.9842499825621449,0.1703992096972105,-1521.6957900178552,471.8096156676912,18327.858902217773,-7739.703731005173,30.58126334328512,0.06867587875583193,4556.161717887944,-1980.416832027542,27.793926574212858,0.06867587875583193,80385.89726966691,-38428.89582946153,58.02876823607086,0.0672846125515661,714.6896243462332,-449.6518745874631,19.78936570921973,0.06867587875583193,201.10687102958497,-84.97422844444576,22.639565555455345,0.06867587875583193,-48.2686500684206,20.61798460472358,0.32548586590269935,-37.13270337942789,20.574619113483795,0.5611340362873486,282.49668047256625,20.018750229209378,0.2805103236939845,-4.290365704900705,20.56706732313543,0.32548586590269935,-1.1500777945546816,20.629788047247448,0.32548586590269935,-145.65745497585704,20.762627200170204,0.32548586590269935,-45.997428549402564,20.709448837334264,0.32548586590269935,295.04715157081915,28.067336323046973,0.32548586590269935,-895.2348677976875,31.273440158823462,0.5362639706129531,600.187716226875,29.067234977396122,0.5611340362873486
2019-05-07 13:00:00,0.5041703969214544,0.3256619047280522,0.0,0.5041703969214544,0.3256619047280522,0.0,0.5041703969214544,0.0,0.3256619047280522,0.0,1.0,925.8973779999197,21.666666666666686,0.11628172371336908,196.04974582879635,0.4651645375464544,0.039005859375,0.05,1082.941264453716,26400.02307630043,0.0,0.0,24.444444444444457,0.0,0.0,0.0,0.0,0.0,0.0,0.0,0.0,20903.297,21.40762708148571,-0.05236458003723286,27.95099804211319,18.6,8.83061728816898,1048.0308989214866,-1061.1739660947057,-1.127360985550116,-75.1654079924818,0.0,2.96998264,432.91137627758127,-732.3898224692259,-148.06791125804062,-108.60978565529395,-64.78142640549663,-84.39267167742545,0.045,0.0004018355326046961,0.026896284787967992,0.0,0.361509007966545,2.96998264,195.45630725959882,0.2685387318737311,10.510839736572596,0.005142610677592952,-18.77184189715161,0.9845161875885273,0.173283821350006,-1612.5594472754244,355.33573535192215,18956.730300884676,-7965.148686555295,31.707627744384798,0.06867587875583193,6034.24910427036,-2524.6647693394,32.05668883307563,0.06867587875583193,68889.26158106941,-32603.89875879474,52.49079862102664,0.0672846125515661,748.5548135264352,-440.9853767674964,20.425557090467688,0.06867587875583193,197.01511274409788,-83.21385682063922,23.19389094761323,0.06867587875583193,-70.84558809398877,20.779016151408165,0.32548586590269935,-57.867665336566034,20.72129392713644,0.5611340362873486,309.47347259496115,20.083156397344126,0.2805103236939845,-9.094463277479356,20.741529842197014,0.32548586590269935,-2.1210480342093168,20.841306070100064,0.32548586590269935,-135.18116721261782,20.855072858743377,0.32548586590269935,-34.36354064009859,20.769757658255358,0.32548586590269935,208.8192750746538,28.8073233333537,0.32548586590269935,-665.7853564429795,31.11512356593013,0.5362639706129531,456.9660813683329,29.459838829363903,0.5611340362873486
2019-05-07 14:00:00,0.5136006636465688,0.3317532552764914,0.0,0.5136006636465688,0.33175325527649135,0.0,0.5136006636465688,0.0,0.3317532552764914,0.0,1.0,947.669470912517,21.666666666666686,0.11674911786180732,200.6597743082981,0.47459480427156875,0.039005859375,0.05,1109.323385845815,26894.191409464354,0.0,0.0,24.444444444444457,0.0,0.0,0.0,0.0,0.0,0.0,0.0,0.0,20903.297,21.4021982367896,-0.06550935259986286,28.113827290046327,19.45,8.83061728816898,1111.7269754864978,-1054.5686816107714,-1.106803756202603,-52.103843384061165,0.0,2.96998264,466.80914903096374,-715.4567907101128,-122.55961953092232,-55.465626500793604,-51.38648993786599,-42.03185470691642,0.045,0.0005942585426866128,0.026896284787967992,0.0,0.36405726589301574,2.96998264,214.29816907424453,0.2683368763057431,10.502897924232807,0.005136608470420869,0.031911455983427574,0.9845383016480337,0.1849948067512407,-1585.9675597113542,330.7391037922849,20216.33599599679,-8499.513055939218,33.268709468102465,0.06867587875583193,7657.2669182472255,-3156.944966669913,36.51024411799597,0.06867587875583193,67318.08920743733,-32097.226377450246,52.02343071293853,0.0672846125515661,807.1680594534718,-462.919736110932,21.284485495442205,0.06867587875583193,178.96265957672156,-79.88465314308097,23.413053150975443,0.06867587875583193,-86.14967182469518,20.914834201105066,0.32548586590269935,-73.80553489831217,20.850680141141417,0.5611340362873486,329.3375688239892,20.151042279626886,0.2805103236939845,-18.39810433623405,20.966160204047792,0.32548586590269935,-2.473397513240324,20.979495112420597,0.32548586590269935,-121.19467864080495,20.932600937773433,0.32548586590269935,-27.316181610702735,20.841044508992546,0.32548586590269935,155.45907584710207,29.350469082759226,0.32548586590269935,-595.1593429026159,31.203237442515693,0.5362639706129531,439.70026705551913,29.67676426259088,0.5611340362873486
2019-05-07 15:00:00,0.5136396267942178,0.33177842298359017,0.0,0.5136396267942178,0.33177842298359017,0.0,0.5136396267942178,0.0,0.33177842298359017,0.0,1.0,947.648474256299,21.666666666666686,0.11673613516619902,200.65532847098112,0.47463376741921787,0.039005859375,0.05,1109.29794335228,27239.283231529753,0.0,0.0,24.444444444444457,0.0,0.0,0.0,0.0,0.0,0.0,0.0,0.0,20903.297,21.182052658434444,-0.09593245298113964,28.31514852464736,20.0,8.83061728816898,1143.168391106875,-963.263762158165,-0.5976912415542357,-31.483289262647293,0.0,2.96998264,459.9501852305528,-655.2874182556903,-22.01494105242418,42.474221042515516,-35.30396435324387,34.74864129498323,0.045,0.0004899416771743644,0.026896284787967992,0.0,0.3626757976408924,2.96998264,224.63091471477767,0.27213155697349367,10.421053656292989,0.0051402473216789445,-6.36795716436543,0.9852716525786676,0.1789125405666304,-1472.2613948386986,308.34230420955254,19063.366279785205,-8278.083314425801,33.19045061770172,0.06867587875583193,8306.313665492653,-3480.5111343999383,38.8326434232083,0.06867587875583193,56020.6072926775,-28089.36357081887,47.47549855383004,0.0672846125515661,795.3081023122458,-461.2330442312104,21.673113562702973,0.06867587875583193,167.54763434849193,-77.97987026845963,23.62209534986637,0.06867587875583193,-106.5969826764318,20.981574296606684,0.32548586590269935,-95.26657814796333,20.909052027270487,0.5611340362873486,356.8765293724591,20.1245381667872,0.2805103236939845,-20.052572034924392,21.009487174734396,0.32548586590269935,-2.8086076312095374,21.035524452200438,0.32548586590269935,-117.20646154858187,20.94695366738654,0.32548586590269935,-14.945327333347754,20.808884350632074,0.32548586590269935,102.20966510681689,29.89154643839324,0.32548586590269935,-527.9095714024395,31.296868400732414,0.5362639706129531,425.6999062956294,29.88941264485338,0.5611340362873486
2019-05-07 16:00:00,0.0,0.0,0.0,0.0,0.0,0.0,0.0,0.0,0.0,0.0,1.0,0.0,21.666666666666686,0.0,0.0,0.0,0.0,0.0,0.0,27236.26695569839,0.0,0.0,24.444444444444457,0.0,0.0,0.0,0.0,0.0,0.0,0.0,0.0,20903.297,21.44621855533223,-0.020610420197152143,27.97395079537573,19.7,8.83061728816898,141.19859100877784,-1144.1094498448606,-0.4027756182274078,-46.579834580053145,0.0,3.563979167999999,364.0287232295505,-705.3347598121247,-103.1441875554101,21.314221981016892,-42.05768004770247,11.3543169547702,0.053999999999999986,0.0002318156266377591,0.026896284787967992,0.0,0.3592574343483295,3.563979167999999,184.6172220390584,0.2672926188088537,10.514961350515627,0.005131165333918636,-23.299703871624875,0.9843936352579921,0.15865831524310495,-1302.7479782740775,158.63852842921688,14333.259907593474,-6534.322204077044,29.578448017969247,0.06867587875583193,6993.500643132621,-3023.2445831012587,35.91852242140508,0.06867587875583193,36227.0271454155,-19604.316350968325,37.09971877874539,0.0672846125515661,629.4485845542653,-415.8260226123682,20.94416431535606,0.06867587875583193,134.479076588502,-68.27918851139627,22.51138482254535,0.06867587875583193,-118.31146749317583,21.14680742851455,0.32548586590269935,-99.20048099099888,21.055169311398,0.5611340362873486,354.32590169195515,20.269406971445132,0.2805103236939845,-9.448460635144572,21.00854070084473,0.32548586590269935,-2.923856496711202,21.186566786453216,0.32548586590269935,-104.18006800437155,21.063756489105685,0.32548586590269935,-20.261568071549178,20.971301315329494,0.32548586590269935,4.473985369151311,29.06314474986629,0.32548586590269935,-241.25672631590388,29.433763135526565,0.5362639706129531,236.78274094675896,28.714576862438147,0.5611340362873486
2019-05-07 17:00:00,0.5084499487076176,0.32842622209887423,0.0,0.5084499487076176,0.3284262220988743,0.0,0.5084499487076176,0.0,0.32842622209887423,0.0,1.0,935.7221525753405,21.666666666666686,0.11648733415487952,198.13004609111832,0.46944408933261755,0.039005859375,0.05,1094.846339291459,26990.20722731426,0.0,0.0,24.444444444444457,0.0,0.0,0.0,0.0,0.0,0.0,0.0,0.0,20903.297,21.42627462118306,-0.0752509073028591,26.251796039757345,19.15,8.83061728816898,1046.400593358694,-850.1329929025125,-0.7828594716506837,-60.83256969339452,0.0,6.533961808,320.33864471928854,-703.4261044092192,-109.94159232329729,27.094067833704518,-47.80263953998969,20.872493359881595,0.099,0.00032250092208515344,0.026896284787967992,0.0,0.3604583797178037,6.533961808,165.7599081403989,0.2673823176994719,10.501876602326226,0.005125739152857412,-14.479301469602387,0.9844642984166574,0.15309114907523097,-1079.7434089072144,31.48036991358372,12921.303846630324,-5966.924868762852,27.78853624436669,0.06867587875583193,6291.805739917619,-2733.0783793846367,33.53296234501596,0.06867587875583193,21141.48612332255,-13542.038095159909,28.059818066262498,0.0672846125515661,553.9032873772409,-409.69055127889277,20.17383849059143,0.06867587875583193,170.069991998873,-79.13467965678976,22.942130863563374,0.06867587875583193,-122.06702536867293,21.12313703947057,0.32548586590269935,-106.38464126195188,21.03553719143575,0.5611340362873486,351.7235032042423,20.241630009091374,0.2805103236939845,1.058647140536747,20.837693000838044,0.32548586590269935,-2.865362372803548,21.148513741241434,0.32548586590269935,-98.09878396164191,21.02123832075122,0.32548586590269935,-23.366337379710966,20.952611441454437,0.32548586590269935,-72.47030820671198,27.054075419645986,0.32548586590269935,-1.6043244090881974,26.56504603602553,0.5362639706129531,74.0746326158061,26.442780445018453,0.5611340362873486
2019-05-07 18:00:00,0.4872133633720325,0.3147087431026136,0.0,0.48721336337203247,0.31470874310261354,0.0,0.4872133633720325,0.0,0.3147087431026136,0.0,1.0,883.1088719498556,21.666666666666686,0.11489800218941516,186.98969669718548,0.4482075039970325,0.039005859375,0.05,1031.092709272041,26257.800037487425,0.0,0.0,24.444444444444457,0.0,0.0,0.0,0.0,0.0,0.0,0.0,0.0,20903.297,21.308485521075404,-0.08054234568114046,23.837035805042607,17.8,8.83061728816898,927.7293036911046,-825.2688188269365,-2.2883462782923347,-94.39911190234831,0.0,10.691937504,225.53198962478785,-683.2469561382077,-77.91395799746374,49.50337603123605,-61.056641382179265,44.13531353815103,0.162,0.0005781323888344108,0.026896284787967992,0.0,0.3638437072372194,10.691937504,130.6159524178896,0.26915506751980617,10.456004255465873,0.005119977065637754,-13.05715899539049,0.9854307468073716,0.15591836407782036,-946.2398441734097,-66.01867135071215,9126.544080544703,-4916.035466105881,24.149374700447833,0.06867587875583193,4240.510454090623,-2136.9093896529325,28.255381145323653,0.06867587875583193,8259.568125525138,-8794.905686166934,19.442053865426992,0.0672846125515661,389.9714022058414,-390.71953184517974,18.455985299071063,0.06867587875583193,161.6195727127584,-80.96333352868754,21.691082947269532,0.06867587875583193,-128.34380406629353,21.067484727504407,0.32548586590269935,-117.00233508450559,20.984210677442004,0.5611340362873486,350.6346146978924,20.173312935054174,0.2805103236939845,25.503149705396936,20.44340429854983,0.32548586590269935,-2.818893605447018,21.07416028338599,0.32548586590269935,-103.81465536693673,20.96143446911293,0.32548586590269935,-24.15807628010722,20.886335562414526,0.32548586590269935,-133.1940709099687,24.558171477883498,0.32548586590269935,183.23907882807336,23.355280101744523,0.5362639706129531,-50.0450079180983,23.716665777587195,0.5611340362873486
2019-05-07 19:00:00,0.4717147924774715,0.3046976552860637,0.0,0.4717147924774715,0.30469765528606374,0.0,0.4717147924774715,0.0,0.3046976552860637,0.0,1.0,839.5742332123939,21.666666666666686,0.11292410203557876,177.77166124096172,0.4327089331024715,0.039005859375,0.05,978.3400350783556,24671.708102527642,0.0,0.0,24.444444444444457,0.0,0.0,0.0,0.0,0.0,0.0,0.0,0.0,20903.297,21.3215053174571,-0.05272191147247683,20.75963222641494,15.55,8.83061728816898,749.472667258233,-875.6414885701737,-7.299264312673245,-156.2503074470489,0.0,10.691937504,50.917330242233604,-701.6506305559226,-110.47648494683473,17.100258070561274,-90.17314655880233,24.716205406464706,0.162,0.0011532841818678871,0.026896284787967992,0.0,0.3714604424441859,10.691937504,62.756068301561264,0.26937813158743024,10.474874557113308,0.005122728920105106,65.72139477149597,0.9865645178075721,0.17085649989646717,-905.809511662601,-147.6036381485343,2000.0562526114038,-2198.385017556931,16.519337887579432,0.06867587875583193,872.035725632548,-843.3345688240968,17.70918046325222,0.06867587875583193,692.4746033232747,-5177.740079127597,13.001859719160683,0.0672846125515661,88.04206757620587,-303.3720231120582,15.617252400893149,0.06867587875583193,46.47556594176923,-47.204606031765266,16.52680313945192,0.06867587875583193,-127.96049779075996,20.971130812039192,0.32548586590269935,-119.27985009392735,20.892564325217172,0.5611340362873486,331.38579854557173,20.11049499263745,0.2805103236939845,63.25754967595735,19.843894479798507,0.32548586590269935,-1.396837945823834,20.83118434630361,0.32548586590269935,-111.72419941786914,20.8795042868575,0.32548586590269935,-34.281962973150684,20.834467339693568,0.32548586590269935,-153.02334244938547,21.235179583160622,0.32548586590269935,318.3691936459648,19.63728821758009,0.5362639706129531,-165.34585119657459,20.422747532545767,0.5611340362873486
2019-05-07 20:00:00,0.9336730189976181,0.6030931915412032,0.0,0.9336730189976181,0.6030931915412032,0.0,0.9336730189976181,0.0,0.6030931915412032,0.0,1.0,1649.6486010562546,21.666666666666686,0.22423349745472432,349.2970135011401,0.8556613002476181,0.07801171875,0.1,1920.9338958073945,23866.218087968595,0.0,0.0,24.444444444444457,0.0,0.0,0.0,0.0,0.0,0.0,0.0,0.0,20903.297,21.354405813199794,-0.07453666438539498,17.702956149430705,13.6,8.83061728816898,1475.7118964527378,-513.1005809367642,-11.311182031759794,-211.2043589444338,0.0,10.691937504,0.0,-724.201352187587,-156.26978507165248,-46.81883438701865,-120.39966055698353,-7.236549255838124,0.162,0.0014506449901744995,0.026896284787967992,0.0,0.3753983916347036,10.691937504,37.886898868677044,0.27145060901885465,10.540130941188584,0.005166263704098337,133.34291509355538,0.9876087769396371,0.16831056339612252,-697.8590112445723,-164.53858319333204,0.0,-1328.1233305587052,12.826777720547872,0.06867587875583193,0.0,-466.5458862899474,13.252288470496255,0.06867587875583193,0.0,-4460.39491069818,10.58807778188695,0.0672846125515661,0.0,-282.88745433818593,13.678101452158181,0.06867587875583193,0.0,-32.60438940027549,13.288285810984439,0.06867587875583193,-112.15502116436801,20.81960675284034,0.32548586590269935,-116.03448070776297,20.770522914622905,0.5611340362873486,305.6774769752974,20.037947824398806,0.2805103236939845,87.1859394180591,19.40534549132645,0.32548586590269935,0.9443048449571128,20.47113412526709,0.32548586590269935,-118.87270617963235,20.775435549429424,0.32548586590269935,-46.745513186548486,20.771875443070865,0.32548586590269935,-123.29559908285846,18.026323288115627,0.32548586590269935,325.07165810308265,16.58756443208321,0.5362639706129531,-201.77605902022006,17.47334726341622,0.5611340362873486
2019-05-07 21:00:00,0.9428687303282616,0.6001762962169991,0.0,0.9428687303282617,0.6001762962169991,0.0,0.9178687303282617,0.025,0.5928846295503324,0.007291666666666672,1.0,1600.1337172359536,21.666666666666686,0.22133008938633605,338.8127194331713,0.8398570115782616,0.07801171875,0.1,1860.934717919125,23098.382616790663,0.0,0.0,24.444444444444457,0.0,0.0,0.025,0.0,0.0,0.0,0.0,0.0,20903.297,21.317707457152025,-0.06302109236106083,15.551249863671483,12.25,8.83061728816898,1382.6258391321253,-248.28939620722133,-10.703417683361396,-248.34121085511518,0.0,12.077929402666665,0.0,-725.1894257250074,-163.72771247177587,-94.63543269289553,-140.37962018978774,-24.703090922900426,0.183,0.0011680436515170646,0.026896284787967992,0.0,0.37165590210105337,12.077929402666665,29.458821031981717,0.2745906271365868,10.575122251135904,0.005211792932893819,112.25875117982545,0.988313730049536,0.12490442088612692,-417.53845252991334,-169.5636631104793,0.0,-1455.6176696822627,11.214905071715316,0.06867587875583193,0.0,-485.1115012377442,11.4819883771176,0.06867587875583193,0.0,-4972.780218711119,8.572207128335881,0.0672846125515661,0.0,-324.1039308921933,12.366599918051037,0.06867587875583193,0.0,-36.26628317997626,11.78986542111562,0.06867587875583193,-94.05594035907743,20.676587755762352,0.32548586590269935,-113.13228712522869,20.662787821818622,0.5611340362873486,286.3054973172088,19.968292485158308,0.2805103236939845,103.43033242582601,19.082631512457557,0.32548586590269935,3.0351454121746104,20.149874489529363,0.32548586590269935,-131.40614429164526,20.694444918290646,0.32548586590269935,-54.17660337925705,20.701374624064027,0.32548586590269935,-90.3795701277576,15.61936760273417,0.32548586590269935,311.862496097752,14.41842142143538,0.5362639706129531,-221.4829259699885,15.338702159764779,0.5611340362873486
2019-05-07 22:00:00,0.9557852014760865,0.5996627743088023,0.0,0.9557852014760866,0.5996627743088023,0.0,0.9057852014760865,0.05,0.5850794409754688,0.014583333333333344,1.0,1560.5391823342202,21.666666666666686,0.21877473668773081,330.4289625632011,0.8277734827260865,0.07801171875,0.1,1812.9564261474213,22487.13004895461,0.0,0.0,24.444444444444457,0.0,0.0,0.05,0.0,0.0,0.0,0.0,0.0,20903.297,21.349906398467265,-0.06019831679811419,14.029622977771947,11.15,8.83061728816898,1298.2718400696774,-170.56443187132896,-12.462014032440155,-280.43294445813893,0.0,12.077929402666665,0.0,-744.5022605248445,-200.43928747452952,-162.82132117478648,-158.6851453059391,-60.040443956062326,0.183,0.0011839057879188123,0.026896284787967992,0.0,0.3718659643737478,12.077929402666665,18.54968682336966,0.2760204166601111,10.623526326415135,0.005249537578758734,107.72011173403158,0.9881833535611773,0.10871196541813487,-324.07099482443834,-176.92239961009173,0.0,-1545.9105460813623,9.96926501480934,0.06867587875583193,0.0,-496.3352027571297,10.105445639413386,0.06867587875583193,0.0,-5282.552065787317,7.011769801837569,0.0672846125515661,0.0,-352.6573620860191,11.331221844282656,0.06867587875583193,0.0,-38.590554516649995,10.596308680090441,0.06867587875583193,-72.48052250071918,20.537448994698597,0.32548586590269935,-105.19075623680922,20.55803905105723,0.5611340362873486,263.39230011763954,19.916673841701954,0.2805103236939845,115.0622261949297,18.833183202674793,0.32548586590269935,4.565867346764918,19.898196382593888,0.32548586590269935,-141.07649980268178,20.620260618373838,0.32548586590269935,-64.2726151191273,20.654171631021928,0.32548586590269935,-67.59546533149896,13.833764240536556,0.32548586590269935,308.5515785976723,12.793493076922577,0.5362639706129531,-240.95611326616756,13.76008555915014,0.5611340362873486
2019-05-07 23:00:00,0.05,0.014583333333333344,0.0,0.05,0.014583333333333344,0.0,0.0,0.05,0.0,0.014583333333333344,1.0,0.0,18.33333333333337,0.0,0.0,0.0,0.0,0.0,0.0,21966.54127499035,0.0,0.0,24.444444444444457,0.0,0.0,0.05,0.0,0.0,0.0,0.0,0.0,20903.297,20.615826926799894,0.0,12.318138396855622,10.0,8.83061728816898,-265.9633496221607,-432.89582955904274,-14.601852689384105,-293.0889351533523,-0.7618212183690807,12.077929402666665,0.0,-608.2004210247059,-8.114286787709842,-87.8691084658029,-160.28197163738676,19.834739021099168,0.183,0.0013382153000210373,0.026896284787967992,6.784194204784195e-05,0.3748079160856242,12.077929402666665,30.4113300362781,0.29108102696344257,10.376182811574628,0.005289866043166082,98.27451310230704,0.9906306248773186,0.11203026339287218,-267.1157982486,-165.78003131044272,0.0,-1536.2070826780227,8.846658599962662,0.06867587875583193,0.0,-481.93490259456445,8.891915329780606,0.06867587875583193,0.0,-5220.535628980895,5.877381215568379,0.0672846125515661,0.0,-352.95996170717774,10.25303601191059,0.06867587875583193,0.0,-38.40856987659569,9.484226663015388,0.06867587875583193,-62.03922334851316,20.133820232686123,0.32548586590269935,-115.05109077423828,20.195119748198653,0.5611340362873486,262.36565330872605,19.535848389949855,0.2805103236939845,129.88460157282645,18.244772270985337,0.32548586590269935,6.178199694600905,19.34567884281395,0.32548586590269935,-166.1934417310355,20.28411295203488,0.32548586590269935,-55.14469872236817,20.234685842277557,0.32548586590269935,-52.895667378045076,12.223469989396078,0.32548586590269935,282.5325818389114,11.326346218626394,0.5362639706129531,-229.63691446086207,12.242410357588417,0.5611340362873486
2019-05-08 00:00:00,0.05,0.014583333333333344,0.0,0.05,0.014583333333333344,0.0,0.0,0.05,0.0,0.014583333333333344,1.0,0.0,18.33333333333337,0.0,0.0,0.0,0.0,0.0,0.0,21966.54127499035,0.0,0.0,24.444444444444457,0.0,0.0,0.05,0.0,0.0,0.0,0.0,0.0,20903.297,19.352046764959635,0.0,10.62203731175811,8.85,8.83061728816898,-263.4799881905011,-341.33035143916095,-13.409313319256484,-291.1862399299969,0.0,12.077929402666665,0.0,-401.24694023640797,196.65948324580071,-13.112850788123305,-152.55414436731132,112.70824444720454,0.183,0.001237054543420705,0.026896284787967992,0.0,0.372569813343952,12.077929402666665,29.03763565608561,0.3161493386278732,9.901258591548066,0.005318543205340157,61.38351378232616,0.9943170784291023,0.10011392362851365,-183.93032791470327,-157.4000235244577,0.0,-1544.1963149377873,7.694651333959137,0.06867587875583193,0.0,-476.5882623275474,7.676068390525052,0.06867587875583193,0.0,-5223.621573478114,4.6590293087987895,0.0672846125515661,0.0,-352.1263396035009,9.085865281099448,0.06867587875583193,0.0,-38.63701444788008,8.346826031671576,0.06867587875583193,-35.68936347013896,19.22885622982085,0.32548586590269935,-121.40815703046404,19.361461261703713,0.5611340362873486,231.34440032406673,18.74023343357843,0.2805103236939845,140.04656567736723,17.24356816782821,0.32548586590269935,7.209010911637971,18.383973619081292,0.32548586590269935,-168.12368571433035,19.443430608273463,0.32548586590269935,-53.37877069813524,19.382634277426938,0.32548586590269935,-45.014955613516335,10.667334483604181,0.32548586590269935,264.96659130845694,9.84913813021645,0.5362639706129531,-219.95163569493536,10.730877520854552,0.5611340362873486
2019-05-08 01:00:00,0.05,0.014583333333333344,0.0,0.05,0.014583333333333344,0.0,0.0,0.05,0.0,0.014583333333333344,1.0,0.0,18.33333333333337,0.0,0.0,0.0,0.0,0.0,0.0,21966.54127499035,0.0,0.0,24.444444444444457,0.0,0.0,0.05,0.0,0.0,0.0,0.0,0.0,20903.297,18.520923500074357,0.0,9.287456452954869,8.05,8.83061728816898,-280.86386119437645,-266.5506578246154,-12.994287943755678,-291.16716940296317,0.0,12.077929402666665,0.0,-289.5185066189191,222.4449311062469,-24.160518160806014,-150.88237133872596,120.13853853815978,0.183,0.00120037200553845,0.026896284787967992,0.0,0.3720840264940232,12.077929402666665,11.21966674967575,0.3337839151636696,9.579796868212869,0.005334942029186477,29.027322641132546,0.9965256115149494,0.08766824125967589,-112.77847595634981,-153.77218186826562,0.0,-1535.9856005308989,6.831812008926753,0.06867587875583193,0.0,-468.0603836429548,6.763354077251784,0.06867587875583193,0.0,-5203.947210043279,3.7009430113924315,0.0672846125515661,0.0,-353.11484777572826,8.2716575395042,0.06867587875583193,0.0,-38.639783829826605,7.511460071175226,0.06867587875583193,-9.82798849627555,18.442744825405153,0.32548586590269935,-110.74041380546163,18.616447654572458,0.5611340362873486,179.01882785413582,18.102521643778967,0.2805103236939845,142.37187237127893,16.46929464061573,0.32548586590269935,7.828192769263692,17.584082989613204,0.32548586590269935,-144.38182077215595,18.675933329037775,0.32548586590269935,-64.26866992078155,18.704783841910164,0.32548586590269935,-37.55508123497423,9.348362748698115,0.32548586590269935,254.808582072921,8.597337538527848,0.5362639706129531,-217.25350083794123,9.467854602202092,0.5611340362873486
2019-05-08 02:00:00,0.3209924453803892,0.1896271607146524,0.0,0.3209924453803892,0.1896271607146524,0.0,0.27099244538038914,0.05,0.17504382738131904,0.014583333333333344,1.0,423.9686960128877,18.33333333333337,0.06632321644042485,89.77123930542123,0.24498853913038912,0.02600390625,0.03333333333333333,487.73602906830894,21910.94713619404,0.0,0.0,24.444444444444457,0.0,0.0,0.05,0.0,0.0,0.0,0.0,0.0,20903.297,17.840631203341392,-0.07552539910513699,8.270781282695891,7.25,8.83061728816898,122.53590919271683,-141.98596919927337,-13.025645319054783,-295.4102555943092,0.0,12.077929402666665,0.0,-205.2541400664117,222.31831363803124,-40.55834906322779,-151.98764202542688,113.39915168694965,0.183,0.0011838464128877707,0.026896284787967992,0.0,0.3718651780702105,12.077929402666665,-5.074815309473566,0.34879231945885397,9.311945276535488,0.005341796534317284,20.163973395941643,0.9988510975199879,0.07862363080526487,-85.20330914951117,-146.55389935518346,0.0,-1537.186873578479,6.0614273512796375,0.06867587875583193,0.0,-462.6541339610779,5.943905333045006,0.06867587875583193,0.0,-5192.197894268319,2.9401876533825226,0.0672846125515661,0.0,-352.3919798616307,7.498925457988021,0.06867587875583193,0.0,-38.40153937421362,6.7148007535784835,0.06867587875583193,9.682930301052208,17.7651523487234,0.32548586590269935,-97.63027278718073,17.961457008588,0.5611340362873486,131.13192546600368,17.553196487042502,0.2805103236939845,144.68175459771737,15.791140411998667,0.32548586590269935,8.275757657686906,16.897318450054513,0.32548586590269935,-121.65123616369176,18.004226163582835,0.32548586590269935,-74.49085907158529,18.119166263553673,0.32548586590269935,-29.330108688426876,8.326595657778729,0.32548586590269935,238.77152864240125,7.663531625421891,0.5362639706129531,-209.44141995396956,8.499179446239038,0.5611340362873486
2019-05-08 03:00:00,0.594335066055377,0.3661890513689388,0.0,0.594335066055377,0.36618905136893876,0.0,0.544335066055377,0.05,0.3516057180356054,0.014583333333333344,1.0,1001.7268354393353,18.33333333333337,0.15716828323040122,212.10589439403645,0.492327253555377,0.0520078125,0.06666666666666667,1161.8249173333718,20255.20628390584,0.0,0.0,24.444444444444457,0.0,0.0,0.05,0.0,0.0,0.0,0.0,0.0,20903.297,18.045866268031478,-0.050423412518198533,7.671845186437911,6.7,8.83061728816898,647.0757388079247,-26.09904835809356,-15.524467506650584,-317.0259085428188,0.0,12.077929402666665,0.0,-289.8483345569482,7.80069336697501,-182.50962844244597,-169.68073084491905,-6.498971980777355,0.183,0.001316243072454705,0.026896284787967992,0.0,0.3736185070355773,12.077929402666665,-34.178649984607965,0.34494154766548013,9.403924493400854,0.005350856865923845,26.669886731474115,0.9981424134194962,0.08399553579673523,-84.54225785092136,-153.66268490120862,0.0,-1495.3185038190134,5.448380257926033,0.06867587875583193,0.0,-447.52241564979175,5.311970415031032,0.06867587875583193,0.0,-5079.84033188074,2.2999661023705444,0.0672846125515661,0.0,-355.672174964759,7.0533521126980245,0.06867587875583193,0.0,-37.82312217669663,6.14496574414578,0.06867587875583193,31.103285309291884,17.50981389012706,0.32548586590269935,-66.65128785077067,17.70055412504687,0.5611340362873486,75.71489553617236,17.445941028968672,0.2805103236939845,142.07094349620007,15.617418435753404,0.32548586590269935,8.447569625470477,16.670810976109955,0.32548586590269935,-92.57445775220415,17.74684296388966,0.32548586590269935,-98.11094836415872,18.018993479419702,0.32548586590269935,-23.746587907495663,7.527508740152558,0.32548586590269935,245.9342563165022,6.892342122481922,0.5362639706129531,-222.18766840900352,7.772802662939692,0.5611340362873486
2019-05-08 04:00:00,0.45765377128380974,0.27790165673450223,0.0,0.45765377128380974,0.27790165673450223,0.0,0.40765377128380975,0.05,0.2633183234011689,0.014583333333333344,1.0,712.8549079295434,18.33333333333337,0.11175196868560824,150.94007914169634,0.36864791190880974,0.039005859375,0.05,824.7891276962398,20255.93398192585,0.0,0.0,24.444444444444457,0.0,0.0,0.05,0.0,0.0,0.0,0.0,0.0,20903.297,17.912671352191307,-0.06820657343999888,7.146511981106605,6.4,8.83061728816898,348.7163556607464,-55.663664844187004,-16.04458249331868,-322.04694505516494,0.0,12.077929402666665,1.2758655593639696,-283.9721615038333,-6.148952281221276,-201.65829406108358,-172.82779185131898,-30.79559997171807,0.183,0.0013387413577958288,0.026896284787967992,0.0,0.3739164518288123,12.077929402666665,-38.12495412298009,0.3484321628902795,9.35947478826219,0.005360304492205272,25.487718670369873,0.9985932102956223,0.08060983338348622,-62.33903488127087,-144.26470910461245,50.39296607692032,-1500.8040987157356,5.194125652381262,0.06867587875583193,22.910491893786862,-447.3530683844469,5.0415190160036625,0.06867587875583193,20.2773341676127,-5065.2433679625365,2.053285334165845,0.0672846125515661,2.2061219875684652,-356.0435563604486,6.794934904219146,0.06867587875583193,1.1459518874202081,-37.71216003283124,5.864802105723373,0.06867587875583193,36.22292500540073,17.333615357769396,0.32548586590269935,-54.11578442863962,17.514069716422746,0.5611340362873486,60.61260111852935,17.308540843483872,0.2805103236939845,142.79427090863612,15.439658467128071,0.32548586590269935,8.91901223153771,16.45385704794826,0.32548586590269935,-94.64923486258073,17.58657561752013,0.32548586590269935,-99.7837899728842,17.862943850296656,0.32548586590269935,-15.711392359478577,6.975654578166087,0.32548586590269935,226.74081207010906,6.438315697322526,0.5362639706129531,-211.0294197106267,7.26664424815761,0.5611340362873486
2019-05-08 05:00:00,1.0093721323426192,0.634276512205921,0.0,1.0093721323426192,0.634276512205921,0.0,0.9593721323426192,0.05,0.6196931788725877,0.014583333333333344,1.0,1738.156630466442,18.33333333333337,0.27046242848134383,368.0377261135441,0.8683584604676192,0.09101367187500001,0.11666666666666667,2015.1806847049863,20196.686774758473,0.0,0.0,24.444444444444457,0.0,0.0,0.05,0.0,0.0,0.0,0.0,0.0,20903.297,18.098126631864986,-0.061025595115551806,6.952018293929199,7.5,8.83061728816898,1429.495434815054,309.2709813604385,-13.73274553650266,-295.4756219720718,0.0,12.077929402666665,89.76873970019508,-333.5586155184588,-86.33229305004171,-268.1575476595779,-165.93432770176616,-89.86645971088426,0.183,0.0012213676751111897,0.026896284787967992,0.0,0.37236207214660666,12.077929402666665,-11.53075754548036,0.34507699549836207,9.443807376351083,0.005369953366197898,32.50829694950684,0.9979526583434687,0.08984266634364281,69.91390701497407,-128.6806517680797,3647.2435369820596,-2290.2216831750334,8.40622994569394,0.06867587875583193,1774.9487546292107,-836.4248091856764,9.37093389730658,0.06867587875583193,3555.647334254701,-5611.215058329725,4.543242765564228,0.0672846125515661,155.22073544146426,-370.95939428875914,8.24868399393786,0.06867587875583193,58.8634020481438,-47.322799434600846,8.224271984732452,0.06867587875583193,51.054943782881494,17.309247710558783,0.32548586590269935,-33.3049938350922,17.48668256946526,0.5611340362873486,48.704986590456,17.339726167823798,0.2805103236939845,119.91888531528852,15.768812250561172,0.32548586590269935,8.881100887892533,16.467899150857534,0.32548586590269935,-90.57192641436995,17.589129252846195,0.32548586590269935,-104.68299632705609,17.894535320624378,0.32548586590269935,-6.316950436540992,6.752817261134627,0.32548586590269935,197.39229783340804,6.345169678387184,0.5362639706129531,-191.0753473968621,7.082528665810423,0.5611340362873486
2019-05-08 06:00:00,2.999348003085195,1.9196739420947957,0.0,2.999348003085195,1.9196739420947957,0.0,2.9493480030851944,0.05,1.9050906087614623,0.014583333333333344,1.0,5501.438619841058,21.666666666666686,0.7944213118986725,1164.876009739232,2.6893089405851947,0.26003906250000003,0.3333333333333333,6406.27556708029,21758.714261602265,0.0,0.0,24.444444444444457,0.0,0.0,0.05,0.0,0.0,0.0,0.0,0.0,20903.297,21.155336366853312,-0.22165626123501975,9.473952867196859,10.55,8.83061728816898,5200.943457571935,1262.8577717259327,-14.96237837864556,-292.46215930138806,0.0,12.077929402666665,248.45013646705874,-910.6316221401331,-867.3343889871529,-728.2491517357136,-195.3740281446001,-507.26862665348295,0.183,0.0013560083722346863,0.026896284787967992,0.0,0.374145118901381,12.077929402666665,-5.148553991756668,0.2863984755626653,10.663177648657726,0.005383630723283525,37.78577230458455,0.9875833636154879,0.10395980838879852,138.39724610530064,-40.41548411859956,9932.340396936544,-4264.157930637414,16.148751665076432,0.06867587875583193,5265.433621536898,-1916.2959025681403,20.44472154472764,0.06867587875583193,17544.260782738693,-9870.303608748352,14.755828089437582,0.0672846125515661,429.5995803410529,-434.79634164061287,12.19881060513038,0.06867587875583193,109.10459391576475,-58.38077931466744,12.525766305097935,0.06867587875583193,72.59137421391466,18.722502123899414,0.32548586590269935,46.545084739045706,18.805659651995807,0.5611340362873486,12.360306044528624,18.866138213473494,0.2805103236939845,62.03729840466572,18.045013982695426,0.32548586590269935,6.335731173030394,18.214660359196344,0.32548586590269935,-47.353586931451595,18.97115667858302,0.32548586590269935,-152.5162076437309,19.558218250435935,0.32548586590269935,35.01812683902738,9.197634707234709,0.32548586590269935,38.65694205344007,9.41035254808087,0.5362639706129531,-73.67506889246349,9.62434049987835,0.5611340362873486
2019-05-08 07:00:00,1.4404907920662937,0.9216083942732342,0.0,1.4404907920662937,0.9216083942732343,0.0,1.4154907920662938,0.025,0.9143167276065676,0.007291666666666672,1.0,2513.217374228737,21.666666666666686,0.3382604145247457,532.1492847235405,1.2984732139412936,0.11701757812500001,0.15,2928.3490808272772,23766.211383262606,0.0,0.0,24.444444444444457,0.0,0.0,0.025,0.0,0.0,0.0,0.0,0.0,20903.297,21.34079281813989,-0.06167901481559408,13.032780582431325,14.15,8.83061728816898,2413.8378109779774,874.21577752466,-10.190493752704736,-196.13449462077267,0.0,10.493938661333333,368.7534029708722,-854.265247617206,-519.1656336453217,-495.062866849658,-140.03126205092678,-359.196460685073,0.159,0.001445216739395882,0.026896284787967992,0.0,0.3753265053095307,10.493938661333333,96.4514864613843,0.2833620543113747,10.745919763749649,0.005393856536616673,4.718464863856929,0.9869492953332236,0.14440343608556253,194.3884212389091,147.67807156221048,14400.010281618635,-6057.98586453345,23.088350522455745,0.06867587875583193,7931.704005083763,-2987.5697238552134,30.559264012773514,0.06867587875583193,39167.049939609286,-18519.773592812948,29.831425177406878,0.0672846125515661,637.6181129070371,-482.9256510555617,15.928760157284398,0.06867587875583193,87.57556530061416,-55.44039253108472,15.254721951422805,0.06867587875583193,24.345376852996136,19.624840860009446,0.32548586590269935,21.818310539900025,19.641525039063914,0.5611340362873486,143.48802106997076,19.428319633823897,0.2805103236939845,29.00253452239908,19.289644575856737,0.32548586590269935,5.7074436320945585,19.078524906858252,0.32548586590269935,-126.40260441039754,19.900635058053446,0.32548586590269935,-97.95908220696468,20.107343851187967,0.32548586590269935,91.68791018312855,13.654833132157595,0.32548586590269935,-279.7935485096743,14.818299903518424,0.5362639706129531,188.10563832655012,14.012958644380422,0.5611340362873486
2019-05-08 08:00:00,1.148523331366174,0.7418727834898782,0.0,1.148523331366174,0.7418727834898782,0.0,1.148523331366174,0.0,0.7418727834898782,0.0,1.0,2151.5760546883685,21.666666666666686,0.27742805110727947,455.57525993233304,1.057509659491174,0.09101367187500001,0.11666666666666667,2516.137642745701,25174.081651054337,0.0,0.0,24.444444444444457,0.0,0.0,0.0,0.0,0.0,0.0,0.0,0.0,20903.297,21.418328558354812,-0.05453789548886755,18.119567006004697,17.5,8.83061728816898,2180.0959373090645,668.1402725238834,-5.79874401218222,-105.68797443933528,0.0,4.949971066666667,421.7874691236454,-823.2016955855704,-355.61758987941573,-387.0212246559176,-88.04031971351407,-288.93669233551833,0.07500000000000001,0.0013744657945769885,0.026896284787967992,0.0,0.37438955054583967,4.949971066666667,135.05663000554688,0.2814982266617459,10.763378310873431,0.00538657388880352,-33.709457452036425,0.9861243356112647,0.16323195027617074,-105.31605296723151,317.88106555878187,17960.028300838578,-7593.305248659407,29.087626219296794,0.06867587875583193,8395.028688656772,-3326.247681194205,35.32282337004169,0.06867587875583193,58876.92386298051,-27547.70821864008,43.73566722635708,0.0672846125515661,729.3202664537781,-498.1823297594498,19.125135143586423,0.06867587875583193,109.3197950495011,-62.20788256007084,18.979504736798372,0.06867587875583193,8.523008313752872,20.0332321938766,0.32548586590269935,14.11469413970323,20.027761136535204,0.5611340362873486,208.44613847462642,19.688285928802827,0.2805103236939845,-7.076399995979212,20.14628765409543,0.32548586590269935,3.6541679644628764,19.669290839556847,0.32548586590269935,-154.87025587001892,20.32198274130614,0.32548586590269935,-72.791353026546,20.36903965557048,0.32548586590269935,152.8049174829971,19.31557585899715,0.32548586590269935,-574.159508506697,21.308484730407272,0.5362639706129531,421.3545910237043,19.689039981823548,0.5611340362873486
2019-05-08 09:00:00,0.5040396903637276,0.32557747663229397,0.0,0.5040396903637276,0.32557747663229397,0.0,0.5040396903637276,0.0,0.32557747663229397,0.0,1.0,925.9681665783617,21.666666666666686,0.11632741139212352,196.0647346203632,0.4650338309887277,0.039005859375,0.05,1083.0270418237246,26595.83225585636,0.0,0.0,24.444444444444457,0.0,0.0,0.0,0.0,0.0,0.0,0.0,0.0,20903.297,21.42675932125504,-0.03651179447926231,23.263132686141905,20.3,8.83061728816898,1048.7618222709682,198.0722638706397,-1.3194624833642523,-30.194114097687468,0.0,2.96998264,431.58194318349103,-789.2441768587487,-257.07939325087597,-281.1995000125782,-42.83661980282938,-229.38711663804875,0.045,0.0006386376552829577,0.026896284787967992,0.0,0.36464497848204147,2.96998264,151.3372496336582,0.2804601923762699,10.748113005937471,0.005372991034729118,-35.40447341610858,0.9854948752233986,0.14312090215160114,-427.2535041013608,429.26103335163737,19737.900275714044,-8436.485089525246,33.05086272590744,0.06867587875583193,7625.7267562714005,-3143.7364254353397,36.35950817491566,0.06867587875583193,75439.14058080508,-35550.77524982628,54.637449534494976,0.0672846125515661,746.256066955256,-491.59214893609686,21.561962290929976,0.06867587875583193,131.2325944313284,-69.08378600690665,22.212860503327754,0.06867587875583193,-17.3530172637434,20.354908225536708,0.32548586590269935,4.470097812230839,20.308306305618505,0.5611340362873486,255.27564133612407,19.871219945581913,0.2805103236939845,-34.66603356677999,20.77573554989397,0.32548586590269935,1.2308617081953268,20.18748809706303,0.32548586590269935,-155.558515418289,20.586166735197057,0.32548586590269935,-53.39903460773894,20.547850547023167,0.32548586590269935,202.6983705054157,24.677615900634397,0.32548586590269935,-773.0347828165864,27.193142584214034,0.5362639706129531,570.3364123111766,25.127285733364257,0.5611340362873486
2019-05-08 10:00:00,0.529277459267289,0.34187946489341875,0.0,0.529277459267289,0.34187946489341875,0.0,0.529277459267289,0.0,0.34187946489341875,0.0,1.0,981.9595566885131,21.666666666666686,0.11725741037938633,207.92036577401043,0.49027159989228897,0.039005859375,0.05,1150.8740630875234,28010.359955517346,0.0,0.0,24.444444444444457,0.0,0.0,0.0,0.0,0.0,0.0,0.0,0.0,20903.297,21.347861862837227,-0.07726404801475623,28.09898440183213,22.25,8.83061728816898,1160.2556154529218,-153.6221227440928,0.3933346045013346,23.849029309089964,0.0,2.96998264,401.7721329499282,-747.0553597875391,-168.4798307875755,-164.28076643196133,-6.748643634232541,-157.66107389490838,0.045,0.00032123351453513876,0.026896284787967992,0.0,0.3604415954395928,2.96998264,151.0837122108173,0.2809458874088858,10.6988794473534,0.005358860215845155,-59.74685010191386,0.9851974948229264,0.15019521708687564,-873.1281849213291,511.5856964032258,19670.606715910384,-8667.11077093897,35.02433387157326,0.06867587875583193,6057.2336588944445,-2675.7007055745767,34.94798472330003,0.06867587875583193,87919.59763508549,-42366.56137364942,62.87310291997737,0.0672846125515661,694.7113902306248,-475.64841054623236,23.05611580497346,0.06867587875583193,146.00542600958264,-75.29160298541525,24.527028722512185,0.06867587875583193,-48.88303718559806,20.58912687093166,0.32548586590269935,-13.06273880793815,20.50262256482688,0.5611340362873486,296.30470718801115,19.964253870350298,0.2805103236939845,-50.24336481755687,21.145026874642376,0.32548586590269935,-1.180208301647021,20.602706348855325,0.32548586590269935,-145.55818754859672,20.73227337788696,0.32548586590269935,-37.377170526671094,20.64192291835546,0.32548586590269935,253.36102696404222,29.541137471318077,0.32548586590269935,-928.7249215777389,32.48018146235083,0.5362639706129531,675.3638946137037,30.135802496185587,0.5611340362873486
2019-05-08 11:00:00,0.5404430327456785,0.34909171287258733,0.0,0.5404430327456786,0.34909171287258733,0.0,0.5404430327456785,0.0,0.34909171287258733,0.0,1.0,1004.4201383436981,21.666666666666686,0.117360402919483,212.67617503461986,0.5014371733706786,0.039005859375,0.05,1178.090454003318,28916.673577529586,0.0,0.0,24.444444444444457,0.0,0.0,0.0,0.0,0.0,0.0,0.0,0.0,20903.297,21.45372491907847,-0.03582327543221056,31.47414577680702,23.6,8.83061728816898,1209.9043989006038,-663.1996816183877,1.6834136207993937,56.41331775539709,0.0,2.96998264,369.5724962187005,-747.8044469381152,-163.109328590028,-98.69605332383574,14.60475356297896,-119.80274299595884,0.045,0.000674834859073825,0.026896284787967992,0.0,0.3651243380525881,2.96998264,144.41754654070937,0.2773159069904368,10.701579837977087,0.005330373595675574,-74.7745389697735,0.9836812633703148,0.18358914127143539,-1414.2284156198332,538.3525589668258,17752.322160530784,-8059.626210102052,34.91778405043463,0.06867587875583193,3883.0393939253436,-1941.8221189419305,31.37633701736515,0.06867587875583193,94226.32719799074,-46000.59671539566,67.17928476440245,0.0672846125515661,639.0344217106102,-457.9687604421403,24.02410803941705,0.06867587875583193,155.59138810637847,-79.26009776718908,26.094821988561264,0.06867587875583193,-75.48832206775539,20.83894880667284,0.32548586590269935,-28.976566137815098,20.720908346744007,0.5611340362873486,322.99409575852707,20.109545219366378,0.2805103236939845,-60.18424633679618,21.465349208615432,0.32548586590269935,-3.1648515927352436,20.99909949783082,0.32548586590269935,-125.8042347168311,20.888411046804674,0.32548586590269935,-29.375874906595165,20.797787193306622,0.32548586590269935,281.33330024338795,32.85735255848804,0.32548586590269935,-986.5992914466711,35.95414872394635,0.5362639706129531,705.2659912032904,33.564556248839054,0.5611340362873486
