Time,Ambient Dry Bulb (C),Ambient Relative Humidity (-),Ambient Pressure (kPa),GHI (W/m^2),DNI (W/m^2),DHI (W/m^2),Wind Speed (m/s),Sky Temperature (C),Mains Temperature (C),Ground Temperature (C),Ambient Humidity Ratio (-),Ambient Wet Bulb (-),apparent_zenith,zenith,apparent_elevation,elevation,azimuth,equation_of_time,dni_extraterrestrial,airmass,Exterior Wall Irradiance (W),"Exterior Wall Irradiance - East, poa_global (W/m^2)","Exterior Wall Irradiance - East, poa_direct (W/m^2)","Exterior Wall Irradiance - East, poa_diffuse (W/m^2)","Exterior Wall Irradiance - East, poa_sky_diffuse (W/m^2)","Exterior Wall Irradiance - East, poa_ground_diffuse (W/m^2)","Exterior Wall Irradiance - North, poa_global (W/m^2)","Exterior Wall Irradiance - North, poa_direct (W/m^2)","Exterior Wall Irradiance - North, poa_diffuse (W/m^2)","Exterior Wall Irradiance - North, poa_sky_diffuse (W/m^2)","Exterior Wall Irradiance - North, poa_ground_diffuse (W/m^2)","Exterior Wall Irradiance - West, poa_global (W/m^2)","Exterior Wall Irradiance - West, poa_direct (W/m^2)","Exterior Wall Irradiance - West, poa_diffuse (W/m^2)","Exterior Wall Irradiance - West, poa_sky_diffuse (W/m^2)","Exterior Wall Irradiance - West, poa_ground_diffuse (W/m^2)","Exterior Wall Irradiance - South, poa_global (W/m^2)","Exterior Wall Irradiance - South, poa_direct (W/m^2)","Exterior Wall Irradiance - South, poa_diffuse (W/m^2)","Exterior Wall Irradiance - South, poa_sky_diffuse (W/m^2)","Exterior Wall Irradiance - South, poa_ground_diffuse (W/m^2)",Attic Wall Irradiance (W),"Attic Wall Irradiance - West, poa_global (W/m^2)","Attic Wall Irradiance - West, poa_direct (W/m^2)","Attic Wall Irradiance - West, poa_diffuse (W/m^2)","Attic Wall Irradiance - West, poa_sky_diffuse (W/m^2)","Attic Wall Irradiance - West, poa_ground_diffuse (W/m^2)","Attic Wall Irradiance - East, poa_global (W/m^2)","Attic Wall Irradiance - East, poa_direct (W/m^2)","Attic Wall Irradiance - East, poa_diffuse (W/m^2)","Attic Wall Irradiance - East, poa_sky_diffuse (W/m^2)","Attic Wall Irradiance - East, poa_ground_diffuse (W/m^2)",Attic Roof Irradiance (W),"Attic Roof Irradiance - North, poa_global (W/m^2)","Attic Roof Irradiance - North, poa_direct (W/m^2)","Attic Roof Irradiance - North, poa_diffuse (W/m^2)","Attic Roof Irradiance - North, poa_sky_diffuse (W/m^2)","Attic Roof Irradiance - North, poa_ground_diffuse (W/m^2)","Attic Roof Irradiance - South, poa_global (W/m^2)","Attic Roof Irradiance - South, poa_direct (W/m^2)","Attic Roof Irradiance - South, poa_diffuse (W/m^2)","Attic Roof Irradiance - South, poa_sky_diffuse (W/m^2)","Attic Roof Irradiance - South, poa_ground_diffuse (W/m^2)",Window Irradiance (W),"Window Irradiance - North, poa_global (W/m^2)","Window Irradiance - North, poa_direct (W/m^2)","Window Irradiance - North, poa_diffuse (W/m^2)","Window Irradiance - North, poa_sky_diffuse (W/m^2)","Window Irradiance - North, poa_ground_diffuse (W/m^2)","Window Irradiance - East, poa_global (W/m^2)","Window Irradiance - East, poa_direct (W/m^2)","Window Irradiance - East, poa_diffuse (W/m^2)","Window Irradiance - East, poa_sky_diffuse (W/m^2)","Window Irradiance - East, poa_ground_diffuse (W/m^2)","Window Irradiance - South, poa_global (W/m^2)","Window Irradiance - South, poa_direct (W/m^2)","Window Irradiance - South, poa_diffuse (W/m^2)","Window Irradiance - South, poa_sky_diffuse (W/m^2)","Window Irradiance - South, poa_ground_diffuse (W/m^2)","Window Irradiance - West, poa_global (W/m^2)","Window Irradiance - West, poa_direct (W/m^2)","Window Irradiance - West, poa_diffuse (W/m^2)","Window Irradiance - West, poa_sky_diffuse (W/m^2)","Window Irradiance - West, poa_ground_diffuse (W/m^2)",Door Irradiance (W),"Door Irradiance - North, poa_global (W/m^2)","Door Irradiance - North, poa_direct (W/m^2)","Door Irradiance - North, poa_diffuse (W/m^2)","Door Irradiance - North, poa_sky_diffuse (W/m^2)","Door Irradiance - North, poa_ground_diffuse (W/m^2)",Horizontal Irradiance (W/m^2),Cooking Range (kW),Cooking Range (therms/hour),Dishwasher (kW),Clothes Washer (kW),Clothes Dryer (kW),Clothes Dryer (therms/hour),Dishwasher (L/min),Clothes Washer (L/min),Water Fixtures (L/min),Water Heating Setpoint (C),Occupancy (Persons),Refrigerator (kW),Indoor Lighting (kW),Exterior Lighting (kW),MELs (kW),TV (kW),HVAC Heating Setpoint (C),HVAC Cooling Setpoint (C),Ventilation Fan (kW),Ventilation Rate (cfm)
2019-05-05 12:00:00,11.1,0.48,84.1,928,883,124,2.6,-2.9958049512601406,13.3869764342258,8.83061728816898,0.00472660492477014,5.790707958584505,23.51268274740957,23.520002809634803,66.48731725259043,66.4799971903652,182.81903015366842,3.290797862853651,1342.2304404008587,1.0900040105337543,21772.143395964602,136.09472595528203,0.0,136.09472595528203,43.294725955282026,92.8,136.09472595528203,0.0,136.09472595528203,43.294725955282026,92.8,154.86499477385692,17.330487187784378,137.53450758607255,44.734507586072546,92.8,517.2858350163447,351.95167930373975,165.33415571260497,72.53415571260497,92.8,3905.9856518401193,154.86499477385692,17.330487187784378,137.53450758607255,44.734507586072546,92.8,136.09472595528203,0.0,136.09472595528203,43.294725955282026,92.8,106512.1754445374,684.0674844085045,566.7674161122039,117.30006829630054,107.50291162109272,9.797156675207809,1025.0151773201335,881.5625679995512,143.4526093205822,133.6554526453744,9.797156675207809,2753.7704902122314,116.22489596581084,0.0,116.22489596581084,43.294725955282026,92.8,116.22489596581084,0.0,116.22489596581084,43.294725955282026,92.8,325.98648401120005,184.79111503263542,141.19536897856463,72.53415571260497,92.8,117.53045475437673,0.0759852758707811,117.45446947850596,44.734507586072546,92.8,252.87227538425208,136.09472595528203,0.0,136.09472595528203,43.294725955282026,92.8,933.6410745812688,0.0,0.0,0.0,0.0,0.0,0.0,0.0,0.0,0.14390217519475904,51.666666666666686,0.045,0.054032471326661446,0.0879014327271795,0.006366864319322732,0.1339573399469733,0.07605636517135846,21.666666666666686,24.444444444444457,0.01995,56.99
2019-05-05 12:01:00,11.1,0.48,84.1,928,883,124,2.6,-2.9958049512601406,13.3869764342258,8.83061728816898,0.00472660492477014,5.790707958584505,23.522930200069396,23.530253851358125,66.4770697999306,66.46974614864187,183.4195925010692,3.290853602520656,1342.2304404008587,1.090088684775306,21847.094438217664,136.10189057785936,0.0,136.10189057785936,43.30189057785936,92.8,136.10189057785936,0.0,136.10189057785936,43.30189057785936,92.8,158.87596198661552,21.02719134178622,137.8487706448293,45.04877064482929,92.8,517.2316509176424,351.8952870953279,165.3363638223145,72.5363638223145,92.8,3959.9270195892136,158.87596198661552,21.02719134178622,137.8487706448293,45.04877064482929,92.8,136.10189057785936,0.0,136.10189057785936,43.30189057785936,92.8,106505.4199801813,684.0407216714038,566.7362342497754,117.30448742162841,107.5073307464206,9.797156675207809,1024.933542618587,881.4809474125583,143.4525952060286,133.6554385308208,9.797156675207809,2754.5822935715605,116.23101455349189,0.0,116.23101455349189,43.30189057785936,92.8,116.23101455349189,0.0,116.23101455349189,43.30189057785936,92.8,325.9223877025559,184.72513299829933,141.19725470425658,72.5363638223145,92.8,117.8443669789744,0.12151684829018614,117.72285013068422,45.04877064482929,92.8,252.8855876886098,136.10189057785936,0.0,136.10189057785936,43.30189057785936,92.8,933.578016095035,0.0,0.0,0.0,0.0,0.0,0.0,0.0,0.0,0.14390217519475904,51.666666666666686,0.045,0.054032471326661446,0.0879014327271795,0.006366864319322732,0.1339573399469733,0.07605636517135846,21.666666666666686,24.444444444444457,0.01995,56.99
2019-05-05 12:02:00,11.1,0.48,84.1,928,883,124,2.6,-2.9958049512601406,13.3869764342258,8.83061728816898,0.00472660492477014,5.790707958584505,23.535185171503542,23.542513115693694,66.46481482849646,66.4574868843063,184.0196476083816,3.2909093377420504,1342.2304404008587,1.0901900100394517,21921.87435559291,136.1104579049376,0.0,136.1104579049376,43.31045790493759,92.8,136.1104579049376,0.0,136.1104579049376,43.31045790493759,92.8,162.88788344272916,24.723490083013953,138.1643933597152,45.3643933597152,92.8,517.1676275845589,351.8285632925888,165.33906429197012,72.53906429197012,92.8,4013.9000281595327,162.88788344272916,24.723490083013953,138.1643933597152,45.3643933597152,92.8,136.1104579049376,0.0,136.1104579049376,43.31045790493759,92.8,106497.33724435752,684.0083378561577,566.6985931424114,117.30974471374634,107.51258803853852,9.797156675207809,1024.8362317430797,881.3836267217378,143.45260502134204,133.65544834613422,9.797156675207809,2755.4054571105235,116.2383310508167,0.0,116.2383310508167,43.31045790493759,92.8,116.2383310508167,0.0,116.2383310508167,43.31045790493759,92.8,325.84663475778586,184.64707385244336,141.19956090534248,72.53906429197012,92.8,118.17442292801267,0.18203099881588394,117.99239192919678,45.3643933597152,92.8,252.90150630321463,136.1104579049376,0.0,136.1104579049376,43.31045790493759,92.8,933.5025701562585,0.0,0.0,0.0,0.0,0.0,0.0,0.0,0.0,0.14390217519475904,51.666666666666686,0.045,0.054032471326661446,0.0879014327271795,0.006366864319322732,0.1339573399469733,0.07605636517135846,21.666666666666686,24.444444444444457,0.01995,56.99
2019-05-05 12:03:00,11.1,0.48,84.1,928,883,124,2.6,-2.9958049512601406,13.3869764342258,8.83061728816898,0.00472660492477014,5.790707958584505,23.549444446421703,23.556777386613618,66.4505555535783,66.44322261338638,184.61910521788172,3.2909650684268854,1342.2304404008587,1.0903079934622522,21996.48139124951,136.1204252202981,0.0,136.1204252202981,43.32042522029811,92.8,136.1204252202981,0.0,136.1204252202981,43.32042522029811,92.8,166.90067325022895,28.41930808218168,138.48136516804726,45.681365168047265,92.8,517.0937644659173,351.75150923379664,165.34225523212064,72.54225523212064,92.8,4067.9034880314143,166.90067325022895,28.41930808218168,138.48136516804726,45.681365168047265,92.8,136.1204252202981,0.0,136.1204252202981,43.32042522029811,92.8,106487.92730033919,683.9703325021674,566.6544936213168,117.31583888085055,107.51868220564275,9.797156675207809,1024.7232461694841,881.2706079552822,143.45263821420198,133.65548153899417,9.797156675207809,2756.246599277884,116.24684313813458,0.0,116.24684313813458,43.32042522029811,92.8,116.24684313813458,0.0,116.24684313813458,43.32042522029811,92.8,325.75923089013713,184.5569449219061,141.20228596823102,72.54225523212064,92.8,118.52259929605772,0.25951344254535597,118.26308585351237,45.681365168047265,92.8,252.92002618116726,136.1204252202981,0.0,136.1204252202981,43.32042522029811,92.8,933.4147383633908,0.0,0.0,0.0,0.0,0.0,0.0,0.0,0.0,0.14390217519475904,51.666666666666686,0.045,0.054032471326661446,0.0879014327271795,0.006366864319322732,0.1339573399469733,0.07605636517135846,21.666666666666686,24.444444444444457,0.01995,56.99
2019-05-05 12:04:00,11.1,0.48,84.1,928,883,124,2.6,-2.9958049512601406,13.3869764342258,8.83061728816898,0.00472660492477014,5.790707958584505,23.565704320209505,23.573042958657695,66.4342956797905,66.4269570413423,185.21787688965324,3.2910207946406445,1342.2304404008587,1.0904426435881305,22070.913909979034,136.13178938987238,0.0,136.13178938987238,43.331789389872384,92.8,136.13178938987238,0.0,136.13178938987238,43.331789389872384,92.8,170.91425317885128,32.1145774347992,138.79967574405208,45.99967574405207,92.8,517.0100607781594,351.66412632354513,165.34593445461422,72.54593445461421,92.8,4121.936306930254,170.91425317885128,32.1145774347992,138.79967574405208,45.99967574405207,92.8,136.13178938987238,0.0,136.13178938987238,43.331789389872384,92.8,106477.19020351805,683.926705002657,566.6039365673395,117.32276843531747,107.52561176010965,9.797156675207809,1024.594587393386,881.1418932503475,143.45269414303854,133.65553746783073,9.797156675207809,2757.112149735786,116.256548138951,0.0,116.256548138951,43.331789389872384,92.8,116.256548138951,0.0,116.256548138951,43.331789389872384,92.8,325.6601825308186,184.45475450657804,141.20542802424055,72.54593445461421,92.8,118.89081620629965,0.35589312087917147,118.53492308542047,45.99967574405207,92.8,252.94114149917777,136.13178938987238,0.0,136.13178938987238,43.331789389872384,92.8,933.3145224035475,0.0,0.0,0.0,0.0,0.0,0.0,0.0,0.0,0.14390217519475904,51.666666666666686,0.045,0.054032471326661446,0.0879014327271795,0.006366864319322732,0.1339573399469733,0.07605636517135846,21.666666666666686,24.444444444444457,0.01995,56.99
2019-05-05 12:05:00,11.1,0.48,84.1,928,883,124,2.6,-2.9958049512601406,13.3869764342258,8.83061728816898,0.00472660492477014,5.790707958584505,23.58396057218755,23.591305610182744,66.41603942781245,66.40869438981726,185.81587448481255,3.2910765163542237,1342.2304404008587,1.0905939701114107,22145.170198490596,136.14454684356684,0.0,136.14454684356684,43.34454684356683,92.8,136.14454684356684,0.0,136.14454684356684,43.34454684356683,92.8,174.92854193996294,35.80922777498283,139.1193141649801,46.3193141649801,92.8,516.9165156725137,351.56641620428195,165.3500994682317,72.5500994682317,92.8,4175.997345670984,174.92854193996294,35.80922777498283,139.1193141649801,46.3193141649801,92.8,136.14454684356684,0.0,136.14454684356684,43.34454684356683,92.8,106465.12602229201,683.8774546893671,566.5469230073293,117.33053168203787,107.53337500683007,9.797156675207809,1024.4502571805497,880.9974851028325,143.4527720777171,133.65561540250928,9.797156675207809,2758.0083479630975,116.26744300440608,0.0,116.26744300440608,43.34454684356683,92.8,116.26744300440608,0.0,116.26744300440608,43.34454684356683,92.8,325.54949702733893,184.34051208146906,141.20898494586987,72.5500994682317,92.8,119.28093656472166,0.4730422678286603,118.807894296893,46.3193141649801,92.8,252.96484562379527,136.14454684356684,0.0,136.14454684356684,43.34454684356683,92.8,933.2019242460049,0.0,0.0,0.0,0.0,0.0,0.0,0.0,0.0,0.14390217519475904,51.666666666666686,0.045,0.054032471326661446,0.0879014327271795,0.006366864319322732,0.1339573399469733,0.07605636517135846,21.666666666666686,24.444444444444457,0.01995,56.99
2019-05-05 12:06:00,11.1,0.48,84.1,928,883,124,2.6,-2.9958049512601406,13.3869764342258,8.83061728816898,0.00472660492477014,5.790707958584505,23.604208478460293,23.611560616215755,66.3957915215397,66.38843938378425,186.4130106539203,3.291132233585813,1342.2304404008587,1.0907619839401836,22219.24851594602,136.15869358483414,0.0,136.15869358483414,43.358693584834135,92.8,136.15869358483414,0.0,136.15869358483414,43.358693584834135,92.8,178.94345788048685,39.503188748863295,139.44026913162355,46.64026913162357,92.8,516.8131281983445,351.458380715147,165.35474748319757,72.55474748319756,92.8,4230.0854544511385,178.94345788048685,39.503188748863295,139.44026913162355,46.64026913162357,92.8,136.15869358483414,0.0,136.15869358483414,43.358693584834135,92.8,106451.7348332761,683.8225808148034,566.4834540910717,117.33912672373165,107.54197004852385,9.797156675207809,1024.2902575078267,880.8373863074996,143.45287120032702,133.6557145251192,9.797156675207809,2758.941244666593,116.27952432144835,0.0,116.27952432144835,43.358693584834135,92.8,116.27952432144835,0.0,116.27952432144835,43.358693584834135,92.8,325.4271826007641,184.21422825011342,141.21295435065073,72.55474748319756,92.8,119.69476651995797,0.6127766815514503,119.08198983840651,46.64026913162357,92.8,252.99113112919176,136.15869358483414,0.0,136.15869358483414,43.358693584834135,92.8,933.0769460958325,0.0,0.0,0.0,0.0,0.0,0.0,0.0,0.0,0.14390217519475904,51.666666666666686,0.045,0.054032471326661446,0.0879014327271795,0.006366864319322732,0.1339573399469733,0.07605636517135846,21.666666666666686,24.444444444444457,0.01995,56.99
2019-05-05 12:07:00,11.1,0.48,84.1,928,883,124,2.6,-2.9958049512601406,13.3869764342258,8.83061728816898,0.00472660492477014,5.790707958584505,23.62644281779565,23.633802754335036,66.37355718220435,66.36619724566496,187.00919892080478,3.2911879463281366,1342.2304404008587,1.0909466971977675,22293.147094321095,136.17422519543865,0.0,136.17422519543865,43.374225195438655,92.8,136.17422519543865,0.0,136.17422519543865,43.374225195438655,92.8,182.95891898688276,43.19639000888697,139.7625289779958,46.96252897799581,92.8,516.6998973064735,351.3400218921199,165.35987541435367,72.55987541435367,92.8,4284.199472968268,182.95891898688276,43.19639000888697,139.7625289779958,46.96252897799581,92.8,136.17422519543865,0.0,136.17422519543865,43.374225195438655,92.8,106437.01672152846,683.7620825546937,566.4135310914475,117.34855146324631,107.55139478803851,9.797156675207809,1024.1145905643218,880.6615999582652,143.45299060605655,133.65583393084873,9.797156675207809,2759.9167027150597,116.2927883169046,0.0,116.2927883169046,43.374225195438655,92.8,116.2927883169046,0.0,116.2927883169046,43.374225195438655,92.8,325.2932483503447,184.07591474648663,141.21733360385804,72.55987541435367,92.8,120.13405572692372,0.7768559797153035,119.35719974720841,46.96252897799581,92.8,253.01998980601687,136.17422519543865,0.0,136.17422519543865,43.374225195438655,92.8,932.9395903941437,0.0,0.0,0.0,0.0,0.0,0.0,0.0,0.0,0.14390217519475904,51.666666666666686,0.045,0.054032471326661446,0.0879014327271795,0.006366864319322732,0.1339573399469733,0.07605636517135846,21.666666666666686,24.444444444444457,0.01995,56.99
2019-05-05 12:08:00,11.1,0.48,84.1,928,883,124,2.6,-2.9958049512601406,13.3869764342258,8.83061728816898,0.00472660492477014,5.790707958584505,23.65065787831621,23.65802631136347,66.34934212168379,66.34197368863653,187.60435376980956,3.291243654599384,1342.2304404008587,1.091148123226234,22366.86413950113,136.19113684085403,0.0,136.19113684085403,43.39113684085403,92.8,136.19113684085403,0.0,136.19113684085403,43.39113684085403,92.8,186.9748429273046,46.888761242871986,140.0860816844326,47.28608168443262,92.8,516.576821851867,351.2113419671514,165.36547988471563,72.56547988471564,92.8,4338.338231058342,186.9748429273046,46.888761242871986,140.0860816844326,47.28608168443262,92.8,136.19113684085403,0.0,136.19113684085403,43.39113684085403,92.8,106420.97178064717,683.6959590099797,566.3371554038064,117.3588036061733,107.56164693096548,9.797156675207809,1023.9232587509587,880.4701294467964,143.45312930416236,133.65597262895454,9.797156675207809,2760.9403981535443,116.30723086208934,0.0,116.30723086208934,43.39113684085403,92.8,116.30723086208934,0.0,116.30723086208934,43.39113684085403,92.8,325.14770425746025,183.9255844359131,141.22211982154715,72.56547988471564,92.8,120.60049763405634,0.9669838755508936,119.63351375850544,47.28608168443262,92.8,253.05141267142668,136.19113684085403,0.0,136.19113684085403,43.39113684085403,92.8,932.7898598169623,0.0,0.0,0.0,0.0,0.0,0.0,0.0,0.0,0.14390217519475904,51.666666666666686,0.045,0.054032471326661446,0.0879014327271795,0.006366864319322732,0.1339573399469733,0.07605636517135846,21.666666666666686,24.444444444444457,0.01995,56.99
2019-05-05 12:09:00,11.1,0.48,84.1,928,883,124,2.6,-2.9958049512601406,13.3869764342258,8.83061728816898,0.00472660492477014,5.790707958584505,23.67684746432792,23.684225090199078,66.32315253567208,66.31577490980092,188.19839071950344,3.291299358385004,1342.2304404008587,1.0913662765865553,22440.397831020542,136.20942327581943,0.0,136.20942327581943,43.409423275819435,92.8,136.20942327581943,0.0,136.20942327581943,43.409423275819435,92.8,190.99114701885662,50.58023213385736,140.41091488499927,47.61091488499927,92.8,516.4439005985731,351.0723433693569,165.37155722921622,72.57155722921622,92.8,4392.500548330765,190.99114701885662,50.58023213385736,140.41091488499927,47.61091488499927,92.8,136.20942327581943,0.0,136.20942327581943,43.409423275819435,92.8,106403.6001131722,683.6242092103156,566.2543285468033,117.36988066351228,107.57272398830446,9.797156675207809,1023.7162646834274,880.2629784644151,143.45328621901226,133.65612954380444,9.797156675207809,2762.0178212669507,116.32284747754979,0.0,116.32284747754979,43.409423275819435,92.8,116.32284747754979,0.0,116.32284747754979,43.409423275819435,92.8,324.9905611923139,183.76325131856328,141.22730987375064,72.57155722921622,92.8,121.0957297813327,1.1848084695433103,119.91092131178938,47.61091488499927,92.8,253.08538997940767,136.20942327581943,0.0,136.20942327581943,43.409423275819435,92.8,932.6277572767543,0.0,0.0,0.0,0.0,0.0,0.0,0.0,0.0,0.14390217519475904,51.666666666666686,0.045,0.054032471326661446,0.0879014327271795,0.006366864319322732,0.1339573399469733,0.07605636517135846,21.666666666666686,24.444444444444457,0.01995,56.99
2019-05-05 12:10:00,11.1,0.48,84.1,928,883,124,2.6,-2.9958049512601406,13.3869764342258,8.83061728816898,0.00472660492477014,5.790707958584505,23.70500490411787,23.712392417615064,66.29499509588213,66.28760758238494,188.79122640498503,3.2913550576813577,1342.2304404008587,1.0916011730624486,22513.746323220053,136.22907885063336,0.0,136.22907885063336,43.42907885063335,92.8,136.22907885063336,0.0,136.22907885063336,43.42907885063335,92.8,195.00774827023002,54.2707323889756,140.73701588125442,47.93701588125443,92.8,516.3011322229884,350.92302872413455,165.37810349885387,72.57810349885388,92.8,4446.685234825243,195.00774827023002,54.2707323889756,140.73701588125442,47.93701588125443,92.8,136.22907885063336,0.0,136.22907885063336,43.42907885063335,92.8,106384.90183072694,683.5468321165604,566.1650521618386,117.38177995472176,107.58462327951396,9.797156675207809,1023.493611191966,880.0401510007491,143.45346019121695,133.65630351600913,9.797156675207809,2763.154277729904,116.33963333844089,0.0,116.33963333844089,43.42907885063335,92.8,116.33963333844089,0.0,116.33963333844089,43.42907885063335,92.8,324.82183091872287,183.58893053070167,141.2329003880212,72.57810349885388,92.8,121.62133412514495,1.4319225625536813,120.18941156259127,47.93701588125443,92.8,253.12191123247086,136.22907885063336,0.0,136.22907885063336,43.42907885063335,92.8,932.45328592136,0.0,0.0,0.0,0.0,0.0,0.0,0.0,0.0,0.14390217519475904,51.666666666666686,0.045,0.054032471326661446,0.0879014327271795,0.006366864319322732,0.1339573399469733,0.07605636517135846,21.666666666666686,24.444444444444457,0.01995,56.99
2019-05-05 12:11:00,11.1,0.48,84.1,928,883,124,2.6,-2.9958049512601406,13.3869764342258,8.83061728816898,0.00472660492477014,5.790707958584505,23.73512305808262,23.742521152390438,66.26487694191738,66.25747884760956,189.38277865195283,3.2914107524884457,1342.2304404008587,1.0918528296627974,22586.907745751698,136.25009751773615,0.0,136.25009751773615,43.45009751773617,92.8,136.25009751773615,0.0,136.25009751773615,43.45009751773617,92.8,199.024563387495,57.96019173415181,141.0643716533432,48.2643716533432,92.8,516.1485153184617,350.7634008533787,165.385114465083,72.585114465083,92.8,4500.89109117791,199.024563387495,57.96019173415181,141.0643716533432,48.2643716533432,92.8,136.25009751773615,0.0,136.25009751773615,43.45009751773617,92.8,106364.87705430774,683.4638266239838,566.0693280130934,117.39449861089045,107.59734193568265,9.797156675207809,1023.2553013227993,879.8016513439584,143.45364997884084,133.65649330363303,9.797156675207809,2764.3548898139875,116.35758328014667,0.0,116.35758328014667,43.45009751773617,92.8,116.35758328014667,0.0,116.35758328014667,43.45009751773617,92.8,324.6415261005702,183.40263834738934,141.23888775318088,72.585114465083,92.8,122.17883737754302,1.7098639855879467,120.46897339195507,48.2643716533432,92.8,253.16096519388282,136.25009751773615,0.0,136.25009751773615,43.45009751773617,92.8,932.2664491341407,0.0,0.0,0.0,0.0,0.0,0.0,0.0,0.0,0.14390217519475904,51.666666666666686,0.045,0.054032471326661446,0.0879014327271795,0.006366864319322732,0.1339573399469733,0.07605636517135846,21.666666666666686,24.444444444444457,0.01995,56.99
2019-05-05 12:12:00,11.1,0.48,84.1,928,883,124,2.6,-2.9958049512601406,13.3869764342258,8.83061728816898,0.00472660492477014,5.790707958584505,23.767194327327402,23.774603693911757,66.2328056726726,66.22539630608824,189.9729665478549,3.2914664428244578,1342.2304404008587,1.0921212646239977,22659.88020410271,136.27247283867717,0.0,136.27247283867717,43.47247283867718,92.8,136.27247283867717,0.0,136.27247283867717,43.47247283867718,92.8,203.04150877969667,61.648539908385,141.39296887131167,48.59296887131166,92.8,515.9860484001497,350.59346277569716,165.39258562445258,72.59258562445257,92.8,4555.116908789976,203.04150877969667,61.648539908385,141.39296887131167,48.59296887131166,92.8,136.27247283867717,0.0,136.27247283867717,43.47247283867718,92.8,106343.52591461194,683.3751915658427,565.9671579877449,117.40803357809767,107.61087690288987,9.797156675207809,1023.0013383398249,879.5474840811454,143.4538542586795,133.6566975834717,9.797156675207809,2765.6245976580867,116.3766918042303,0.0,116.3766918042303,43.47247283867718,92.8,116.3766918042303,0.0,116.3766918042303,43.47247283867718,92.8,324.4496603086478,183.2043921853653,141.2452681232825,72.59258562445257,92.8,122.76971136305765,2.0201159469574885,120.74959541610016,48.59296887131166,92.8,253.20253990061076,136.27247283867717,0.0,136.27247283867717,43.47247283867718,92.8,932.0672505343291,0.0,0.0,0.0,0.0,0.0,0.0,0.0,0.0,0.14390217519475904,51.666666666666686,0.045,0.054032471326661446,0.0879014327271795,0.006366864319322732,0.1339573399469733,0.07605636517135846,21.666666666666686,24.444444444444457,0.01995,56.99
2019-05-05 12:13:00,11.1,0.48,84.1,928,883,124,2.6,-2.9958049512601406,13.3869764342258,8.83061728816898,0.00472660492477014,5.790707958584505,23.801210663056125,23.808631991565747,66.19878933694388,66.19136800843425,190.56171051554412,3.291522128685756,1342.2304404008587,1.092406497415119,22732.661780831488,136.2961979916859,0.0,136.2961979916859,43.49619799168589,92.8,136.2961979916859,0.0,136.2961979916859,43.49619799168589,92.8,207.0585006022795,65.3357066925254,141.7227939097541,48.9227939097541,92.8,515.8137299086665,350.4132177050842,165.40051220358225,72.60051220358227,92.8,4609.361470512319,207.0585006022795,65.3357066925254,141.7227939097541,48.9227939097541,92.8,136.2961979916859,0.0,136.2961979916859,43.49619799168589,92.8,106320.84855217539,683.2809257162385,565.8585440951499,117.42238162108859,107.62522494588077,9.797156675207809,1022.7317257239645,879.2776540963505,143.454071627614,133.6569149524062,9.797156675207809,2766.968160614468,116.39695308489975,0.0,116.39695308489975,43.49619799168589,92.8,116.39695308489975,0.0,116.39695308489975,43.49619799168589,92.8,324.2462480261567,182.99421060429748,141.25203742185923,72.60051220358227,92.8,123.39537339875318,2.3641073998231796,121.03126599893,48.9227939097541,92.8,253.24662267739026,136.2961979916859,0.0,136.2961979916859,43.49619799168589,92.8,931.855693975451,0.0,0.0,0.0,0.0,0.0,0.0,0.0,0.0,0.14390217519475904,51.666666666666686,0.045,0.054032471326661446,0.0879014327271795,0.006366864319322732,0.1339573399469733,0.07605636517135846,21.666666666666686,24.444444444444457,0.01995,56.99
2019-05-05 12:14:00,11.1,0.48,84.1,928,883,124,2.6,-2.9958049512601406,13.3869764342258,8.83061728816898,0.00472660492477014,5.790707958584505,23.837163600567862,23.84459757874717,66.16283639943214,66.15540242125283,191.1489327660561,3.291577810061426,1342.2304404008587,1.0927085489463995,22805.25058407984,136.3212657964475,0.0,136.3212657964475,43.52126579644751,92.8,136.3212657964475,0.0,136.3212657964475,43.52126579644751,92.8,211.0754574195532,69.02162434060222,142.053833078951,49.25383307895099,92.8,515.6315580914837,350.2226689214826,165.40888917000115,72.60888917000116,92.8,4663.623586720329,211.0754574195532,69.02162434060222,142.053833078951,49.25383307895099,92.8,136.3212657964475,0.0,136.3212657964475,43.52126579644751,92.8,106296.84510138683,683.1810277259851,565.7434883886747,117.4375393373104,107.6403826621026,9.797156675207809,1022.4464669807912,878.9921663766097,143.4543006041815,133.65714392897368,9.797156675207809,2768.3901596133446,116.41836099016616,0.0,116.41836099016616,43.52126579644751,92.8,116.41836099016616,0.0,116.41836099016616,43.52126579644751,92.8,324.031304510101,182.77211315891998,141.259191351181,72.60888917000116,92.8,124.05718713666579,2.7432136872416426,121.31397344942414,49.25383307895099,92.8,253.29320018275988,136.3212657964475,0.0,136.3212657964475,43.52126579644751,92.8,931.631783393211,0.0,0.0,0.0,0.0,0.0,0.0,0.0,0.0,0.14390217519475904,51.666666666666686,0.045,0.054032471326661446,0.0879014327271795,0.006366864319322732,0.1339573399469733,0.07605636517135846,21.666666666666686,24.444444444444457,0.01995,56.99
2019-05-05 12:15:00,11.1,0.48,84.1,928,883,124,2.6,-2.9958049512601406,13.3869764342258,8.83061728816898,0.00472660492477014,5.790707958584505,23.87504417180213,23.882491485372668,66.12495582819787,66.11750851462733,191.73455579185213,3.2916334869441926,1342.2304404008587,1.0930274407534224,22877.644554296778,136.34766865425263,0.0,136.34766865425263,43.54766865425265,92.8,136.34766865425263,0.0,136.34766865425263,43.54766865425265,92.8,215.09228947436367,72.70621772314298,142.3860717512207,49.58607175122069,92.8,515.4395315024566,350.02182028761604,165.41771121484055,72.61771121484057,92.8,4717.901950461258,215.09228947436367,72.70621772314298,142.3860717512207,49.58607175122069,92.8,136.34766865425263,0.0,136.34766865425263,43.54766865425265,92.8,106271.51575592314,683.0754963974305,565.6219932777024,117.45350311972817,107.65634644452037,9.797156675207809,1022.145566415675,878.6910267862322,143.45453962944282,133.657382954235,9.797156675207809,2769.8949947653623,116.44090903073175,0.0,116.44090903073175,43.54766865425265,92.8,116.44090903073175,0.0,116.44090903073175,43.54766865425265,92.8,323.80484638198516,182.5381210045113,141.26672537747382,72.61771121484057,92.8,124.75646117861817,3.158755903075703,121.59770527554247,49.58607175122069,92.8,253.34225829785555,136.34766865425263,0.0,136.34766865425263,43.54766865425265,92.8,931.395523412744,0.0,0.0,0.0,0.0,0.0,0.0,0.0,0.0,0.14390217519475904,51.666666666666686,0.045,0.054032471326661446,0.0879014327271795,0.006366864319322732,0.1339573399469733,0.07605636517135846,21.666666666666686,24.444444444444457,0.01995,56.99
2019-05-05 12:16:00,11.1,0.48,84.1,928,883,124,2.6,-2.9958049512601406,13.3869764342258,8.83061728816898,0.00472660492477014,5.790707958584505,23.91484306036088,23.922304392956605,66.08515693963912,66.0776956070434,192.31850478789158,3.291689159323141,1342.2304404008587,1.093363196215515,22949.84175691003,136.3753986572517,0.0,136.3753986572517,43.5753986572517,92.8,136.3753986572517,0.0,136.3753986572517,43.5753986572517,92.8,219.10891485622003,76.38941915124227,142.71949570497776,49.91949570497775,92.8,515.2376482745148,349.8106754824059,165.42697279210887,72.62697279210889,92.8,4772.19535596976,219.10891485622003,76.38941915124227,142.71949570497776,49.91949570497775,92.8,136.3753986572517,0.0,136.3753986572517,43.5753986572517,92.8,106244.8606725643,682.9643302868936,565.4940610650248,117.47026922186888,107.67311254666106,9.797156675207809,1021.8290279879711,878.3742409185362,143.45478706943499,133.65763039422717,9.797156675207809,2771.4868925922046,116.46459045329296,0.0,116.46459045329296,43.5753986572517,92.8,116.46459045329296,0.0,116.46459045329296,43.5753986572517,92.8,323.5668907711365,182.2922560066755,141.27463476446098,72.62697279210889,92.8,125.4944521626814,3.612002830630386,121.88244933205101,49.91949570497775,92.8,253.393782329412,136.3753986572517,0.0,136.3753986572517,43.5753986572517,92.8,931.1469184481092,0.0,0.0,0.0,0.0,0.0,0.0,0.0,0.0,0.14390217519475904,51.666666666666686,0.045,0.054032471326661446,0.0879014327271795,0.006366864319322732,0.1339573399469733,0.07605636517135846,21.666666666666686,24.444444444444457,0.01995,56.99
2019-05-05 12:17:00,11.1,0.48,84.1,928,883,124,2.6,-2.9958049512601406,13.3869764342258,8.83061728816898,0.00472660492477014,5.790707958584505,23.956550517111168,23.964026550183362,66.04344948288883,66.03597344981664,192.90070613052427,3.291744827249204,1342.2304404008587,1.0937158397603088,23021.84018815803,136.40444753081022,0.0,136.40444753081022,43.60444753081023,92.8,136.40444753081022,0.0,136.40444753081022,43.60444753081023,92.8,223.125248733925,80.07115848396201,143.05409024996297,50.25409024996298,92.8,515.02590660798,349.58923850565304,165.436668102327,72.636668102327,92.8,4826.502553347594,223.125248733925,80.07115848396201,143.05409024996297,50.25409024996298,92.8,136.40444753081022,0.0,136.40444753081022,43.60444753081023,92.8,106216.8800350833,682.8475279730864,565.3596942511938,117.48783372189257,107.69067704668475,9.797156675207809,1021.4968560677689,878.0418148516046,143.45504121616426,133.65788454095645,9.797156675207809,2773.1699038411352,116.48939819131192,0.0,116.48939819131192,43.60444753081023,92.8,116.48939819131192,0.0,116.48939819131192,43.60444753081023,92.8,323.31745589251136,182.03454133312408,141.28291455938725,72.636668102327,92.8,126.27236345418753,4.104170380719154,122.16819307346837,50.25409024996298,92.8,253.44775690265524,136.40444753081022,0.0,136.40444753081022,43.60444753081023,92.8,930.8859732949098,0.0,0.0,0.0,0.0,0.0,0.0,0.0,0.0,0.14390217519475904,51.666666666666686,0.045,0.054032471326661446,0.0879014327271795,0.006366864319322732,0.1339573399469733,0.07605636517135846,21.666666666666686,24.444444444444457,0.01995,56.99
2019-05-05 12:18:00,11.1,0.48,84.1,928,883,124,2.6,-2.9958049512601406,13.3869764342258,8.83061728816898,0.00472660492477014,5.790707958584505,24.00015639509874,24.00764780783244,65.99984360490126,65.99235219216756,193.4810878285862,3.2918004906750866,1342.2304404008587,1.0940853970673574,23093.637825153393,136.4348066590984,0.0,136.4348066590984,43.6348066590984,92.8,136.4348066590984,0.0,136.4348066590984,43.6348066590984,92.8,227.141206092862,83.75136562855275,143.38984046430926,50.58984046430927,92.8,514.8043046558735,349.3575135518419,165.4467911040315,72.6467911040315,92.8,4880.822285653836,227.141206092862,83.75136562855275,143.38984046430926,50.58984046430927,92.8,136.4348066590984,0.0,136.4348066590984,43.6348066590984,92.8,106187.57403876018,682.725087995608,565.21889545863,117.50619253697795,107.70903586177013,9.797156675207809,1021.1490552489115,877.6937549595189,143.45530028939268,133.65814361418487,9.797156675207809,2774.947906053613,116.51532488687003,0.0,116.51532488687003,43.6348066590984,92.8,116.51532488687003,0.0,116.51532488687003,43.6348066590984,92.8,323.0565609130256,181.76500131018267,141.29155960284288,72.6467911040315,92.8,127.09134604097252,4.636422284452418,122.4549237565201,50.58984046430927,92.8,253.50416600884967,136.4348066590984,0.0,136.4348066590984,43.6348066590984,92.8,930.6126929823428,0.0,0.0,0.0,0.0,0.0,0.0,0.0,0.0,0.14390217519475904,51.666666666666686,0.045,0.054032471326661446,0.0879014327271795,0.006366864319322732,0.1339573399469733,0.07605636517135846,21.666666666666686,24.444444444444457,0.01995,56.99
2019-05-05 12:19:00,11.1,0.48,84.1,928,883,124,2.6,-2.9958049512601406,13.3869764342258,8.83061728816898,0.00472660492477014,5.790707958584505,24.045650160578163,24.05315762981178,65.95434983942184,65.94684237018822,194.05957956599025,3.2918561496298935,1342.2304404008587,1.0944718950687953,23165.232625918987,136.46646709406008,0.0,136.46646709406008,43.666467094060074,92.8,136.46646709406008,0.0,136.46646709406008,43.666467094060074,92.8,231.15670170539036,87.4299705013664,143.72673120402396,50.926731204023966,92.8,514.5728405325085,349.1155050126636,165.45733551984492,72.65733551984492,92.8,4935.153288627853,231.15670170539036,87.4299705013664,143.72673120402396,50.926731204023966,92.8,136.46646709406008,0.0,136.46646709406008,43.666467094060074,92.8,106156.94289105518,682.5970088605121,565.0716674329025,117.52534142760962,107.72818475240182,9.797156675207809,1020.7856303542287,877.3300679158962,143.45556243833252,133.6584057631247,9.797156675207809,2776.824605232594,116.5423628983273,0.0,116.5423628983273,43.666467094060074,92.8,116.5423628983273,0.0,116.5423628983273,43.666467094060074,92.8,322.78422596346047,181.48366142951295,141.30056453394755,72.65733551984492,92.8,127.95249899814971,5.209870549913241,122.74262844823646,50.926731204023966,92.8,253.5629930219629,136.46646709406008,0.0,136.46646709406008,43.666467094060074,92.8,930.3270827758939,0.0,0.0,0.0,0.0,0.0,0.0,0.0,0.0,0.14390217519475904,51.666666666666686,0.045,0.054032471326661446,0.0879014327271795,0.006366864319322732,0.1339573399469733,0.07605636517135846,21.666666666666686,24.444444444444457,0.01995,56.99
2019-05-05 12:20:00,11.1,0.48,84.1,928,883,124,2.6,-2.9958049512601406,13.3869764342258,8.83061728816898,0.00472660492477014,5.790707958584505,24.093020905065217,24.100545105213556,65.90697909493478,65.89945489478644,194.63611275132547,3.2919118040663307,1342.2304404008587,1.0948753619564093,23236.622530740795,136.49941956512484,0.0,136.49941956512484,43.699419565124835,92.8,136.49941956512484,0.0,136.49941956512484,43.699419565124835,92.8,235.17165017451754,91.10690305590222,144.06474711861532,51.264747118615325,92.8,514.3315123179934,348.86321747516547,165.46829484282796,72.66829484282795,92.8,4989.494291405961,235.17165017451754,91.10690305590222,144.06474711861532,51.264747118615325,92.8,136.49941956512484,0.0,136.49941956512484,43.699419565124835,92.8,106124.98681179999,682.4632890441736,564.9180130418682,117.54527600230543,107.74811932709763,9.797156675207809,1020.4065864347415,876.9507606913731,143.45582574336837,133.65866906816055,9.797156675207809,2778.803537590854,116.5705043086166,0.0,116.5705043086166,43.699419565124835,92.8,116.5705043086166,0.0,116.5705043086166,43.699419565124835,92.8,322.5004721456746,181.19054834989953,141.30992379577506,72.66829484282795,92.8,128.85686998188467,5.825575942587192,123.03129403929748,51.264747118615325,92.8,253.62422071671148,136.49941956512484,0.0,136.49941956512484,43.699419565124835,92.8,930.0291481754477,0.0,0.0,0.0,0.0,0.0,0.0,0.0,0.0,0.14390217519475904,51.666666666666686,0.045,0.054032471326661446,0.0879014327271795,0.006366864319322732,0.1339573399469733,0.07605636517135846,21.666666666666686,24.444444444444457,0.01995,56.99
2019-05-05 12:21:00,11.1,0.48,84.1,928,883,124,2.6,-2.9958049512601406,13.3869764342258,8.83061728816898,0.00472660492477014,5.790707958584505,24.142257357316666,24.14979896029746,65.85774264268333,65.85020103970254,195.21062055861205,3.291967454049882,1342.2304404008587,1.095295827186112,23307.805462907287,136.53365448889707,0.0,136.53365448889707,43.73365448889708,92.8,136.53365448889707,0.0,136.53365448889707,43.73365448889708,92.8,239.1859659419772,94.78209327816593,144.40387266381126,51.603872663811266,92.8,514.080318065188,348.6006557222497,165.47966234293824,72.67966234293823,92.8,5043.84401675994,239.1859659419772,94.78209327816593,144.40387266381126,51.603872663811266,92.8,136.53365448889707,0.0,136.53365448889707,43.73365448889708,92.8,106091.70603362113,682.3239269979047,564.7579352756212,117.56599172228348,107.76883504707568,9.797156675207809,1020.0119287718369,876.5558405540019,143.456088217835,133.6589315426272,9.797156675207809,2780.8880713384683,116.59974093351809,0.0,116.59974093351809,43.73365448889708,92.8,116.59974093351809,0.0,116.59974093351809,43.73365448889708,92.8,322.2053215427937,180.88568990192442,141.31963164086926,72.67966234293823,92.8,129.8054557309538,6.484548476059,123.3209072548948,51.603872663811266,92.8,253.68783128656366,136.53365448889707,0.0,136.53365448889707,43.73365448889708,92.8,929.7188949154827,0.0,0.0,0.0,0.0,0.0,0.0,0.0,0.0,0.14390217519475904,51.666666666666686,0.045,0.054032471326661446,0.0879014327271795,0.006366864319322732,0.1339573399469733,0.07605636517135846,21.666666666666686,24.444444444444457,0.01995,56.99
2019-05-05 12:22:00,11.1,0.48,84.1,928,883,124,2.6,-2.9958049512601406,13.3869764342258,8.83061728816898,0.00472660492477014,5.790707958584505,24.19334789545941,24.20090757062323,65.80665210454059,65.79909242937677,195.78303796412132,3.2920230995114252,1342.2304404008587,1.0957333214819243,23378.77932940751,136.56916197897348,0.0,136.56916197897348,43.769161978973486,92.8,136.56916197897348,0.0,136.56916197897348,43.769161978973486,92.8,243.19956329418915,98.45547118011581,144.74409211407334,51.944092114073335,92.8,513.8192558064006,348.32782473287193,165.4914310735287,72.69143107352869,92.8,5098.201181308837,243.19956329418915,98.45547118011581,144.74409211407334,51.944092114073335,92.8,136.56916197897348,0.0,136.56916197897348,43.769161978973486,92.8,106057.10080242709,682.1789211532603,564.5914372470469,117.58748390621344,107.79032723100563,9.797156675207809,1019.6016628797805,876.1453150699804,143.45634780980012,133.6591911345923,9.797156675207809,2783.081408514381,116.63006433004335,0.0,116.63006433004335,43.769161978973486,92.8,116.63006433004335,0.0,116.63006433004335,43.769161978973486,92.8,321.8987972292337,180.5691150924402,141.3296821367935,72.69143107352869,92.8,130.79920258145157,7.187747916032936,123.61145466541863,51.944092114073335,92.8,253.75380636198102,136.56916197897348,0.0,136.56916197897348,43.769161978973486,92.8,929.3963289657877,0.0,0.0,0.0,0.0,0.0,0.0,0.0,0.0,0.14390217519475904,51.666666666666686,0.045,0.054032471326661446,0.0879014327271795,0.006366864319322732,0.1339573399469733,0.07605636517135846,21.666666666666686,24.444444444444457,0.01995,56.99
2019-05-05 12:23:00,11.1,0.48,84.1,928,883,124,2.6,-2.9958049512601406,13.3869764342258,8.83061728816898,0.00472660492477014,5.790707958584505,24.246280559874677,24.253858973938648,65.75371944012532,65.74614102606135,196.3533017851461,3.2920787405346346,1342.2304404008587,1.0961878768449096,23449.54202235912,136.60593185630626,0.0,136.60593185630626,43.805931856306245,92.8,136.60593185630626,0.0,136.60593185630626,43.805931856306245,92.8,247.21235640791508,102.12696682942267,145.08538957849242,52.28538957849243,92.8,513.5483235582847,348.0447296801372,165.5035938781474,72.70359387814742,92.8,5152.5644962709885,247.21235640791508,102.12696682942267,145.08538957849242,52.28538957849243,92.8,136.60593185630626,0.0,136.60593185630626,43.805931856306245,92.8,106021.17137752811,682.0282699254432,564.4185221901956,117.60974773524757,107.81259106003976,9.797156675207809,1019.1757945042336,875.7191921003257,143.45660240390794,133.65944572870012,9.797156675207809,2785.3865868916655,116.66146580528554,0.0,116.66146580528554,43.805931856306245,92.8,116.66146580528554,0.0,116.66146580528554,43.805931856306245,92.8,321.5809232786893,180.24085410675139,141.34006917193787,72.70359387814742,92.8,131.83900700515747,7.936084305124925,123.90292270003253,52.28538957849243,92.8,253.82212702967388,136.60593185630626,0.0,136.60593185630626,43.805931856306245,92.8,929.0614565286941,0.0,0.0,0.0,0.0,0.0,0.0,0.0,0.0,0.14390217519475904,51.666666666666686,0.045,0.054032471326661446,0.0879014327271795,0.006366864319322732,0.1339573399469733,0.07605636517135846,21.666666666666686,24.444444444444457,0.01995,56.99
2019-05-05 12:24:00,11.1,0.48,84.1,928,883,124,2.6,-2.9958049512601406,13.3869764342258,8.83061728816898,0.00472660492477014,5.790707958584505,24.30104306522894,24.308640882213822,65.69895693477106,65.69135911778618,196.92135070413514,3.292134377039474,1342.2304404008587,1.09665952655353,23520.091419061002,136.64395365899094,0.0,136.64395365899094,43.843953658990934,92.8,136.64395365899094,0.0,136.64395365899094,43.843953658990934,92.8,251.22425931878067,105.79651030869968,145.427749010081,52.62774901008099,92.8,513.2675193311197,347.7513759340038,165.51614339711594,72.71614339711594,92.8,5206.932667172851,251.22425931878067,105.79651030869968,145.427749010081,52.62774901008099,92.8,136.64395365899094,0.0,136.64395365899094,43.843953658990934,92.8,105983.91803245794,681.8719717201236,564.2391934624025,117.63277825772116,107.83562158251335,9.797156675207809,1018.7343296286181,875.2774798054091,143.4568498232089,133.65969314800108,9.797156675207809,2787.8064818829976,116.69393642477826,0.0,116.69393642477826,43.843953658990934,92.8,116.69393642477826,0.0,116.69393642477826,43.843953658990934,92.8,321.2517247774234,179.9009383162864,141.350786461137,72.71614339711594,92.8,132.925716142044,8.73041848743482,124.19529765460916,52.62774901008099,92.8,253.89277385078762,136.64395365899094,0.0,136.64395365899094,43.843953658990934,92.8,928.7142840427953,0.0,0.0,0.0,0.0,0.0,0.0,0.0,0.0,0.14390217519475904,51.666666666666686,0.045,0.054032471326661446,0.0879014327271795,0.006366864319322732,0.1339573399469733,0.07605636517135846,21.666666666666686,24.444444444444457,0.01995,56.99
2019-05-05 12:25:00,11.1,0.48,84.1,928,883,124,2.6,-2.9958049512601406,13.3869764342258,8.83061728816898,0.00472660492477014,5.790707958584505,24.35762285221621,24.365240733400995,65.64237714778379,65.634759266599,197.48712567874003,3.2921900091023417,1342.2304404008587,1.0971483055064608,23590.425430522402,136.6832166796201,0.0,136.6832166796201,43.883216679620105,92.8,136.6832166796201,0.0,136.6832166796201,43.883216679620105,92.8,255.23518865596992,109.46403420379328,145.77115445217663,52.97115445217663,92.8,512.9768409356228,347.44776885234455,165.52907208327827,72.72907208327827,92.8,5261.304431062323,255.23518865596992,109.46403420379328,145.77115445217663,52.97115445217663,92.8,136.6832166796201,0.0,136.6832166796201,43.883216679620105,92.8,105945.34102879795,681.7100248265336,564.0534544160175,117.65657041051608,107.85941373530828,9.797156675207809,1018.277274161008,874.8201863298082,143.4570878311998,133.65993115599198,9.797156675207809,2790.3438102778996,116.72746704439557,0.0,116.72746704439557,43.883216679620105,92.8,116.72746704439557,0.0,116.72746704439557,43.883216679620105,92.8,320.91122760055146,179.5494000414318,141.36182755911963,72.72907208327827,92.8,134.06012914155798,9.571563239399149,124.48856590215884,52.97115445217663,92.8,253.96572693030825,136.6832166796201,0.0,136.6832166796201,43.883216679620105,92.8,928.3548179350694,0.0,0.0,0.0,0.0,0.0,0.0,0.0,0.0,0.14390217519475904,51.666666666666686,0.045,0.054032471326661446,0.0879014327271795,0.006366864319322732,0.1339573399469733,0.07605636517135846,21.666666666666686,24.444444444444457,0.01995,56.99
2019-05-05 12:26:00,11.1,0.48,84.1,928,883,124,2.6,-2.9958049512601406,13.3869764342258,8.83061728816898,0.00472660492477014,5.790707958584505,24.416006947365773,24.42364555119164,65.58399305263423,65.57635444880836,198.05056844800606,3.2922456366504775,1342.2304404008587,1.0976542489051258,23660.54181368748,136.72370986947618,0.0,136.72370986947618,43.92370986947619,92.8,136.72370986947618,0.0,136.72370986947618,43.92370986947619,92.8,259.2450528906334,113.12946376164452,146.11558912898892,53.315589128988904,92.8,512.6762867763834,347.1339146024742,165.54237217390926,72.74237217390927,92.8,5315.678410887955,259.2450528906334,113.12946376164452,146.11558912898892,53.315589128988904,92.8,136.72370986947618,0.0,136.72370986947618,43.92370986947619,92.8,105905.44072103332,681.5424278610409,563.8613089013049,117.68111895973598,107.88396228452817,9.797156675207809,1017.8046351730659,874.3473210400007,143.45731413306524,133.66015745785742,9.797156675207809,2793.0011253737366,116.76204822853266,0.0,116.76204822853266,43.92370986947619,92.8,116.76204822853266,0.0,116.76204822853266,43.92370986947619,92.8,320.55945934392275,179.18627350740428,141.3731858365185,72.74237217390927,92.8,135.24299465520292,10.460281539046399,124.78271311615653,53.315589128988904,92.8,254.04096573904678,136.72370986947618,0.0,136.72370986947618,43.92370986947619,92.8,927.9830655938998,0.0,0.0,0.0,0.0,0.0,0.0,0.0,0.0,0.14390217519475904,51.666666666666686,0.045,0.054032471326661446,0.0879014327271795,0.006366864319322732,0.1339573399469733,0.07605636517135846,21.666666666666686,24.444444444444457,0.01995,56.99
2019-05-05 12:27:00,11.1,0.48,84.1,928,883,124,2.6,-2.9958049512601406,13.3869764342258,8.83061728816898,0.00472660492477014,5.790707958584505,24.476182203588223,24.483842185646978,65.52381779641178,65.51615781435302,198.61162382760477,3.2923012597275374,1342.2304404008587,1.0981773942255653,23730.43845518581,136.76542200693115,0.0,136.76542200693115,43.96542200693116,92.8,136.76542200693115,0.0,136.76542200693115,43.96542200693116,92.8,263.25376848081766,116.79273164119611,146.46103683962156,53.66103683962155,92.8,512.3658546897652,346.8098189401172,165.55603574964803,72.75603574964803,92.8,5370.053334497062,263.25376848081766,116.79273164119611,146.46103683962156,53.66103683962155,92.8,136.76542200693115,0.0,136.76542200693115,43.96542200693116,92.8,105864.21740183386,681.3691791208621,563.6627605193918,117.70641860147026,107.90926192626246,9.797156675207809,1017.3164190637223,873.8588926851902,143.4575263785321,133.66036970332428,9.797156675207809,2795.7808292393674,116.79767039391919,0.0,116.79767039391919,43.96542200693116,92.8,116.79767039391919,0.0,116.79767039391919,43.96542200693116,92.8,320.1964479655667,178.81159343536729,141.38485453019942,72.75603574964803,92.8,136.47501597918242,11.39729051814561,125.0777254610368,53.66103683962155,92.8,254.11846942653608,136.76542200693115,0.0,136.76542200693115,43.96542200693116,92.8,927.5990339233309,0.0,0.0,0.0,0.0,0.0,0.0,0.0,0.0,0.14390217519475904,51.666666666666686,0.045,0.054032471326661446,0.0879014327271795,0.006366864319322732,0.1339573399469733,0.07605636517135846,21.666666666666686,24.444444444444457,0.01995,56.99
2019-05-05 12:28:00,11.1,0.48,84.1,928,883,124,2.6,-2.9958049512601406,13.3869764342258,8.83061728816898,0.00472660492477014,5.790707958584505,24.53813516312553,24.545817176098495,65.46186483687447,65.4541828239015,199.17023821111368,3.2923568783116934,1342.2304404008587,1.0987177799292862,23800.11318393243,136.8083416038038,0.0,136.8083416038038,44.008341603803785,92.8,136.8083416038038,0.0,136.8083416038038,44.008341603803785,92.8,267.2612491560126,120.45376810298987,146.80748105302268,54.00748105302268,92.8,512.0455427214692,346.4754880143486,165.57005470712056,72.77005470712055,92.8,5424.427889529142,267.2612491560126,120.45376810298987,146.80748105302268,54.00748105302268,92.8,136.8083416038038,0.0,136.8083416038038,44.008341603803785,92.8,105821.67140475666,681.190277018426,563.4578131146491,117.7324639037769,107.9353072285691,9.797156675207809,1016.8126327727698,873.3549106096477,143.457722163122,133.6605654879142,9.797156675207809,2798.685168113107,116.83432372964845,0.0,116.83432372964845,44.008341603803785,92.8,116.83432372964845,0.0,116.83432372964845,44.008341603803785,92.8,319.8222226995968,178.42539597971586,141.39682671988095,72.77005470712055,92.8,137.75684864646,12.38325982717865,125.37358881928137,54.00748105302268,92.8,254.19821664703696,136.8083416038038,0.0,136.8083416038038,44.008341603803785,92.8,927.2027302960381,0.0,0.0,0.0,0.0,0.0,0.0,0.0,0.0,0.14390217519475904,51.666666666666686,0.045,0.054032471326661446,0.0879014327271795,0.006366864319322732,0.1339573399469733,0.07605636517135846,21.666666666666686,24.444444444444457,0.01995,56.99
2019-05-05 12:29:00,11.1,0.48,84.1,928,883,124,2.6,-2.9958049512601406,13.3869764342258,8.83061728816898,0.00472660492477014,5.790707958584505,24.60185210731602,24.609556800929766,65.39814789268398,65.39044319907023,199.72635995676512,3.2924124924065836,1342.2304404008587,1.099275445786244,23869.563818476498,136.8524569413793,0.0,136.8524569413793,44.0524569413793,92.8,136.8524569413793,0.0,136.8524569413793,44.0524569413793,92.8,271.26740857663503,124.11250342987678,147.15490514675827,54.35490514675826,92.8,511.71534894527275,346.13092817096737,165.58442077430539,72.7844207743054,92.8,5478.800759601625,271.26740857663503,124.11250342987678,147.15490514675827,54.35490514675826,92.8,136.8524569413793,0.0,136.8524569413793,44.0524569413793,92.8,105777.80307969858,681.0057199815994,563.2464706543793,117.75924932722015,107.96209265201234,9.797156675207809,1016.2932834867469,872.8353844565314,143.45789903021546,133.66074235500764,9.797156675207809,2801.7162361748465,116.87199822793792,0.0,116.87199822793792,44.0524569413793,92.8,116.87199822793792,0.0,116.87199822793792,44.0524569413793,92.8,319.4368138467718,178.02771850551503,141.4090953412568,72.7844207743054,92.8,139.08910176209332,13.418812766761747,125.67028899533156,54.35490514675826,92.8,254.28018562646477,136.8524569413793,0.0,136.8524569413793,44.0524569413793,92.8,926.7941623205002,0.0,0.0,0.0,0.0,0.0,0.0,0.0,0.0,0.14390217519475904,51.666666666666686,0.045,0.054032471326661446,0.0879014327271795,0.006366864319322732,0.1339573399469733,0.07605636517135846,21.666666666666686,24.444444444444457,0.01995,56.99
2019-05-05 12:30:00,12.2,0.45,84.1,989,923,152,3.1,-1.4437678889814265,13.3869764342258,8.83061728816898,0.004765824501169015,6.3352447756674675,24.667319070142796,24.675047091128775,65.3326809298572,65.32495290887123,200.27993940102064,3.292468101997656,1342.2304404008587,1.0998504328856489,25661.517659377554,148.72329161966087,0.0,148.72329161966087,49.82329161966089,98.89999999999999,148.72329161966087,0.0,148.72329161966087,49.82329161966089,98.89999999999999,295.09884338626796,133.55681214370904,161.54203124255895,62.64203124255895,98.89999999999999,544.8540154889358,361.43984452074164,183.41417096819424,84.51417096819426,98.89999999999999,5958.085493613804,295.09884338626796,133.55681214370904,161.54203124255895,62.64203124255895,98.89999999999999,148.72329161966087,0.0,148.72329161966087,49.82329161966089,98.89999999999999,113005.50068088892,729.4818771248888,588.5340027868716,140.94787433801716,130.50672352790883,10.441150810108322,1083.7919677440477,911.8156276370048,171.97634010704286,161.53518929693453,10.441150810108322,3029.7075438931524,127.00969104319039,0.0,127.00969104319039,49.82329161966089,98.89999999999999,127.00969104319039,0.0,127.00969104319039,49.82329161966089,98.89999999999999,342.300444274551,185.66474226771314,156.63570200683787,84.51417096819426,98.89999999999999,153.11847829136374,15.161583610218393,137.95689468114534,62.64203124255895,98.89999999999999,276.33691820546034,148.72329161966087,0.0,148.72329161966087,49.82329161966089,98.89999999999999,990.7209409111186,0.0,0.0,0.0,0.0,0.0,0.0,0.0,0.0,0.14390217519475904,51.666666666666686,0.045,0.054032471326661446,0.0879014327271795,0.006366864319322732,0.1339573399469733,0.07605636517135846,21.666666666666686,24.444444444444457,0.01995,56.99
2019-05-05 12:31:00,12.2,0.45,84.1,989,923,152,3.1,-1.4437678889814265,13.3869764342258,8.83061728816898,0.004765824501169015,6.3352447756674675,24.734521851222254,24.742273843280103,65.26547814877775,65.2577261567199,200.83092886363357,3.2925237071212905,1342.2304404008587,1.1004427836422714,25734.95818445361,148.77797656279157,0.0,148.77797656279157,49.87797656279158,98.89999999999999,148.77797656279157,0.0,148.77797656279157,49.87797656279158,98.89999999999999,299.3388321315874,137.37625942264927,161.96257270893818,63.06257270893818,98.89999999999999,544.4886228226198,361.05831221220075,183.43031061041904,84.53031061041905,98.89999999999999,6015.739294505502,299.3388321315874,137.37625942264927,161.96257270893818,63.06257270893818,98.89999999999999,148.77797656279157,0.0,148.77797656279157,49.87797656279158,98.89999999999999,112957.06095488471,729.2811122829766,588.2997299337233,140.98138234925332,130.540231539145,10.441150810108322,1083.2154740659162,911.2401019128527,171.97537215306352,161.5342213429552,10.441150810108322,3033.3473150827863,127.056391984624,0.0,127.056391984624,49.87797656279158,98.89999999999999,127.056391984624,0.0,127.056391984624,49.87797656279158,98.89999999999999,341.8746573422469,185.22517208094905,156.64948526129785,84.53031061041905,98.89999999999999,154.66550786616133,16.34947077272812,138.3160370934332,63.06257270893818,98.89999999999999,276.43852615464175,148.77797656279157,0.0,148.77797656279157,49.87797656279158,98.89999999999999,990.2682497443869,0.0,0.0,0.0,0.0,0.0,0.0,0.0,0.0,0.14390217519475904,51.666666666666686,0.045,0.054032471326661446,0.0879014327271795,0.006366864319322732,0.1339573399469733,0.07605636517135846,21.666666666666686,24.444444444444457,0.01995,56.99
2019-05-05 12:32:00,12.2,0.45,84.1,989,923,152,3.1,-1.4437678889814265,13.3869764342258,8.83061728816898,0.004765824501169015,6.3352447756674675,24.803446028860805,24.811222632625487,65.1965539711392,65.18877736737451,201.37928265050718,3.292579307766573,1342.2304404008587,1.1010525418039014,25808.16501469668,148.83401561339252,0.0,148.83401561339252,49.93401561339253,98.89999999999999,148.83401561339252,0.0,148.83401561339252,49.93401561339253,98.89999999999999,303.577255874392,141.1930830017082,162.38417287268382,63.484172872683835,98.89999999999999,544.1128857344636,360.66610873400447,183.44677700045912,84.54677700045912,98.89999999999999,6073.390264238933,303.577255874392,141.1930830017082,162.38417287268382,63.484172872683835,98.89999999999999,148.83401561339252,0.0,148.83401561339252,49.93401561339253,98.89999999999999,112907.2439171146,729.0745290858033,588.0587855316752,141.01574355412808,130.57459274401975,10.441150810108322,1082.6226985498133,910.6483600555009,171.97433849431238,161.53318768420405,10.441150810108322,3037.126354618007,127.10424933383722,0.0,127.10424933383722,49.93401561339253,98.89999999999999,127.10424933383722,0.0,127.10424933383722,49.93401561339253,98.89999999999999,341.4372741935178,184.7737266351257,156.66354755839208,84.54677700045912,98.89999999999999,156.2669416668115,17.590858033539526,138.676083633272,63.484172872683835,98.89999999999999,276.5426501178326,148.83401561339252,0.0,148.83401561339252,49.93401561339253,98.89999999999999,989.8027639743999,0.0,0.0,0.0,0.0,0.0,0.0,0.0,0.0,0.14390217519475904,51.666666666666686,0.045,0.054032471326661446,0.0879014327271795,0.006366864319322732,0.1339573399469733,0.07605636517135846,21.666666666666686,24.444444444444457,0.01995,56.99
2019-05-05 12:33:00,12.2,0.45,84.1,989,923,152,3.1,-1.4437678889814265,13.3869764342258,8.83061728816898,0.004765824501169015,6.3352447756674675,24.874076972915105,24.88187882592767,65.1259230270849,65.11812117407233,201.92495705239338,3.2926349039153138,1342.2304404008587,1.1016797524578472,25881.13562092051,148.89139323315726,0.0,148.89139323315726,49.99139323315727,98.89999999999999,148.89139323315726,0.0,148.89139323315726,49.99139323315727,98.89999999999999,307.81402067553415,145.00721019762844,162.80681047790569,63.90681047790569,98.89999999999999,543.7268006403481,360.2632415331812,183.46355910716693,84.56355910716694,98.89999999999999,6131.036933135191,307.81402067553415,145.00721019762844,162.80681047790569,63.90681047790569,98.89999999999999,148.89139323315726,0.0,148.89139323315726,49.99139323315727,98.89999999999999,112856.04989810371,728.8621248390785,587.8111742365588,141.05095060251972,130.6097997924114,10.441150810108322,1082.0136491935996,910.0404133816063,171.9732358119933,161.53208500188498,10.441150810108322,3041.046205654945,127.15324982111629,0.0,127.15324982111629,49.99139323315727,98.89999999999999,127.15324982111629,0.0,127.15324982111629,49.99139323315727,98.89999999999999,340.98832957418847,184.3104500966679,156.67787947752055,84.56355910716694,98.89999999999999,157.92322572805645,18.886209579925016,139.03701614813144,63.90681047790569,98.89999999999999,276.6492612239147,148.89139323315726,0.0,148.89139323315726,49.99139323315727,98.89999999999999,989.3244925300498,0.0,0.0,0.0,0.0,0.0,0.0,0.0,0.0,0.14390217519475904,51.666666666666686,0.045,0.054032471326661446,0.0879014327271795,0.006366864319322732,0.1339573399469733,0.07605636517135846,21.666666666666686,24.444444444444457,0.01995,56.99
2019-05-05 12:34:00,12.2,0.45,84.1,989,923,152,3.1,-1.4437678889814265,13.3869764342258,8.83061728816898,0.004765824501169015,6.3352447756674675,24.94639985838893,24.954227595071302,65.05360014161107,65.0457724049287,202.46791034670215,3.2926904955893406,1342.2304404008587,1.1023244620449677,25953.86746606099,148.95009366111714,0.0,148.95009366111714,50.05009366111713,98.89999999999999,148.95009366111714,0.0,148.95009366111714,50.05009366111713,98.89999999999999,312.04903263591376,148.81856840727875,163.23046422863501,64.33046422863501,98.89999999999999,543.3303639876533,359.8497182568437,183.48064573080964,84.58064573080965,98.89999999999999,6188.677829063858,312.04903263591376,148.81856840727875,163.23046422863501,64.33046422863501,98.89999999999999,148.95009366111714,0.0,148.95009366111714,50.05009366111713,98.89999999999999,112803.47924528916,728.643896870532,587.5569008292103,141.08699604132167,130.64584523121334,10.441150810108322,1081.3883342444833,909.4162735117901,171.97206073269308,161.53090992258475,10.441150810108322,3045.1082637896334,127.20337998659403,0.0,127.20337998659403,50.05009366111713,98.89999999999999,127.20337998659403,0.0,127.20337998659403,50.05009366111713,98.89999999999999,340.52785937421663,183.83538792010518,156.69247145411143,84.58064573080965,98.89999999999999,159.63476088271648,20.235944431462162,139.3988164512543,64.33046422863501,98.89999999999999,276.7583301880502,148.95009366111714,0.0,148.95009366111714,50.05009366111713,98.89999999999999,988.8334445800301,0.0,0.0,0.0,0.0,0.0,0.0,0.0,0.0,0.14390217519475904,51.666666666666686,0.045,0.054032471326661446,0.0879014327271795,0.006366864319322732,0.1339573399469733,0.07605636517135846,21.666666666666686,24.444444444444457,0.01995,56.99
2019-05-05 12:35:00,12.2,0.45,84.1,989,923,152,3.1,-1.4437678889814265,13.3869764342258,8.83061728816898,0.004765824501169015,6.3352447756674675,25.020399676896957,25.028253928529864,64.97960032310304,64.97174607147014,203.0081027810839,3.2927460827813775,1342.2304404008587,1.1029867183559037,26026.358004834703,149.01010092515804,0.0,149.01010092515804,50.11010092515806,98.89999999999999,149.01010092515804,0.0,149.01010092515804,50.11010092515806,98.89999999999999,316.2821978323767,152.62708503761084,163.65511279476587,64.75511279476588,98.89999999999999,542.9235722705141,359.42554675951794,183.4980255109962,84.59802551099621,98.89999999999999,6246.311476737082,316.2821978323767,152.62708503761084,163.65511279476587,64.75511279476588,98.89999999999999,149.01010092515804,0.0,149.01010092515804,50.11010092515806,98.89999999999999,112749.5323245012,728.4198425401237,587.2959702202204,141.12387231990328,130.68272150979496,10.441150810108322,1080.7467622125762,908.7759523819449,171.9708098306314,161.52965902052307,10.441150810108322,3049.3137794491286,127.25462619008496,0.0,127.25462619008496,50.11010092515806,98.89999999999999,127.25462619008496,0.0,127.25462619008496,50.11010092515806,98.89999999999999,340.05590064901435,183.3485868626236,156.70731378639076,84.59802551099621,98.89999999999999,161.401903425254,21.640437098523964,139.76146632673004,64.75511279476588,98.89999999999999,276.86982733307985,149.01010092515804,0.0,149.01010092515804,50.11010092515806,98.89999999999999,988.3296295418114,0.0,0.0,0.0,0.0,0.0,0.0,0.0,0.0,0.14390217519475904,51.666666666666686,0.045,0.054032471326661446,0.0879014327271795,0.006366864319322732,0.1339573399469733,0.07605636517135846,21.666666666666686,24.444444444444457,0.01995,56.99
2019-05-05 12:36:00,12.2,0.45,84.1,989,923,152,3.1,-1.4437678889814265,13.3869764342258,8.83061728816898,0.004765824501169015,6.3352447756674675,25.096061301994368,25.103942696717866,64.90393869800563,64.89605730328213,203.54549693398744,3.2928016655314423,1342.2304404008587,1.103666571013378,26098.6047344877,149.07139889713451,0.0,149.07139889713451,50.17139889713452,98.89999999999999,149.07139889713451,0.0,149.07139889713451,50.17139889713452,98.89999999999999,320.51342524866993,156.43269012939422,164.08073511927572,65.18073511927572,98.89999999999999,542.5064217474994,358.99073480037094,183.51568694712842,84.61568694712844,98.89999999999999,6303.936437796037,320.51342524866993,156.43269012939422,164.08073511927572,65.18073511927572,98.89999999999999,149.07139889713451,0.0,149.07139889713451,50.17139889713452,98.89999999999999,112694.2094819205,728.1899590857348,587.0283872633438,141.16157182239104,130.7204210122827,10.441150810108322,1080.0889414147741,908.1194617858351,171.96947962893907,161.52832881883074,10.441150810108322,3053.6638634283954,127.30697465815287,0.0,127.30697465815287,50.17139889713452,98.89999999999999,127.30697465815287,0.0,127.30697465815287,50.17139889713452,98.89999999999999,339.57249129618185,182.8500946433342,156.72239665284766,84.61568694712844,98.89999999999999,163.22496708848323,23.100019296621785,140.12494779186144,65.18073511927572,98.89999999999999,276.98372269192885,149.07139889713451,0.0,149.07139889713451,50.17139889713452,98.89999999999999,987.8130567216397,0.0,0.0,0.0,0.0,0.0,0.0,0.0,0.0,0.14390217519475904,51.666666666666686,0.045,0.054032471326661446,0.0879014327271795,0.006366864319322732,0.1339573399469733,0.07605636517135846,21.666666666666686,24.444444444444457,0.01995,56.99
2019-05-05 12:37:00,12.2,0.45,84.1,989,923,152,3.1,-1.4437678889814265,13.3869764342258,8.83061728816898,0.004765824501169015,6.3352447756674675,25.173369296977654,25.181278459721796,64.82663070302235,64.8187215402782,204.0800562582155,3.2928572437558614,1342.2304404008587,1.1043640696395087,26170.605001478754,149.13397113936432,0.0,149.13397113936432,50.23397113936432,98.89999999999999,149.13397113936432,0.0,149.13397113936432,50.23397113936432,98.89999999999999,324.7426154019394,160.2353061167978,164.50730928514162,65.60730928514161,98.89999999999999,542.0789095789225,358.54529122019653,183.53361835872605,84.63361835872605,98.89999999999999,6361.551156066724,324.7426154019394,160.2353061167978,164.50730928514162,65.60730928514161,98.89999999999999,149.13397113936432,0.0,149.13397113936432,50.23397113936432,98.89999999999999,112637.51119437843,727.954244251749,586.7541574800913,141.20008677165762,130.7589359615493,10.441150810108322,1079.4148817578778,907.4468151524184,171.9680666054594,161.52691579535107,10.441150810108322,3058.15947760878,127.36041135301713,0.0,127.36041135301713,50.23397113936432,98.89999999999999,127.36041135301713,0.0,127.36041135301713,50.23397113936432,98.89999999999999,339.0776713769813,182.33996129862925,156.73771007835205,84.63361835872605,98.89999999999999,165.10421881233808,24.614976682827148,140.48924212951093,65.60730928514161,98.89999999999999,277.09998572238413,149.13397113936432,0.0,149.13397113936432,50.23397113936432,98.89999999999999,987.2837367131486,0.0,0.0,0.0,0.0,0.0,0.0,0.0,0.0,0.14390217519475904,51.666666666666686,0.045,0.054032471326661446,0.0879014327271795,0.006366864319322732,0.1339573399469733,0.07605636517135846,21.666666666666686,24.444444444444457,0.01995,56.99
2019-05-05 12:38:00,12.2,0.45,84.1,989,923,152,3.1,-1.4437678889814265,13.3869764342258,8.83061728816898,0.004765824501169015,6.3352447756674675,25.25230823171337,25.260245784241675,64.74769176828663,64.73975421575832,204.61174722892426,3.2929128174910147,1342.2304404008587,1.1050792666001525,26242.356293163448,149.19780116345058,0.0,149.19780116345058,50.29780116345059,98.89999999999999,149.19780116345058,0.0,149.19780116345058,50.29780116345059,98.89999999999999,328.96967738187243,164.03486314110947,164.93481424076293,66.03481424076293,98.89999999999999,541.6410321564506,358.0892241919813,183.55180796446922,84.65180796446923,98.89999999999999,6419.154189776318,328.96967738187243,164.03486314110947,164.93481424076293,66.03481424076293,98.89999999999999,149.19780116345058,0.0,149.19780116345058,50.29780116345059,98.89999999999999,112579.43784724735,727.7126953698473,586.4732859829227,141.23940938692465,130.79825857681632,10.441150810108322,1078.7245920938471,906.7580249042954,171.9665671895517,161.52541637944339,10.441150810108322,3062.801455006954,127.41492219358679,0.0,127.41492219358679,50.29780116345059,98.89999999999999,127.41492219358679,0.0,127.41492219358679,50.29780116345059,98.89999999999999,338.57148118455507,181.8182371828984,156.7532440016567,84.65180796446923,98.89999999999999,167.03988679841984,26.1855554368083,140.85433136161154,66.03481424076293,98.89999999999999,277.21858578800186,149.19780116345058,0.0,149.19780116345058,50.29780116345059,98.89999999999999,986.7416793187354,0.0,0.0,0.0,0.0,0.0,0.0,0.0,0.0,0.14390217519475904,51.666666666666686,0.045,0.054032471326661446,0.0879014327271795,0.006366864319322732,0.1339573399469733,0.07605636517135846,21.666666666666686,24.444444444444457,0.01995,56.99
2019-05-05 12:39:00,12.2,0.45,84.1,989,923,152,3.1,-1.4437678889814265,13.3869764342258,8.83061728816898,0.004765824501169015,6.3352447756674675,25.332862493578503,25.340829054462716,64.6671375064215,64.65917094553728,205.14053788739096,3.292968386736902,1342.2304404008587,1.1058122152076786,26313.856045327106,149.2628722791688,0.0,149.2628722791688,50.362872279168805,98.89999999999999,149.2628722791688,0.0,149.2628722791688,50.362872279168805,98.89999999999999,333.19451754471595,167.83128887013268,165.36322867458327,66.46322867458328,98.89999999999999,541.192786219388,357.6225423764439,183.57024384294417,84.67024384294417,98.89999999999999,6476.744057747522,333.19451754471595,167.83128887013268,165.36322867458327,66.46322867458328,98.89999999999999,149.2628722791688,0.0,149.2628722791688,50.362872279168805,98.89999999999999,112519.9898819606,727.4653099757577,586.185778186445,141.27953178931276,130.83838097920443,10.441150810108322,1078.0180819701468,906.053104202456,171.96497776769078,161.52382695758246,10.441150810108322,3067.5904908090392,127.47049292641015,0.0,127.47049292641015,50.362872279168805,98.89999999999999,127.47049292641015,0.0,127.47049292641015,50.362872279168805,98.89999999999999,338.0539625420471,181.28497430017273,156.76898824187433,84.67024384294417,98.89999999999999,169.0321563995111,27.811959111416982,141.2201972880941,66.46322867458328,98.89999999999999,277.33949187733015,149.2628722791688,0.0,149.2628722791688,50.362872279168805,98.89999999999999,986.186894922474,0.0,0.0,0.0,0.0,0.0,0.0,0.0,0.0,0.14390217519475904,51.666666666666686,0.045,0.054032471326661446,0.0879014327271795,0.006366864319322732,0.1339573399469733,0.07605636517135846,21.666666666666686,24.444444444444457,0.01995,56.99
2019-05-05 12:40:00,12.2,0.45,84.1,989,923,152,3.1,-1.4437678889814265,13.3869764342258,8.83061728816898,0.004765824501169015,6.3352447756674675,25.415016348787375,25.423012533403465,64.58498365121262,64.57698746659653,205.6663981773288,3.2930239515044377,1342.2304404008587,1.1065629701726147,26385.101690865285,149.32916764622684,0.0,149.32916764622684,50.429167646226844,98.89999999999999,149.32916764622684,0.0,149.32916764622684,50.429167646226844,98.89999999999999,337.41704231792835,171.6245110103529,165.79253130757547,66.89253130757548,98.89999999999999,540.734168590858,357.14525463897803,183.58891395187993,84.68891395187994,98.89999999999999,6534.319277744431,337.41704231792835,171.6245110103529,165.79253130757547,66.89253130757548,98.89999999999999,149.32916764622684,0.0,149.32916764622684,50.429167646226844,98.89999999999999,112459.16776048168,727.2120856653229,585.8916396331726,141.32044603215022,130.8792952220419,10.441150810108322,1077.2953612035485,905.3320665188633,171.96329468468525,161.52214387457693,10.441150810108322,3072.5271477809056,127.52710916987772,0.0,127.52710916987772,50.429167646226844,98.89999999999999,127.52710916987772,0.0,127.52710916987772,50.429167646226844,98.89999999999999,337.52515850089884,180.7402259859934,156.78493251490545,84.68891395187994,98.89999999999999,171.08117203637315,29.494350299703672,141.58682173666946,66.89253130757548,98.89999999999999,277.46267270008235,149.32916764622684,0.0,149.32916764622684,50.429167646226844,98.89999999999999,985.619394153781,0.0,0.0,0.0,0.0,0.0,0.0,0.0,0.0,0.14390217519475904,51.666666666666686,0.045,0.054032471326661446,0.0879014327271795,0.006366864319322732,0.1339573399469733,0.07605636517135846,21.666666666666686,24.444444444444457,0.01995,56.99
2019-05-05 12:41:00,12.2,0.45,84.1,989,923,152,3.1,-1.4437678889814265,13.3869764342258,8.83061728816898,0.004765824501169015,6.3352447756674675,25.498753954780838,25.50678037530855,64.50124604521916,64.49321962469145,206.189299927541,3.2930795117863454,1342.2304404008587,1.1073315876187249,26456.090661239417,149.39667028631175,0.0,149.39667028631175,50.49667028631176,98.89999999999999,149.39667028631175,0.0,149.39667028631175,50.49667028631176,98.89999999999999,341.63715824459246,175.41445733643562,166.2227009081568,67.32270090815683,98.89999999999999,540.2651761818998,356.65737004609286,183.60780613580698,84.70780613580699,98.89999999999999,6591.878367230482,341.63715824459246,175.41445733643562,166.2227009081568,67.32270090815683,98.89999999999999,149.39667028631175,0.0,149.39667028631175,50.49667028631176,98.89999999999999,112396.97196533342,726.9530200982896,585.5908759913856,141.362144106904,130.92099329679567,10.441150810108322,1076.5564398768145,904.5949256311299,171.96151424568453,161.5203634355762,10.441150810108322,3077.6118589154225,127.58475642451023,0.0,127.58475642451023,50.49667028631176,98.89999999999999,127.58475642451023,0.0,127.58475642451023,50.49667028631176,98.89999999999999,336.985113349956,180.18404690997681,156.80106643997917,84.70780613580699,98.89999999999999,173.18703795312072,31.232851377554823,141.9541865755659,67.32270090815683,98.89999999999999,277.5880967095206,149.39667028631175,0.0,149.39667028631175,50.49667028631176,98.89999999999999,985.0391878832402,0.0,0.0,0.0,0.0,0.0,0.0,0.0,0.0,0.14390217519475904,51.666666666666686,0.045,0.054032471326661446,0.0879014327271795,0.006366864319322732,0.1339573399469733,0.07605636517135846,21.666666666666686,24.444444444444457,0.01995,56.99
2019-05-05 12:42:00,12.2,0.45,84.1,989,923,152,3.1,-1.4437678889814265,13.3869764342258,8.83061728816898,0.004765824501169015,6.3352447756674675,25.584059371672424,25.592116637098187,64.41594062832758,64.40788336290181,206.70921682758114,3.293135067586263,1342.2304404008587,1.1081181250918257,26526.820387248998,149.4653630943264,0.0,149.4653630943264,50.5653630943264,98.89999999999999,149.4653630943264,0.0,149.4653630943264,50.5653630943264,98.89999999999999,345.85477198835827,179.2010556855886,166.65371630276962,67.75371630276962,98.89999999999999,539.7858059994832,356.15889786608665,183.6269081333965,84.72690813339652,98.89999999999999,6649.419843585652,345.85477198835827,179.2010556855886,166.65371630276962,67.75371630276962,98.89999999999999,149.4653630943264,0.0,149.4653630943264,50.5653630943264,98.89999999999999,112333.40300014781,726.6881110041616,585.2834930555193,141.40461794864225,130.96346713853393,10.441150810108322,1075.801328341664,903.841695623509,171.9596327181548,161.51848190804648,10.441150810108322,3082.8449300563834,127.64342008255474,0.0,127.64342008255474,50.5653630943264,98.89999999999999,127.64342008255474,0.0,127.64342008255474,50.5653630943264,98.89999999999999,336.4338726292086,179.616493083288,156.81737954592063,84.72690813339652,98.89999999999999,175.34981896105708,33.02754523849183,142.32227372256526,67.75371630276962,98.89999999999999,277.71573212333453,149.4653630943264,0.0,149.4653630943264,50.5653630943264,98.89999999999999,984.446287223377,0.0,0.0,0.0,0.0,0.0,0.0,0.0,0.0,0.14390217519475904,51.666666666666686,0.045,0.054032471326661446,0.0879014327271795,0.006366864319322732,0.1339573399469733,0.07605636517135846,21.666666666666686,24.444444444444457,0.01995,56.99
2019-05-05 12:43:00,12.2,0.45,84.1,989,923,152,3.1,-1.4437678889814265,13.3869764342258,8.83061728816898,0.004765824501169015,6.3352447756674675,25.670916573442113,25.67900528956514,64.32908342655789,64.32099471043486,207.22612440150456,3.293190618896915,1342.2304404008587,1.1089226415686768,26597.288299783635,149.53522884937252,0.0,149.53522884937252,50.635228849372524,98.89999999999999,149.53522884937252,0.0,149.53522884937252,50.635228849372524,98.89999999999999,350.0697903379769,182.98423395192378,167.0855563860531,68.1855563860531,98.89999999999999,539.2960551544543,355.649847569827,183.64620758462735,84.74620758462737,98.89999999999999,6706.9422243147665,350.0697903379769,182.98423395192378,167.0855563860531,68.1855563860531,98.89999999999999,149.53522884937252,0.0,149.53522884937252,50.635228849372524,98.89999999999999,112268.46139022196,726.4173561880177,584.9694967466418,141.44785944137593,131.0067086312676,10.441150810108322,1075.0300372218778,903.0723908880701,171.95764633380776,161.51649552369943,10.441150810108322,3088.226542538008,127.70308543736412,0.0,127.70308543736412,50.635228849372524,98.89999999999999,127.70308543736412,0.0,127.70308543736412,50.635228849372524,98.89999999999999,335.8714831435608,179.03762186628907,156.83386127727175,84.74620758462737,98.89999999999999,177.5695411876337,34.87847603394434,142.69106515368935,68.1855563860531,98.89999999999999,277.8455469440482,149.53522884937252,0.0,149.53522884937252,50.635228849372524,98.89999999999999,983.8407035295799,0.0,0.0,0.0,0.0,0.0,0.0,0.0,0.0,0.14390217519475904,51.666666666666686,0.045,0.054032471326661446,0.0879014327271795,0.006366864319322732,0.1339573399469733,0.07605636517135846,21.666666666666686,24.444444444444457,0.01995,56.99
2019-05-05 12:44:00,12.2,0.45,84.1,989,923,152,3.1,-1.4437678889814265,13.3869764342258,8.83061728816898,0.004765824501169015,6.3352447756674675,25.75930945969685,25.767430229138753,64.24069054030315,64.23256977086125,207.73999998460494,3.293246165732853,1342.2304404008587,1.109745197473677,26667.491831206316,149.60625022613658,0.0,149.60625022613658,50.706250226136596,98.89999999999999,149.60625022613658,0.0,149.60625022613658,50.706250226136596,98.89999999999999,354.28212025058326,186.76392011595314,167.51820013463012,68.61820013463013,98.89999999999999,538.7959208647275,355.1302288267696,183.66569203795788,84.76569203795789,98.89999999999999,6764.444027781394,354.28212025058326,186.76392011595314,167.51820013463012,68.61820013463013,98.89999999999999,149.60625022613658,0.0,149.60625022613658,50.706250226136596,98.89999999999999,112202.14768245537,726.1407535336733,584.6488931099872,141.49186042368612,131.0507096135778,10.441150810108322,1074.2425774091307,902.2870261186721,171.95555129045852,161.5144004803502,10.441150810108322,3093.756755890668,127.76373769312063,0.0,127.76373769312063,50.706250226136596,98.89999999999999,127.76373769312063,0.0,127.76373769312063,50.706250226136596,98.89999999999999,335.29799297124237,178.44749197082635,156.85050100041602,84.76569203795789,98.89999999999999,179.84619285155205,36.785649936577926,143.06054291497412,68.61820013463013,98.89999999999999,277.9775089801755,149.60625022613658,0.0,149.60625022613658,50.706250226136596,98.89999999999999,983.2224483953548,0.0,0.0,0.0,0.0,0.0,0.0,0.0,0.0,0.14390217519475904,51.666666666666686,0.045,0.054032471326661446,0.0879014327271795,0.006366864319322732,0.1339573399469733,0.07605636517135846,21.666666666666686,24.444444444444457,0.01995,56.99
2019-05-05 12:45:00,12.2,0.45,84.1,989,923,152,3.1,-1.4437678889814265,13.3869764342258,8.83061728816898,0.004765824501169015,6.3352447756674675,25.849221865557467,25.85737528777466,64.15077813444253,64.14262471222534,208.25082268886902,3.2933017080722493,1342.2304404008587,1.1105858546808496,26737.428415403017,149.6784098047132,0.0,149.6784098047132,50.77840980471321,98.89999999999999,149.6784098047132,0.0,149.6784098047132,50.77840980471321,98.89999999999999,358.49166881620897,190.5400422037496,167.95162661245934,69.05162661245936,98.89999999999999,538.2854004673943,354.6000515104407,183.68534895695365,84.78534895695364,98.89999999999999,6821.923772863327,358.49166881620897,190.5400422037496,167.95162661245934,69.05162661245936,98.89999999999999,149.6784098047132,0.0,149.6784098047132,50.77840980471321,98.89999999999999,112134.46244648698,725.8583010117808,584.3216883183566,141.53661269342425,131.09546188331592,10.441150810108322,1073.4389600731333,901.4856163192655,171.95334375386773,161.5121929437594,10.441150810108322,3099.43551046048,127.82536197322507,0.0,127.82536197322507,50.77840980471321,98.89999999999999,127.82536197322507,0.0,127.82536197322507,50.77840980471321,98.89999999999999,334.71345148256296,177.8461634733245,156.86728800923842,84.78534895695364,98.89999999999999,182.1797250014348,38.74903587439452,143.43068912704027,69.05162661245936,98.89999999999999,278.1115858644732,149.6784098047132,0.0,149.6784098047132,50.77840980471321,98.89999999999999,982.5915336588654,0.0,0.0,0.0,0.0,0.0,0.0,0.0,0.0,0.14390217519475904,51.666666666666686,0.045,0.054032471326661446,0.0879014327271795,0.006366864319322732,0.1339573399469733,0.07605636517135846,21.666666666666686,24.444444444444457,0.01995,56.99
2019-05-05 12:46:00,12.2,0.45,84.1,989,923,152,3.1,-1.4437678889814265,13.3869764342258,8.83061728816898,0.004765824501169015,6.3352447756674675,25.940637572893877,25.94882424419326,64.05936242710612,64.05117575580674,208.75857337649342,3.2933572459369316,1342.2304404008587,1.1114446765310448,26807.095489118947,149.751690081456,0.0,149.751690081456,50.85169008145599,98.89999999999999,149.751690081456,0.0,149.751690081456,50.85169008145599,98.89999999999999,362.6983433002357,194.3125283164298,168.38581498380591,69.48581498380592,98.89999999999999,537.7644914215722,354.05932569448544,183.70516572708675,84.80516572708676,98.89999999999999,6879.379979668162,362.6983433002357,194.3125283164298,168.38581498380591,69.48581498380592,98.89999999999999,149.751690081456,0.0,149.751690081456,50.85169008145599,98.89999999999999,112065.40627461513,725.5699966827659,583.9878886696793,141.5821080130867,131.14095720297837,10.441150810108322,1072.6191966574142,900.668176797922,171.95101985949222,161.5098690493839,10.441150810108322,3105.262630141529,127.88794332956341,0.0,127.88794332956341,50.85169008145599,98.89999999999999,127.88794332956341,0.0,127.88794332956341,50.85169008145599,98.89999999999999,334.11790934812336,177.2336978171913,156.88421153093208,84.80516572708676,98.89999999999999,184.57005230018305,40.76856630401281,143.80148599617024,69.48581498380592,98.89999999999999,278.24774507410217,149.751690081456,0.0,149.751690081456,50.85169008145599,98.89999999999999,981.9479713982336,0.0,0.0,0.0,0.0,0.0,0.0,0.0,0.0,0.14390217519475904,51.666666666666686,0.045,0.054032471326661446,0.0879014327271795,0.006366864319322732,0.1339573399469733,0.07605636517135846,21.666666666666686,24.444444444444457,0.01995,56.99
2019-05-05 12:47:00,12.2,0.45,84.1,989,923,152,3.1,-1.4437678889814265,13.3869764342258,8.83061728816898,0.004765824501169015,6.3352447756674675,26.033540383279586,26.04176089686016,63.966459616720414,63.95823910313984,209.26323496454495,3.2934127793523658,1342.2304404008587,1.1123217284362734,26876.490539058083,149.82607352915147,0.0,149.82607352915147,50.926073529151495,98.89999999999999,149.82607352915147,0.0,149.82607352915147,50.926073529151495,98.89999999999999,366.9020539641868,198.08130915049168,168.82074481369511,69.92074481369511,98.89999999999999,537.2331909558105,353.5080612802135,183.72512967559706,84.82512967559707,98.89999999999999,6936.811208208793,366.9020539641868,198.08130915049168,168.82074481369511,69.92074481369511,98.89999999999999,149.82607352915147,0.0,149.82607352915147,50.926073529151495,98.89999999999999,111994.97973461897,725.2758385029115,583.6475003570068,141.6283381459047,131.18718733579638,10.441150810108322,1071.7832983162127,899.8347226036943,171.94857571251848,161.50742490241015,10.441150810108322,3111.237829126279,127.95146679389535,0.0,127.95146679389535,50.926073529151495,98.89999999999999,127.95146679389535,0.0,127.95146679389535,50.926073529151495,98.89999999999999,333.51141814172297,176.61015739876308,156.9012607429599,84.82512967559707,98.89999999999999,187.01705545288297,42.84413938198732,144.17291607089564,69.92074481369511,98.89999999999999,278.385954042434,149.82607352915147,0.0,149.82607352915147,50.926073529151495,98.89999999999999,981.2917734881568,0.0,0.0,0.0,0.0,0.0,0.0,0.0,0.0,0.14390217519475904,51.666666666666686,0.045,0.054032471326661446,0.0879014327271795,0.006366864319322732,0.1339573399469733,0.07605636517135846,21.666666666666686,24.444444444444457,0.01995,56.99
2019-05-05 12:48:00,12.2,0.45,84.1,989,923,152,3.1,-1.4437678889814265,13.3869764342258,8.83061728816898,0.004765824501169015,6.3352447756674675,26.12791387766822,26.136168823574323,63.87208612233178,63.86383117642568,209.76479103940454,3.2934683082457923,1342.2304404008587,1.113217075525183,26945.61091656379,149.9015424063924,0.0,149.9015424063924,51.00154240639241,98.89999999999999,149.9015424063924,0.0,149.9015424063924,51.00154240639241,98.89999999999999,371.102702794674,201.84630788572696,169.25639490894702,70.35639490894701,98.89999999999999,536.6914975072787,352.9462694832047,183.74522802407404,84.84522802407403,98.89999999999999,6994.215904536207,371.102702794674,201.84630788572696,169.25639490894702,70.35639490894701,98.89999999999999,149.9015424063924,0.0,149.9015424063924,51.00154240639241,98.89999999999999,111923.18356009004,724.9758251225028,583.3005303864535,141.67529473604935,131.23414392594103,10.441150810108322,1070.931278170372,898.9852707742155,171.94600739615655,161.50485658604822,10.441150810108322,3117.360698481462,128.0159172150591,0.0,128.0159172150591,51.00154240639241,98.89999999999999,128.0159172150591,0.0,128.0159172150591,51.00154240639241,98.89999999999999,332.8940319877713,175.9756072552121,156.91842473255923,84.84522802407403,98.89999999999999,189.52057537633664,44.9756141240959,144.54496125224074,70.35639490894701,98.89999999999999,278.52617980485536,149.9015424063924,0.0,149.9015424063924,51.00154240639241,98.89999999999999,980.6229533694982,0.0,0.0,0.0,0.0,0.0,0.0,0.0,0.0,0.14390217519475904,51.666666666666686,0.045,0.054032471326661446,0.0879014327271795,0.006366864319322732,0.1339573399469733,0.07605636517135846,21.666666666666686,24.444444444444457,0.01995,56.99
2019-05-05 12:49:00,12.2,0.45,84.1,989,923,152,3.1,-1.4437678889814265,13.3869764342258,8.83061728816898,0.004765824501169015,6.3352447756674675,26.223741800656803,26.232031765870687,63.7762581993432,63.76796823412931,210.26322785675382,3.293523832649953,1342.2304404008587,1.1141307861905732,27014.45411807699,149.97807906691435,0.0,149.97807906691435,51.07807906691434,98.89999999999999,149.97807906691435,0.0,149.97807906691435,51.07807906691434,98.89999999999999,375.3002004579516,205.60745537806667,169.6927450798849,70.79274507988491,98.89999999999999,536.1394085858849,352.37396061088606,183.76544797499886,84.86544797499887,98.89999999999999,7051.592632498407,375.3002004579516,205.60745537806667,169.6927450798849,70.79274507988491,98.89999999999999,149.97807906691435,0.0,149.97807906691435,51.07807906691434,98.89999999999999,111850.0183669033,724.6699547046245,582.9469852049775,141.722969499647,131.28181868953868,10.441150810108322,1070.0631479390704,898.1198369756873,171.94331096338294,161.50216015327462,10.441150810108322,3123.630732957076,128.08127952314484,0.0,128.08127952314484,51.07807906691434,98.89999999999999,128.08127952314484,0.0,128.08127952314484,51.07807906691434,98.89999999999999,332.26580512832385,175.33011255767482,156.93569257064902,84.86544797499887,98.89999999999999,192.080423842433,47.16281954421129,144.9176042982217,70.79274507988491,98.89999999999999,278.6683895735341,149.97807906691435,0.0,149.97807906691435,51.07807906691434,98.89999999999999,979.9415234038901,0.0,0.0,0.0,0.0,0.0,0.0,0.0,0.0,0.14390217519475904,51.666666666666686,0.045,0.054032471326661446,0.0879014327271795,0.006366864319322732,0.1339573399469733,0.07605636517135846,21.666666666666686,24.444444444444457,0.01995,56.99
2019-05-05 12:50:00,12.2,0.45,84.1,989,923,152,3.1,-1.4437678889814265,13.3869764342258,8.83061728816898,0.004765824501169015,6.3352447756674675,26.32100782069672,26.329333389143095,63.67899217930328,63.670666610856905,210.7585329449751,3.2935793525903136,1342.2304404008587,1.1150629297516892,27083.017598757797,150.05566576915118,0.0,150.05566576915118,51.155665769151184,98.89999999999999,150.05566576915118,0.0,150.05566576915118,51.155665769151184,98.89999999999999,379.4944549850154,209.36468000752265,170.12977497749276,71.22977497749277,98.89999999999999,535.5769222041387,351.79114554021686,183.7857766639218,84.88577666392182,98.89999999999999,7108.939919287015,379.4944549850154,209.36468000752265,170.12977497749276,71.22977497749277,98.89999999999999,150.05566576915118,0.0,150.05566576915118,51.155665769151184,98.89999999999999,111775.48484235026,724.3582257179417,582.5868716126902,141.7713541052515,131.33020329514318,10.441150810108322,1069.1789201818458,897.238437736869,171.94048244497688,161.49933163486855,10.441150810108322,3130.0473177195936,128.1475385668551,0.0,128.1475385668551,51.155665769151184,98.89999999999999,128.1475385668551,0.0,128.1475385668551,51.155665769151184,98.89999999999999,331.6267935612484,174.67374029025922,156.95305327098922,84.88577666392182,98.89999999999999,194.6963777066808,49.40554987590199,145.29082783077882,71.22977497749277,98.89999999999999,278.81255038356164,150.05566576915118,0.0,150.05566576915118,51.155665769151184,98.89999999999999,979.2474966325674,0.0,0.0,0.0,0.0,0.0,0.0,0.0,0.0,0.14390217519475904,51.666666666666686,0.045,0.054032471326661446,0.0879014327271795,0.006366864319322732,0.1339573399469733,0.07605636517135846,21.666666666666686,24.444444444444457,0.01995,56.99
2019-05-05 12:51:00,12.2,0.45,84.1,989,923,152,3.1,-1.4437678889814265,13.3869764342258,8.83061728816898,0.004765824501169015,6.3352447756674675,26.41969560175599,26.428057354332076,63.58030439824401,63.571942645667924,211.25069541209174,3.2936348680232186,1342.2304404008587,1.11601357705553,27151.298820305226,150.13428473518272,0.0,150.13428473518272,51.23428473518272,98.89999999999999,150.13428473518272,0.0,150.13428473518272,51.23428473518272,98.89999999999999,383.68537463155326,213.11791023579838,170.56746439575485,71.66746439575486,98.89999999999999,535.0040365257414,351.19783534715566,183.80620117858572,84.90620117858573,98.89999999999999,7166.256294621998,383.68537463155326,213.11791023579838,170.56746439575485,71.66746439575486,98.89999999999999,150.13428473518272,0.0,150.13428473518272,51.23428473518272,98.89999999999999,111699.58369818567,724.0406367435137,582.2201965341974,141.82044020931633,131.379289399208,10.441150810108322,1068.278607738378,896.3410898890048,171.93751784937314,161.4963670392648,10.441150810108322,3136.6097350885184,128.21467916384603,0.0,128.21467916384603,51.23428473518272,98.89999999999999,128.21467916384603,0.0,128.21467916384603,51.23428473518272,98.89999999999999,330.9770546441521,174.0065588376399,156.97049580651222,84.90620117858573,98.89999999999999,197.36818133305718,51.70356673908252,145.66461459397465,71.66746439575486,98.89999999999999,278.95862920248135,150.13428473518272,0.0,150.13428473518272,51.23428473518272,98.89999999999999,978.5408863354544,0.0,0.0,0.0,0.0,0.0,0.0,0.0,0.0,0.14390217519475904,51.666666666666686,0.045,0.054032471326661446,0.0879014327271795,0.006366864319322732,0.1339573399469733,0.07605636517135846,21.666666666666686,24.444444444444457,0.01995,56.99
2019-05-05 12:52:00,12.2,0.45,84.1,989,923,152,3.1,-1.4437678889814265,13.3869764342258,8.83061728816898,0.004765824501169015,6.3352447756674675,26.519788812037127,26.52818732664523,63.48021118796287,63.47181267335477,211.73970590783526,3.2936903789850476,1342.2304404008587,1.1169828004884579,27219.295251499192,150.2139181591907,0.0,150.2139181591907,51.31391815919072,98.89999999999999,150.2139181591907,0.0,150.2139181591907,51.31391815919072,98.89999999999999,387.87286787925495,216.86707460103239,171.0057932782226,72.1057932782226,98.89999999999999,534.4207498718775,350.59404130753484,183.82670856434274,84.92670856434275,98.89999999999999,7223.540290882767,387.87286787925495,216.86707460103239,171.0057932782226,72.1057932782226,98.89999999999999,150.2139181591907,0.0,150.2139181591907,51.31391815919072,98.89999999999999,111622.31567107013,723.7171864793132,581.8469670189769,141.8702194603363,131.42906865022798,10.441150810108322,1067.3622237310692,895.4278105669839,171.93441316408533,161.493262353977,10.441150810108322,3143.317167265729,128.28268610794888,0.0,128.28268610794888,51.31391815919072,98.89999999999999,128.28268610794888,0.0,128.28268610794888,51.31391815919072,98.89999999999999,330.31664710698203,173.3286379930333,156.9880091139487,84.92670856434275,98.89999999999999,200.0955473764231,54.056599916820986,146.0389474596021,72.1057932782226,98.89999999999999,279.1065929460004,150.2139181591907,0.0,150.2139181591907,51.31391815919072,98.89999999999999,977.8217060320229,0.0,0.0,0.0,0.0,0.0,0.0,0.0,0.0,0.14390217519475904,51.666666666666686,0.045,0.054032471326661446,0.0879014327271795,0.006366864319322732,0.1339573399469733,0.07605636517135846,21.666666666666686,24.444444444444457,0.01995,56.99
2019-05-05 12:53:00,12.2,0.45,84.1,989,923,152,3.1,-1.4437678889814265,13.3869764342258,8.83061728816898,0.004765824501169015,6.3352447756674675,26.62127113234215,26.629706983924713,63.37872886765785,63.37029301607529,212.22555658494062,3.293745885439421,1342.2304404008587,1.1179706739875686,27287.004368696376,150.29454821556777,0.0,150.29454821556777,51.39454821556777,98.89999999999999,150.29454821556777,0.0,150.29454821556777,51.39454821556777,98.89999999999999,392.0568434357996,220.6121017117346,171.44474172406495,72.54474172406495,98.89999999999999,533.8270607272524,349.9797748979353,183.84728582931712,84.94728582931712,98.89999999999999,7280.790443216862,392.0568434357996,220.6121017117346,171.44474172406495,72.54474172406495,98.89999999999999,150.29454821556777,0.0,150.29454821556777,51.39454821556777,98.89999999999999,111543.6815230432,723.3878737449483,581.4671902421155,141.92068350283273,131.4795326927244,10.441150810108322,1066.4297815679142,894.4986172108586,171.93116435705576,161.49001354694744,10.441150810108322,3150.1686990631706,128.35154417609488,0.0,128.35154417609488,51.39454821556777,98.89999999999999,128.35154417609488,0.0,128.35154417609488,51.39454821556777,98.89999999999999,329.64563106438936,172.64004896615256,157.0055820982368,84.94728582931712,98.89999999999999,202.87815756545348,56.46434813310203,146.41380943235146,72.54474172406495,98.89999999999999,279.2564084930564,150.29454821556777,0.0,150.29454821556777,51.39454821556777,98.89999999999999,977.089969482554,0.0,0.0,0.0,0.0,0.0,0.0,0.0,0.0,0.14390217519475904,51.666666666666686,0.045,0.054032471326661446,0.0879014327271795,0.006366864319322732,0.1339573399469733,0.07605636517135846,21.666666666666686,24.444444444444457,0.01995,56.99
2019-05-05 12:54:00,12.2,0.45,84.1,989,923,152,3.1,-1.4437678889814265,13.3869764342258,8.83061728816898,0.004765824501169015,6.3352447756674675,26.724126265133684,26.732600025711086,63.275873734866316,63.267399974288914,212.7082410644681,3.29380138743727,1342.2304404008587,1.1189772730621084,27354.42365695991,150.37615706751114,0.0,150.37615706751114,51.476157067511146,98.89999999999999,150.37615706751114,0.0,150.37615706751114,51.476157067511146,98.89999999999999,396.23721027461715,224.35292027666094,171.8842899979562,72.9842899979562,98.89999999999999,533.2229677405687,349.3550477909686,183.8679199496001,84.96791994960012,98.89999999999999,7338.005290189103,396.23721027461715,224.35292027666094,171.8842899979562,72.9842899979562,98.89999999999999,150.37615706751114,0.0,150.37615706751114,51.476157067511146,98.89999999999999,111463.68204120923,723.0526974827714,581.0808735011021,141.97182398166925,131.53067317156092,10.441150810108322,1065.4812949363509,893.5535275584195,171.9277673779313,161.48661656782298,10.441150810108322,3157.163320700286,128.4212381356545,0.0,128.4212381356545,51.476157067511146,98.89999999999999,128.4212381356545,0.0,128.4212381356545,51.476157067511146,98.89999999999999,328.9640680218349,171.94086438487645,157.02320363695847,84.96791994960012,98.89999999999999,205.71566351379482,58.92647985554024,146.7891836582546,72.9842899979562,98.89999999999999,279.4080427017854,150.37615706751114,0.0,150.37615706751114,51.476157067511146,98.89999999999999,976.3456906821946,0.0,0.0,0.0,0.0,0.0,0.0,0.0,0.0,0.14390217519475904,51.666666666666686,0.045,0.054032471326661446,0.0879014327271795,0.006366864319322732,0.1339573399469733,0.07605636517135846,21.666666666666686,24.444444444444457,0.01995,56.99
2019-05-05 12:55:00,12.2,0.45,84.1,989,923,152,3.1,-1.4437678889814265,13.3869764342258,8.83061728816898,0.004765824501169015,6.3352447756674675,26.828337941335235,26.83685018004556,63.171662058664765,63.16314981995444,213.18775439142811,3.2938568849313015,1342.2304404008587,1.1200026747961525,27421.550609862214,150.45872687375203,0.0,150.45872687375203,51.55872687375202,98.89999999999999,150.45872687375203,0.0,150.45872687375203,51.55872687375202,98.89999999999999,400.4138775947262,228.08945906351647,172.32441853120974,73.42441853120977,98.89999999999999,532.608469735565,348.71987186179115,183.8885978737738,84.98859787377381,98.89999999999999,7395.183373332767,400.4138775947262,228.08945906351647,172.32441853120974,73.42441853120977,98.89999999999999,150.45872687375203,0.0,150.45872687375203,51.55872687375202,98.89999999999999,111382.31803892786,722.7116567655046,580.6880242202304,142.0236325452742,131.58248173516589,10.441150810108322,1064.5167778147363,892.5925596554231,171.92421815931326,161.48306734920493,10.441150810108322,3164.299930468477,128.49175275018422,0.0,128.49175275018422,51.55872687375202,98.89999999999999,128.49175275018422,0.0,128.49175275018422,51.55872687375202,98.89999999999999,328.27202089368336,171.23115830948058,157.0408625842028,84.98859787377381,98.89999999999999,208.60768747920048,61.44263405354735,147.16505342565313,73.42441853120977,98.89999999999999,279.56146242202516,150.45872687375203,0.0,150.45872687375203,51.55872687375202,98.89999999999999,975.5888838691354,0.0,0.0,0.0,0.0,0.0,0.0,0.0,0.0,0.14390217519475904,51.666666666666686,0.045,0.054032471326661446,0.0879014327271795,0.006366864319322732,0.1339573399469733,0.07605636517135846,21.666666666666686,24.444444444444457,0.01995,56.99
2019-05-05 12:56:00,12.2,0.45,84.1,989,923,152,3.1,-1.4437678889814265,13.3869764342258,8.83061728816898,0.004765824501169015,6.3352447756674675,26.933889928794358,26.942441211935716,63.06611007120564,63.057558788064284,213.6640929992372,3.293912377983361,1342.2304404008587,1.1210469578707394,27488.382730571,150.54223979653753,0.0,150.54223979653753,51.64223979653754,98.89999999999999,150.54223979653753,0.0,150.54223979653753,51.64223979653754,98.89999999999999,404.58675486003415,231.8216469291074,172.76510793092675,73.86510793092675,98.89999999999999,531.9835657111353,348.0742591834464,183.9093065276889,85.00930652768892,98.89999999999999,7452.323237784323,404.58675486003415,231.8216469291074,172.76510793092675,73.86510793092675,98.89999999999999,150.54223979653753,0.0,150.54223979653753,51.64223979653754,98.89999999999999,111299.59035546883,722.3647507969854,580.2886499473223,142.0761008496631,131.63495003955478,10.441150810108322,1063.5362444660625,891.6157318481489,171.92051261791357,161.47936180780525,10.441150810108322,3171.577337528245,128.56307278624305,0.0,128.56307278624305,51.64223979653754,98.89999999999999,128.56307278624305,0.0,128.56307278624305,51.64223979653754,98.89999999999999,327.5695540089545,170.5110062343082,157.0585477746463,85.00930652768892,98.89999999999999,211.5538231762926,64.01242100328115,147.54140217301145,73.86510793092675,98.89999999999999,279.7166345101463,150.54223979653753,0.0,150.54223979653753,51.64223979653754,98.89999999999999,974.8195635186195,0.0,0.0,0.0,0.0,0.0,0.0,0.0,0.0,0.14390217519475904,51.666666666666686,0.045,0.054032471326661446,0.0879014327271795,0.006366864319322732,0.1339573399469733,0.07605636517135846,21.666666666666686,24.444444444444457,0.01995,56.99
2019-05-05 12:57:00,12.2,0.45,84.1,989,923,152,3.1,-1.4437678889814265,13.3869764342258,8.83061728816898,0.004765824501169015,6.3352447756674675,27.040766039414848,27.049356930489864,62.95923396058515,62.950643069510136,214.13725466912683,3.2939678664988605,1342.2304404008587,1.122110202576337,27554.917532224834,150.62667800848692,0.0,150.62667800848692,51.72667800848692,98.89999999999999,150.62667800848692,0.0,150.62667800848692,51.72667800848692,98.89999999999999,408.75575179708824,235.5494128126616,173.20633898442662,74.30633898442662,98.89999999999999,531.3482548463833,347.4182220276391,183.93003281874417,85.03003281874419,98.89999999999999,7509.423432345296,408.75575179708824,235.5494128126616,173.20633898442662,74.30633898442662,98.89999999999999,150.62667800848692,0.0,150.62667800848692,51.72667800848692,98.89999999999999,111215.49985644994,722.0119789164871,579.8827583546504,142.1292205618367,131.68806975172836,10.441150810108322,1062.5397094406653,890.6230627850167,171.91664665564866,161.47549584554034,10.441150810108322,3178.9942646334334,128.63518301924782,0.0,128.63518301924782,51.72667800848692,98.89999999999999,128.63518301924782,0.0,128.63518301924782,51.72667800848692,98.89999999999999,326.8567331226968,169.78048509548933,157.07624802720753,85.03003281874419,98.89999999999999,214.5536365622783,66.63542306957797,147.91821349270035,74.30633898442662,98.89999999999999,279.8735258417916,150.62667800848692,0.0,150.62667800848692,51.72667800848692,98.89999999999999,974.0377443443607,0.0,0.0,0.0,0.0,0.0,0.0,0.0,0.0,0.14390217519475904,51.666666666666686,0.045,0.054032471326661446,0.0879014327271795,0.006366864319322732,0.1339573399469733,0.07605636517135846,21.666666666666686,24.444444444444457,0.01995,56.99
2019-05-05 12:58:00,12.2,0.45,84.1,989,923,152,3.1,-1.4437678889814265,13.3869764342258,8.83061728816898,0.004765824501169015,6.3352447756674675,27.148950136073793,27.15758119583616,62.85104986392621,62.84241880416384,214.60723848960808,3.2940233505360084,1342.2304404008587,1.123192490826435,27621.15253834699,150.71202369920928,0.0,150.71202369920928,51.81202369920928,98.89999999999999,150.71202369920928,0.0,150.71202369920928,51.81202369920928,98.89999999999999,412.9207783950287,239.27268573143385,173.6480926635949,74.7480926635949,98.89999999999999,530.7025365059415,346.751772865886,183.9507636400554,85.05076364005542,98.89999999999999,7566.48250957046,412.9207783950287,239.27268573143385,173.6480926635949,74.7480926635949,98.89999999999999,150.71202369920928,0.0,150.71202369920928,51.81202369920928,98.89999999999999,111130.04743419882,721.6533406022008,579.470357239162,142.18298336303877,131.74183255293045,10.441150810108322,1061.5271875785438,889.6145714178373,171.9126161607065,161.47146535059818,10.441150810108322,3186.549350858533,128.7080682391247,0.0,128.7080682391247,51.81202369920928,98.89999999999999,128.7080682391247,0.0,128.7080682391247,51.81202369920928,98.89999999999999,326.1336254276225,169.03967327901523,157.09395214860731,85.05076364005542,98.89999999999999,217.6066666237061,69.31119548899608,148.29547113471003,74.7480926635949,98.89999999999999,280.0321033241717,150.71202369920928,0.0,150.71202369920928,51.81202369920928,98.89999999999999,973.2434412993699,0.0,0.0,0.0,0.0,0.0,0.0,0.0,0.0,0.14390217519475904,51.666666666666686,0.045,0.054032471326661446,0.0879014327271795,0.006366864319322732,0.1339573399469733,0.07605636517135846,21.666666666666686,24.444444444444457,0.01995,56.99
2019-05-05 12:59:00,12.2,0.45,84.1,989,923,152,3.1,-1.4437678889814265,13.3869764342258,8.83061728816898,0.004765824501169015,6.3352447756674675,27.258426214002682,27.26709800053355,62.74157378599732,62.73290199946645,215.07404513192168,3.294078830134822,1342.2304404008587,1.124293906925745,27687.08532790686,150.798259140464,0.0,150.798259140464,51.89825914046403,98.89999999999999,150.798259140464,0.0,150.798259140464,51.89825914046403,98.89999999999999,417.08174773052167,242.9913973010708,174.0903504294509,75.19035042945089,98.89999999999999,530.0464097952558,346.07492390685036,183.97148588840543,85.07148588840545,98.89999999999999,7623.499064565874,417.08174773052167,242.9913973010708,174.0903504294509,75.19035042945089,98.89999999999999,150.798259140464,0.0,150.798259140464,51.89825914046403,98.89999999999999,111043.23394870078,721.2888352254882,579.05145423644,142.2373809890482,131.79623017893988,10.441150810108322,1060.4986933075666,888.5902763019537,171.9084170056127,161.46726619550438,10.441150810108322,3194.2411595880444,128.78171330595626,0.0,128.78171330595626,51.89825914046403,98.89999999999999,128.78171330595626,0.0,128.78171330595626,51.89825914046403,98.89999999999999,325.40029906325583,168.2886501145576,157.11164894869822,85.07148588840545,98.89999999999999,220.71242828989148,72.03926902314039,148.67315926675107,75.19035042945089,98.89999999999999,280.19233401713785,150.798259140464,0.0,150.798259140464,51.89825914046403,98.89999999999999,972.4366690248194,0.0,0.0,0.0,0.0,0.0,0.0,0.0,0.0,0.14390217519475904,51.666666666666686,0.045,0.054032471326661446,0.0879014327271795,0.006366864319322732,0.1339573399469733,0.07605636517135846,21.666666666666686,24.444444444444457,0.01995,56.99
