Time,Total Electric Power (kW),Total Reactive Power (kVAR),Total Gas Power (therms/hour),Total Electric Energy (kWh),Total Reactive Energy (kVARh),Total Gas Energy (therms),Grid Voltage (-),Temperature - Indoor (C),Unmet HVAC Load (C),Temperature - Attic (C),Temperature - Outdoor (C),Temperature - Ground (C),Net Sensible Heat Gain - Indoor (W),Net Sensible Heat Gain - Attic (W),Infiltration Heat Gain - Indoor (W),Forced Ventilation Heat Gain - Indoor (W),Natural Ventilation Heat Gain - Indoor (W),Internal Heat Gain - Indoor (W),Window Transmitted Solar Gain (W),Internal Mass Heat Gain - Indoor (W),Floor Heat Gain - Indoor (W),Roof Heat Gain - Indoor (W),Wall Heat Gain - Indoor (W),Window Heat Gain - Indoor (W),Occupancy (Persons),Infiltration Flow Rate - Indoor (m^3/s),Forced Ventilation Flow Rate - Indoor (m^3/s),Natural Ventilation Flow Rate - Indoor (m^3/s),Air Changes per Hour - Indoor (1/hour),Occupancy Heat Gain - Indoor (W),Radiation Heat Gain - Indoor (W),Relative Humidity - Indoor (-),Wet Bulb - Indoor (C),Humidity Ratio - Indoor (-),Net Latent Heat Gain - Indoor (W),Air Density - Indoor (kg/m^3),Infiltration Flow Rate - Attic (m^3/s),Infiltration Heat Gain - Attic (W),Radiation Heat Gain - Attic (W),Exterior Wall Ext. Solar Gain (W),Exterior Wall Ext. LWR Gain (W),Exterior Wall Ext. Surface Temperature (C),Exterior Wall Ext. Film Coefficient (m^2-K/W),Attic Wall Ext. Solar Gain (W),Attic Wall Ext. LWR Gain (W),Attic Wall Ext. Surface Temperature (C),Attic Wall Ext. Film Coefficient (m^2-K/W),Attic Roof Ext. Solar Gain (W),Attic Roof Ext. LWR Gain (W),Attic Roof Ext. Surface Temperature (C),Attic Roof Ext. Film Coefficient (m^2-K/W),Window Ext. Solar Gain (W),Window Ext. LWR Gain (W),Window Ext. Surface Temperature (C),Window Ext. Film Coefficient (m^2-K/W),Door Ext. Solar Gain (W),Door Ext. LWR Gain (W),Door Ext. Surface Temperature (C),Door Ext. Film Coefficient (m^2-K/W),Exterior Wall Indoor LWR Gain (W),Exterior Wall Indoor Surface Temperature (C),Exterior Wall Indoor Film Coefficient (m^2-K/W),Attic Floor Indoor LWR Gain (W),Attic Floor Indoor Surface Temperature (C),Attic Floor Indoor Film Coefficient (m^2-K/W),Floor Indoor LWR Gain (W),Floor Indoor Surface Temperature (C),Floor Indoor Film Coefficient (m^2-K/W),Window Indoor LWR Gain (W),Window Indoor Surface Temperature (C),Window Indoor Film Coefficient (m^2-K/W),Door Indoor LWR Gain (W),Door Indoor Surface Temperature (C),Door Indoor Film Coefficient (m^2-K/W),Interior Wall Indoor LWR Gain (W),Interior Wall Indoor Surface Temperature (C),Interior Wall Indoor Film Coefficient (m^2-K/W),Indoor Furniture Indoor LWR Gain (W),Indoor Furniture Indoor Surface Temperature (C),Indoor Furniture Indoor Film Coefficient (m^2-K/W),Attic Wall Attic LWR Gain (W),Attic Wall Attic Surface Temperature (C),Attic Wall Attic Film Coefficient (m^2-K/W),Attic Roof Attic LWR Gain (W),Attic Roof Attic Surface Temperature (C),Attic Roof Attic Film Coefficient (m^2-K/W),Attic Floor Attic LWR Gain (W),Attic Floor Attic Surface Temperature (C),Attic Floor Attic Film Coefficient (m^2-K/W)
2019-05-05 12:00:00,0.0,0.0,0.0,0.0,0.0,0.0,1.0,20.740167577592032,0.0,14.237354822086324,11.65,8.83061728816898,-84.5420602902369,57.61694995771821,-10.360821145270885,-251.1647680260098,0.0,2.96998264,386.9488629444912,127.33174612576731,-587.8840235111636,-28.65685522587877,-187.03046699157815,-150.28998680768348,0.045,0.0011014292799206337,0.026896284787967992,0.0,0.3707737279766324,2.96998264,174.01354624104377,0.25966219852386213,9.901143729920504,0.004727131290811947,3.6378622213613525,0.9941839378177233,0.11345691535269717,-328.6190044464247,386.2359544041429,18572.46658916853,-7010.814492834896,23.444987349205633,0.06867587875583193,4306.379087231523,-1720.0845023940115,20.23507688478608,0.06867587875583193,92799.51901202333,-29356.597049361095,42.25106145422646,0.0672846125515661,669.0802086012994,-475.76643441537806,13.989948617463858,0.06867587875583193,159.45978820590562,-73.15385180271382,15.36663313405691,0.06867587875583193,16.314498334794674,20.130941957307424,0.32548586590269935,-68.2930725342662,20.286365061791273,0.5611340362873486,271.88647732686843,19.692910632241514,0.2805103236939845,79.67755759190244,19.100060676332877,0.32548586590269935,6.493378304753107,19.486811011805028,0.32548586590269935,-230.52499880481034,20.568024020275153,0.32548586590269935,-75.55384021924189,20.495745429191537,0.32548586590269935,254.26800491493026,16.077140030799363,0.32548586590269935,-740.8955187267582,19.09808796470638,0.5362639706129531,486.6275138118324,17.094636179081036,0.5611340362873486
2019-05-05 13:00:00,0.0,0.0,0.0,0.0,0.0,0.0,1.0,19.79271868574061,0.0,20.17033880566931,13.05,8.83061728816898,5.568227577388031,-659.1732879987794,-6.399181823251614,-185.34169903071762,0.0,2.96998264,446.5153104739198,231.87461812047255,-434.57119866898813,57.2749656167146,-70.08740937315585,-115.89468462989117,0.045,0.0009198443310953476,0.026896284787967992,0.0,0.36836899849560606,2.96998264,194.33912579135725,0.2747004531052019,9.52918162360573,0.004728712830879985,3.9839770356205957,0.9967299547670961,0.1643914208015568,-1199.686048233724,540.5127602349444,21342.387898851786,-8626.05055502027,28.062762561287407,0.06867587875583193,6744.049304970587,-2641.9432547665524,27.82804458003007,0.06867587875583193,89241.66084775823,-40906.93958754801,57.46815077932355,0.0672846125515661,772.0776197717406,-487.4135834005904,15.430172916129946,0.06867587875583193,161.4666953541455,-74.71574867885195,16.797907748323986,0.06867587875583193,5.128465090462002,19.58294890277185,0.32548586590269935,-77.26816218809205,19.72974688682723,0.5611340362873486,258.9194230257674,19.139969512936702,0.2805103236939845,56.324947242040466,18.836636508513436,0.32548586590269935,4.79012058041312,19.089866251827836,0.32548586590269935,-181.1026931786136,19.91115302133654,0.32548586590269935,-66.79210057197845,19.886534096006507,0.32548586590269935,358.23789986253564,21.901739334449715,0.32548586590269935,-1038.3539089673652,25.953146202546613,0.5362639706129531,680.1160091048356,23.274050255589238,0.5611340362873486
2019-05-05 14:00:00,0.0,0.0,0.0,0.0,0.0,0.0,1.0,19.371608488900744,0.0,22.819174768029672,13.9,8.83061728816898,44.41107090039948,-1296.295101841212,-5.511230565636595,-149.81865258600567,0.0,2.96998264,474.7980262871987,204.66272144284096,-372.4154094812357,75.72975906752885,-19.00999473782877,-95.87998015084365,0.045,0.0009915006792488132,0.026896284787967992,0.0,0.36931794351567554,2.96998264,196.77097141204177,0.2818268624467064,9.353815243601064,0.004729170749595266,-5.264300115753146,0.997551044026499,0.1903811891670694,-1731.8807700111922,435.58566816998024,21246.135448116493,-8757.550963936554,29.00258953379709,0.06867587875583193,8267.740058666966,-3270.3144230174994,32.60545052375435,0.06867587875583193,74756.7561271921,-35159.43685206305,51.53242425472432,0.0672846125515661,820.9817701862478,-492.8910101214668,16.268664856771196,0.06867587875583193,150.05787488129678,-72.33835165430153,17.292984593149484,0.06867587875583193,-10.51028223630019,19.289175279671255,0.32548586590269935,-76.64282442940457,19.399987263670948,0.5611340362873486,241.08776778184412,18.84077841376411,0.2805103236939845,41.08456736216349,18.71124834287972,0.32548586590269935,3.315256851436544,18.915202539869323,0.32548586590269935,-131.53471188999671,19.49625512462707,0.32548586590269935,-66.79977343974109,19.558431261771542,0.32548586590269935,263.7976443803281,24.34378236874404,0.32548586590269935,-821.0793117022348,27.352111595019746,0.5362639706129531,557.2816673219131,25.23820290276523,0.5611340362873486
2019-05-05 15:00:00,0.0,0.0,0.0,0.0,0.0,0.0,1.0,19.125104028655066,0.0,22.994528718543627,14.15,8.83061728816898,56.76517344678572,-1338.8784506024099,-4.315755973235173,-136.1611895456353,0.0,2.96998264,479.13010169561926,176.78154114806867,-339.25214985238756,90.7146256733229,24.603067143329245,-87.60714638450894,0.045,0.000834882221575871,0.026896284787967992,0.0,0.36724384527749293,2.96998264,194.27213632565616,0.28590224218447363,9.24887138575871,0.004724462512064175,-20.559854661418147,0.9983951346073731,0.18236064244453412,-1646.4403188295896,307.56186822717956,20100.202432543898,-8434.752269936218,28.36553641493896,0.06867587875583193,9327.61189324663,-3723.098660600456,35.47923230172228,0.06867587875583193,59715.815031853934,-28808.27839158259,43.85146334088203,0.0672846125515661,828.4724393560352,-502.06095738109195,16.425174587892517,0.06867587875583193,136.01265879447837,-70.34199357157114,17.107210905426008,0.06867587875583193,-29.441269518508854,19.13569195022592,0.32548586590269935,-80.06314782384689,19.20984429577466,0.5611340362873486,232.0596374218288,18.659453305317644,0.2805103236939845,36.82823244369159,18.57137383506838,0.32548586590269935,2.566586614396444,18.79740675309997,0.32548586590269935,-96.67048377297712,19.239034295951047,0.32548586590269935,-65.27955536458472,19.35591932368762,0.32548586590269935,135.56869174954434,24.64341878286058,0.32548586590269935,-547.7778832048764,26.37943848094391,0.5362639706129531,412.2091914553375,24.89369473128694,0.5611340362873486
2019-05-05 16:00:00,0.0,0.0,0.0,0.0,0.0,0.0,1.0,18.98773171880485,0.0,22.6963846611576,14.4,8.83061728816898,57.23383350623151,-1173.477015104046,-2.476623948236928,-125.47931148854956,0.0,3.563979167999999,455.3084905615485,152.671673723794,-324.39663659089837,100.51354383872932,54.10537840514896,-79.78427578782292,0.053999999999999986,0.0005308336444174008,0.026896284787967992,0.0,0.36321732996393263,3.563979167999999,181.625789775018,0.2877848287241573,9.183300230460427,0.004714925898968802,-30.95044858252551,0.9988703139044887,0.1619393252781929,-1366.5911011751357,193.1140860710898,17668.006207604176,-7692.835536138066,26.784994805289273,0.06867587875583193,9628.418343077736,-3908.961529130676,36.59590728093726,0.06867587875583193,43242.42577719999,-22478.004657867863,35.388449729788036,0.0672846125515661,787.2820649341585,-504.4201085134995,16.422919640314884,0.06867587875583193,120.09218497195803,-68.0554719833834,16.82475666784318,0.06867587875583193,-44.547284072653625,19.055228737333497,0.32548586590269935,-83.95573101331344,19.1020612937844,0.5611340362873486,228.02114375515643,18.55131669672271,0.2805103236939845,35.58999754342018,18.47275224426279,0.32548586590269935,2.251219444152673,18.715728163314473,0.32548586590269935,-74.22040867235907,19.08491869108291,0.32548586590269935,-63.138936984401575,19.232048600534803,0.32548586590269935,29.75611183040983,24.29208201419419,0.32548586590269935,-309.02049664212404,24.95626890901285,0.5362639706129531,279.26438481172056,24.031259772535293,0.5611340362873486
2019-05-05 17:00:00,0.0,0.0,0.0,0.0,0.0,0.0,1.0,18.8667061270143,0.0,21.353742921327783,13.85,8.83061728816898,24.65340732331947,-1116.22500795239,-2.794264521945039,-137.5790558928276,0.0,6.533961808,396.4688555831879,139.26781072471476,-314.69561333645674,107.31247127569983,73.97776129196778,-83.29359780540015,0.099,0.0005439614312591661,0.026896284787967992,0.0,0.36339118124534797,6.533961808,158.49276593009213,0.2891591843300134,9.120460417082038,0.004701666515113282,-49.75175499427602,0.9992922573663781,0.15253536258085248,-1167.2877639763258,51.062756023935925,15904.515206539505,-7111.135174561545,25.028459758017863,0.06867587875583193,8365.434854796504,-3510.57169662222,33.60427460826175,0.06867587875583193,23552.70229463159,-14862.696305668065,24.191863984564364,0.0672846125515661,685.5413983619108,-486.03812610605087,15.591099487688533,0.06867587875583193,186.513023367161,-86.09489050454623,18.19601094682537,0.06867587875583193,-56.26114383185547,18.967885722733943,0.32548586590269935,-88.19210389433235,18.9956486688708,0.5611340362873486,222.64666754465387,18.4463174113405,0.2805103236939845,45.91642140172838,18.21770300053224,0.32548586590269935,1.7917260700572968,18.65017182883817,0.32548586590269935,-63.88889809792745,18.95280843480462,0.32548586590269935,-62.01266919232112,19.11336640527154,0.32548586590269935,-77.31096379807246,22.74770516772982,0.32548586590269935,-27.983519897194007,22.241669023795914,0.5362639706129531,105.29448369527175,22.021140662083713,0.5611340362873486
2019-05-05 18:00:00,0.0,0.0,0.0,0.0,0.0,0.0,1.0,18.67965619739998,0.0,18.872509268344107,12.5,8.83061728816898,-59.90242140588909,-1041.7457643505847,-4.668582427035654,-170.2271196861599,0.0,10.691937504,262.028014753861,139.47309272531365,-299.6230714232642,113.12726925828561,86.55749776570937,-95.04797202519619,0.162,0.000718018334756827,0.026896284787967992,0.0,0.36569621682194586,10.691937504,104.30134320330647,0.29137426892907775,9.024370632889859,0.004682406893485703,-33.268944978294805,0.9999443679689027,0.14692058984071837,-960.8698158832672,-80.87594846731761,10612.635759276372,-5408.7646428268,19.98806753967068,0.06867587875583193,5022.545784545545,-2364.3384633645105,24.7819424880255,0.06867587875583193,8702.139295319206,-9312.348207128407,14.189410481463828,0.0672846125515661,453.0773328465562,-444.6060032430954,13.619730699816055,0.06867587875583193,185.80739263407818,-88.49488941371489,17.095000100719346,0.06867587875583193,-64.28754459054223,18.801416560447926,0.32548586590269935,-92.72907284288121,18.818992598339353,0.5611340362873486,211.14236620281164,18.281033598594092,0.2805103236939845,71.25691416628025,17.68550702829983,0.32548586590269935,1.2744924603965464,18.51981101343413,0.32548586590269935,-63.43186518208931,18.767255783859557,0.32548586590269935,-63.22529021397507,18.934272494127697,0.32548586590269935,-154.27690857356413,20.01357404533874,0.32548586590269935,218.86773044136123,18.54191235235396,0.5362639706129531,-64.59082186779257,19.00347359991126,0.5611340362873486
2019-05-05 19:00:00,0.0,0.0,0.0,0.0,0.0,0.0,1.0,18.3486553694563,0.0,15.688403157235742,10.55,8.83061728816898,-183.23218084583422,-905.3428135044257,-7.668239691074379,-216.20403588469773,0.0,10.691937504,78.87882058572794,152.0489408187029,-268.51768860918634,116.8833798253896,84.29489102776868,-112.07186038991773,0.162,0.0009425618964231815,0.026896284787967992,0.0,0.3686698472137096,10.691937504,29.948157225937884,0.2972492179198486,8.884248144394673,0.004678629090670691,-1.1435111223432501,1.0010821936342098,0.1398528731078631,-742.080479834869,-163.26233366955674,3104.519537834449,-2849.651601811477,12.402832388828395,0.06867587875583193,1371.5258841272034,-1103.5698939593433,14.075260088203612,0.06867587875583193,1023.5031940889128,-6118.454079000488,7.505865648827548,0.0672846125515661,136.3907812782337,-372.3725540916501,10.888104498910002,0.06867587875583193,71.7076603232745,-60.37286674398768,12.324454893981937,0.06867587875583193,-63.16416065566045,18.47016516306395,0.32548586590269935,-95.4987883461603,18.495277645215324,0.5611340362873486,187.9033668928468,17.991983993822483,0.2805103236939845,105.23846506321773,16.885581335291928,0.32548586590269935,2.161684600719705,18.09545436004832,0.32548586590269935,-68.68338502928381,18.447770153988934,0.32548586590269935,-67.95718252567798,18.626976642254096,0.32548586590269935,-170.21571516648868,16.529401722065423,0.32548586590269935,352.7484592200794,14.663442462633245,0.5362639706129531,-182.5327440535856,15.577732722749479,0.5611340362873486
2019-05-05 20:00:00,0.0,0.0,0.0,0.0,0.0,0.0,1.0,17.89883130464363,0.0,12.716131491664813,9.4,8.83061728816898,-241.74012400594202,-565.4135607669173,-8.124985304296723,-236.57145453839004,0.0,10.691937504,0.0,170.64577418617952,-217.79203393009647,118.1335098568395,62.166582635609345,-119.7087435303765,0.162,0.0009228169969669477,0.026896284787967992,0.0,0.36840836550980477,10.691937504,-7.735621667255263,0.3059600930610189,8.703180093512879,0.004678767490167269,0.792762387133822,1.0032064560219143,0.10831966107752122,-382.50040937239464,-182.91315139452263,0.0,-1590.0312229518809,8.241604322401875,0.06867587875583193,0.0,-543.4996724573062,8.653744587765278,0.06867587875583193,0.0,-5399.223406917037,5.211037547301881,0.0672846125515661,0.0,-340.67488842678785,9.339583627052084,0.06867587875583193,0.0,-39.48394936200432,8.874153182706575,0.06867587875583193,-45.797755395160614,18.005197997244903,0.32548586590269935,-92.8773066421391,18.065567990680776,0.5611340362873486,156.79237999884646,17.620353793209787,0.2805103236939845,121.19879785461605,16.232808102686175,0.32548586590269935,4.400971972704338,17.428326184481666,0.32548586590269935,-70.23646645795864,18.025278574994708,0.32548586590269935,-73.48062133090498,18.22704169495411,0.32548586590269935,-131.89991683755312,13.231858364632972,0.32548586590269935,358.11595508786206,11.595067823528995,0.5362639706129531,-226.21603825030385,12.629452176067533,0.5611340362873486
2019-05-05 21:00:00,0.0,0.0,0.0,0.0,0.0,0.0,1.0,17.478072635079812,0.0,10.831455955180486,8.85,8.83061728816898,-256.17812693844087,-391.48183586001045,-10.091168811399655,-240.80868991952224,0.0,12.077929402666665,0.0,176.42773839542184,-170.46933435730563,110.5589507770531,27.12752314915917,-121.2941395791704,0.183,0.0011118022553871312,0.026896284787967992,0.0,0.37091109729094845,12.077929402666665,-17.356197610185667,0.3144066040546581,8.533576065053573,0.004679178313013354,1.5295555056179395,1.0052759726809266,0.10955701114369615,-230.08729454610597,-161.39454131390448,0.0,-1555.4652220450946,7.618213236254802,0.06867587875583193,0.0,-505.5753798372032,7.809411674063218,0.06867587875583193,0.0,-5312.022856466614,4.535623134717413,0.0672846125515661,0.0,-341.05200641107837,8.816177625416467,0.06867587875583193,0.0,-38.65494196216308,8.244340576687696,0.06867587875583193,-21.77059916707191,17.540895090926895,0.32548586590269935,-85.36763670467674,17.643422529150833,0.5611340362873486,124.73965472594925,17.267260750797906,0.2805103236939845,122.7303618603306,15.794792609458991,0.32548586590269935,5.862961198485446,16.859037477178152,0.32548586590269935,-67.46998257127149,17.61143917361324,0.32548586590269935,-78.72475934174469,17.84237995144741,0.32548586590269935,-84.25460718442478,11.136185416115312,0.32548586590269935,295.7209127436637,9.954385305439528,0.5362639706129531,-211.46630555923377,10.871501743824577,0.5611340362873486
2019-05-05 22:00:00,0.0,0.0,0.0,0.0,0.0,0.0,1.0,17.047501207950887,0.0,9.339023609180538,8.05,8.83061728816898,-274.779643812772,-290.6842311579991,-11.050223719976465,-251.70603993399212,0.0,12.077929402666665,0.0,185.3025422989116,-122.34016617461612,101.90183655326054,-1.1711482916994413,-127.3791170935286,0.183,0.0011838263325492432,0.026896284787967992,0.0,0.371864912146287,12.077929402666665,-24.101309561470103,0.32288953782269164,8.347873132575831,0.004678992229589257,-6.614259612176484,1.006188806238316,0.10692529059740111,-144.8248938159011,-145.85933734209794,0.0,-1477.464504819077,6.858558241430264,0.06867587875583193,0.0,-463.5264163951146,6.903221603715616,0.06867587875583193,0.0,-5026.320028018915,3.8544195799775856,0.0672846125515661,0.0,-331.33500929867205,8.117825632224285,0.06867587875583193,0.0,-36.84635055093117,7.473890969200993,0.06867587875583193,-1.2541051293209118,17.076716900486918,0.32548586590269935,-76.42536091317548,17.21110331620538,0.5611340362873486,93.36522939475422,16.905878176133676,0.2805103236939845,126.67758061670172,15.315243902329955,0.32548586590269935,6.869035481351049,16.330109239844763,0.32548586590269935,-65.7867557916709,17.19201066230168,0.32548586590269935,-83.44562365863985,17.44810186469506,0.32548586590269935,-57.18431282330248,9.567678670006215,0.32548586590269935,255.29672527162572,8.657800852523224,0.5362639706129531,-198.1124124483181,9.491341778775936,0.5611340362873486
2019-05-05 23:00:00,0.0,0.0,0.0,0.0,0.0,0.0,1.0,16.633727029064964,0.0,8.33763208520065,7.5,8.83061728816898,-284.26391831755717,-206.94476341470673,-9.79764770236384,-255.95286747359847,0.0,12.077929402666665,0.0,189.95145265285535,-77.58063331465043,89.79000099347334,-26.699011100323883,-129.8945198462425,0.183,0.001028199223626959,0.026896284787967992,0.0,0.36980394233962977,12.077929402666665,-30.5913325442615,0.3309293246017017,8.162842977508996,0.004674009314042354,-20.5910636621296,1.0070093476984205,0.08173411098656212,-72.19937398444932,-134.7453894302574,0.0,-1378.020669249104,6.384262909811425,0.06867587875583193,0.0,-421.13080246374165,6.332635180882895,0.06867587875583193,0.0,-4655.913119632584,3.514331599909155,0.0672846125515661,0.0,-315.3313186063584,7.6608740462256355,0.06867587875583193,0.0,-34.46831867630712,6.973418543081764,0.06867587875583193,17.032917034316355,16.630594146688146,0.32548586590269935,-65.33970455183395,16.78806381066132,0.5611340362873486,63.66678700006972,16.555229331718916,0.2805103236939845,127.3708764821376,14.894417261631759,0.32548586590269935,7.51599009159855,15.852729191181307,0.32548586590269935,-62.692335255649716,16.783296216651845,0.32548586590269935,-87.55453080063874,17.064501181177995,0.32548586590269935,-38.514491484521656,8.470906386093791,0.32548586590269935,226.81633966049108,7.754575953703432,0.5362639706129531,-188.30184817596552,8.526800354239942,0.5611340362873486
2019-05-06 00:00:00,0.0,0.0,0.0,0.0,0.0,0.0,1.0,16.23140323394097,0.0,7.545455757058363,6.95,8.83061728816898,-296.4889817845003,-189.16498612582348,-12.150902491079018,-260.3971878493639,0.0,12.077929402666665,0.0,193.87871883553453,-34.88812284031696,77.556400394616,-47.32397403796787,-132.69819565706976,0.183,0.0012519104233479172,0.026896284787967992,0.0,0.37276654976213347,12.077929402666665,-36.01882084672402,0.33876215148427835,7.979088248668325,0.004666250493767076,-12.885580660553662,1.007833626650028,0.10423628266326813,-66.41815993578153,-122.74682619004196,0.0,-1275.802498205084,5.937932548543014,0.06867587875583193,0.0,-382.5389411589434,5.82814513067902,0.06867587875583193,0.0,-4291.357213766202,3.279891233178678,0.0672846125515661,0.0,-297.6830387099246,7.213772786956983,0.06867587875583193,0.0,-32.0259406389812,6.4999450846902365,0.06867587875583193,32.351978175773425,16.203463941947714,0.32548586590269935,-54.05771220985334,16.376914831231925,0.5611340362873486,35.86297698891698,16.213995319390065,0.2805103236939845,128.11846915985342,14.48534570227361,0.32548586590269935,7.935136914285304,15.412215235925883,0.32548586590269935,-59.29920768383939,16.38640915606295,0.32548586590269935,-90.91164134513456,16.690040725508293,0.32548586590269935,-25.639735602216327,7.65342168553905,0.32548586590269935,200.6616273989319,7.084293466502434,0.5362639706129531,-175.02189179671163,7.789418576434493,0.5611340362873486
2019-05-06 01:00:00,0.0,0.0,0.0,0.0,0.0,0.0,1.0,15.840299927545052,0.0,6.87151927918762,6.4,8.83061728816898,-310.58806584599336,-177.73884486456288,-14.243053102672581,-265.0923741197252,0.0,12.077929402666665,0.0,197.21264576134647,5.73531161927586,66.1722160717842,-64.04530679867023,-135.04099137071267,0.183,0.0014444866268424335,0.026896284787967992,0.0,0.3753168364289704,12.077929402666665,-43.330568026262185,0.34710077982746124,7.806619862031527,0.004665978451853006,9.234354950598924,1.0085768416198024,0.1232284641663418,-60.98149110046572,-116.75735376409715,0.0,-1273.5711318858132,5.392794490679387,0.06867587875583193,0.0,-378.20287220474336,5.251561940221411,0.06867587875583193,0.0,-4291.349552553009,2.7524593259539087,0.0672846125515661,0.0,-298.1839299302456,6.689525625290959,0.06867587875583193,0.0,-31.936701493453402,5.95308502521594,0.06867587875583193,45.11185532577316,15.793093878761887,0.32548586590269935,-43.48362802705354,15.977927611454266,0.5611340362873486,9.634066170968557,15.881329704221816,0.2805103236939845,130.1024374984748,14.069847289367546,0.32548586590269935,8.238514443677419,14.995193301644376,0.32548586590269935,-55.93827873880861,16.00057232084145,0.32548586590269935,-93.66496667302924,16.323976866047193,0.32548586590269935,-18.99592710110413,6.9612425480002385,0.32548586590269935,187.4688078186744,6.467022221154528,0.5362639706129531,-168.47288071756446,7.140219643902611,0.5611340362873486
2019-05-06 02:00:00,0.0,0.0,0.0,0.0,0.0,0.0,1.0,15.459304468535457,0.0,6.239450757558363,5.85,8.83061728816898,-325.00291445629165,-166.70239003433707,-14.735678099404566,-270.32314673157566,0.0,12.077929402666665,0.0,200.14465013400044,44.50148138395333,56.06022179362655,-78.04488249048225,-137.15099990929312,0.183,0.0014657757431280458,0.026896284787967992,0.0,0.37559876819637844,12.077929402666665,-52.022019027978125,0.3560892901505568,7.648805628797069,0.004671407693280855,16.510261775284015,1.0099049707436996,0.12240382274062199,-50.05543173814816,-116.64695829618891,0.0,-1345.5881290196774,4.751728355281759,0.06867587875583193,0.0,-399.1192860364611,4.597474752289819,0.06867587875583193,0.0,-4572.463000351908,1.9663358306398968,0.0672846125515661,0.0,-313.19164687458675,6.102083050699778,0.06867587875583193,0.0,-33.686118000688666,5.340836532315456,0.06867587875583193,56.04576164399774,15.396891397969318,0.32548586590269935,-33.929054603490904,15.590743239079965,0.5611340362873486,-15.176607469545827,15.556525820300825,0.2805103236939845,133.10685705707473,13.64984500664205,0.32548586590269935,8.520489516048592,14.590441398307371,0.32548586590269935,-52.679904229864285,15.624967875464785,0.32548586590269935,-95.88754191421977,15.965661353496252,0.32548586590269935,-16.725562690070245,6.302017115345634,0.32548586590269935,185.87084313281812,5.826228987850775,0.5362639706129531,-169.1452804427424,6.502547382927604,0.5611340362873486
2019-05-06 03:00:00,0.0,0.0,0.0,0.0,0.0,0.0,1.0,15.095231658532628,0.0,5.636406959102869,5.6,8.83061728816898,-327.98916773647136,-124.9238213326942,-12.404334025836702,-267.23959076685486,0.0,12.077929402666665,0.0,201.17966525384685,80.6483542011677,46.252892215339834,-91.2834354327478,-135.1315585353689,0.183,0.0012463509997411647,0.026896284787967992,0.0,0.372692926315195,12.077929402666665,-60.42317234644646,0.36468748185783756,7.492100983881773,0.004676343506300787,8.010686108277927,1.0105948268834073,0.09136524152026873,-7.433124435808234,-117.49069689688596,0.0,-1386.2635448373546,4.368212721285465,0.06867587875583193,0.0,-410.7024141879966,4.204521471085577,0.06867587875583193,0.0,-4747.523089963633,1.393330132068743,0.0672846125515661,0.0,-323.7505927622459,5.781681440988662,0.06867587875583193,0.0,-34.89959473782713,5.001488460806971,0.06867587875583193,66.61799575036784,15.01911190850901,0.32548586590269935,-24.49602221645946,15.221384354249881,0.5611340362873486,-37.77060146128157,15.245721529024031,0.2805103236939845,132.6316760989765,13.297410441121837,0.32548586590269935,8.775639312447428,14.206331040865225,0.32548586590269935,-48.39243090404962,15.265164307754565,0.32548586590269935,-97.36625657999791,15.621701717319523,0.32548586590269935,-15.723362998905152,5.675150134156438,0.32548586590269935,186.50684712441446,5.203479778418574,0.5362639706129531,-170.78348412550392,5.88876581979075,0.5611340362873486
2019-05-06 04:00:00,0.0,0.0,0.0,0.0,0.0,0.0,1.0,14.758271568131391,0.0,5.18109789892567,5.0,8.83061728816898,-338.53229557990613,-126.62057031945876,-11.048897017252365,-275.318509803226,0.0,12.077929402666665,0.5073724796769773,199.15801691608382,112.04115272648588,36.1221339932825,-103.4384837177047,-139.0766040297599,0.183,0.0010757043056275823,0.026896284787967992,0.0,0.3704330521415406,12.077929402666665,-64.24281816209442,0.3727556932414926,7.346634279425321,0.004677294802637537,0.8830146815307525,1.011737168938105,0.06975352107656403,-15.019901996018687,-111.60066832344008,20.08340794694977,-1372.6915785254673,3.9030743443169915,0.06867587875583193,9.189273267450783,-405.0839181501012,3.7264678346386493,0.06867587875583193,7.634071316106615,-4642.138870870676,1.0472234031545626,0.0672846125515661,0.8773068409029768,-317.7116986116942,5.264867971700565,0.06867587875583193,0.4514486523971141,-34.16262780640787,4.484419746306189,0.06867587875583193,75.03159112510147,14.664797699913482,0.32548586590269935,-16.146999449169016,14.87238340921782,0.5611340362873486,-59.277815068899386,14.951685343771356,0.2805103236939845,135.06907449954312,12.921850135858714,0.32548586590269935,8.888366459150895,13.85655264369063,0.32548586590269935,-44.91553953204372,14.925278876726667,0.32548586590269935,-98.64867803368303,15.29531130995404,0.32548586590269935,-12.288305893487555,5.221958396899525,0.32548586590269935,175.48742245652272,4.797301804062981,0.5362639706129531,-163.1991165630307,5.450179028274633,0.5611340362873486
2019-05-06 05:00:00,0.0,0.0,0.0,0.0,0.0,0.0,1.0,14.421394100925731,0.0,4.634672202385877,4.4,8.83061728816898,-323.9242586685851,-126.17808239753903,-11.688877749201335,-283.3940494268194,0.0,12.077929402666665,64.40823837659289,203.2261397763485,146.88904740196313,30.4247124540745,-110.53745113304623,-146.0011973367953,0.183,0.0011092728893175884,0.026896284787967992,0.0,0.37087760089603755,12.077929402666665,-40.91926089523103,0.3813100711696932,7.206494441036924,0.004678791280569081,14.44993033001629,1.0135453941483972,0.0652145467748068,-16.48279177033465,-109.69529062720436,2612.2735932075793,-2056.207037343488,5.155913449452446,0.06867587875583193,1246.8379429478848,-729.7119155926134,5.907279083081651,0.06867587875583193,2791.5048145020846,-5318.449535588672,1.8657509145529163,0.0672846125515661,111.36943843361283,-340.1016890325839,5.0829885028269475,0.06867587875583193,41.798178269130084,-43.2159887673375,5.056686333124276,0.06867587875583193,83.2770282432813,14.327728329766627,0.32548586590269935,-8.474615519819297,14.541478593323292,0.5611340362873486,-78.07598273840449,14.669845540856462,0.2805103236939845,133.31128293358162,12.624026466105901,0.32548586590269935,9.072680143678076,13.515808804856643,0.32548586590269935,-40.78113475851981,14.601079200244937,0.32548586590269935,-98.32925830379988,14.978487825336154,0.32548586590269935,-12.40546953786843,4.698406029042356,0.32548586590269935,172.69752865834343,4.2754977515506365,0.5362639706129531,-160.29205912047183,4.920983085128892,0.5611340362873486
2019-05-06 06:00:00,0.0,0.0,0.0,0.0,0.0,0.0,1.0,14.221604808513488,0.0,4.799545416948095,6.3500000000000005,8.83061728816898,-200.690400937278,156.7704895231188,-7.671285655089124,-221.3463031870052,0.0,12.077929402666665,220.81415631906765,192.05285338123394,167.55246121830984,18.82151613880909,-119.31812699182338,-119.65599101866314,0.183,0.000879731711058847,0.026896284787967992,0.0,0.36783778706763803,12.077929402666665,16.249258502149626,0.3870244158483409,7.129013522504167,0.004688013284177205,34.668005627815,1.0142443510434158,0.08959948577603524,190.6858204592762,-33.915330936157346,8785.41847624254,-3736.1465656408313,11.029409905889265,0.06867587875583193,4654.969944551626,-1628.9929578395568,14.580636225556058,0.06867587875583193,15881.981785894708,-9028.79692102379,9.688754469499425,0.0672846125515661,381.81371214747764,-385.9939320317342,7.489800770094552,0.06867587875583193,92.92927964941822,-53.409365600273794,7.979196500331796,0.06867587875583193,94.48308569238712,14.124592376358004,0.32548586590269935,4.873538900591059,14.340791327645,0.5611340362873486,-84.55726960657472,14.506031764034647,0.2805103236939845,97.60331297466409,12.957471020430313,0.32548586590269935,8.477106541271988,13.40463978288912,0.32548586590269935,-27.04726595218975,14.399803329821095,0.32548586590269935,-93.83250855014919,14.782589157350083,0.32548586590269935,8.053052668546433,5.303819750168312,0.32548586590269935,45.89547562958772,5.285637879704705,0.5362639706129531,-53.948528298130256,5.481448674023471,0.5611340362873486
2019-05-06 07:00:00,0.0,0.0,0.0,0.0,0.0,0.0,1.0,14.290492409032167,0.0,7.667990194401094,10.0,8.83061728816898,-50.207104835020544,394.1161442010958,-2.357539839936454,-119.14699680580591,0.0,10.493938661333333,355.0180073746196,151.23141627172558,149.52776014933525,-6.797695733552468,-122.05324884902444,-70.89024638248864,0.159,0.00043730786062708165,0.026896284787967992,0.0,0.3619787680072747,10.493938661333333,60.8034931493885,0.38637478248921286,7.17333777418207,0.004701171045690937,31.796947566530328,1.0139932840582528,0.09456623557118221,229.1542503239072,164.96189387718854,13896.025195132668,-5700.637845628822,18.90295038144739,0.06867587875583193,7570.355801216367,-2787.733626699713,26.090323889402146,0.06867587875583193,37008.05196276607,-17064.36981783984,25.180496420247714,0.0672846125515661,613.8679944008602,-426.1754874333764,11.459034819318912,0.06867587875583193,85.78265835787504,-52.14799402253948,11.204184146200253,0.06867587875583193,95.658511415126,14.176277858450153,0.32548586590269935,23.096631460973608,14.361477085576013,0.5611340362873486,-74.23361414704668,14.54125963338181,0.2805103236939845,42.88669630989275,13.794966509975852,0.32548586590269935,6.786135067646215,13.648682122987388,0.32548586590269935,-8.380927543015423,14.419657605732663,0.32548586590269935,-85.81343256357505,14.79982283744409,0.32548586590269935,73.88238209931858,9.036187171024693,0.32548586590269935,-294.5403530064512,10.14005497050152,0.5362639706129531,220.65797090713738,9.204328971644383,0.5611340362873486
2019-05-06 08:00:00,0.0,0.0,0.0,0.0,0.0,0.0,1.0,14.493694738731225,0.0,12.451961039354744,12.8,8.83061728816898,38.74305384374443,344.1829627593164,-0.29684680593682855,-46.57773882391073,0.0,4.949971066666667,408.8376851384181,111.92524853212022,111.2442828400241,-29.677387321851402,-100.37706604698475,-33.861798254544844,0.07500000000000001,0.00011737107325009045,0.026896284787967992,0.0,0.35774184512546386,4.949971066666667,80.66766840692532,0.38173734959285277,7.2656874488670855,0.004708955001134995,12.792836874369916,1.0126886523493246,0.044212586180805896,22.174567532592718,322.00839522672374,17257.15904322297,-7050.476786263597,24.355605968571297,0.06867587875583193,7832.129975254708,-3007.53171022122,29.900275291656257,0.06867587875583193,53654.24255850374,-24393.02924804141,37.47300854496119,0.0672846125515661,706.9285630533716,-433.83612112760176,14.25440514185865,0.06867587875583193,118.74383990348343,-59.840028770301544,14.745283815657748,0.06867587875583193,78.64950692275542,14.393559319655562,0.32548586590269935,36.93444954445743,14.512400924412612,0.5611340362873486,-53.597216154994264,14.679378353371725,0.2805103236939845,5.920644163199889,14.496588735059197,0.32548586590269935,4.632338401147793,14.06639099467531,0.32548586590269935,3.6266818583985394,14.573866310128459,0.32548586590269935,-76.166404734966,14.931171717267985,0.32548586590269935,133.86113599828676,14.180324406918748,0.32548586590269935,-568.4140615504336,16.129240606149196,0.5362639706129531,434.552925552153,14.40431237891166,0.5611340362873486
2019-05-06 09:00:00,0.0,0.0,0.0,0.0,0.0,0.0,1.0,14.763275439144602,0.0,17.446348193035988,15.0,8.83061728816898,111.30235404189395,179.91818936096877,0.08721046381353809,6.370823575050906,0.0,2.96998264,448.9633051801568,80.71755977158315,66.55341046353222,-41.30053850710468,-61.96868570429997,-6.498258734376131,0.045,9.944709594148301e-05,0.026896284787967992,0.0,0.35750447789359746,2.96998264,101.87433736302951,0.37482741245888546,7.376606093285672,0.004707763892922442,-39.349020621071716,1.0111176852750277,0.08754856252375709,-224.9882356917173,404.9064250526861,19839.071311691583,-8029.70706568915,28.35617082269333,0.06867587875583193,7412.0231651813765,-2904.91587417038,31.090844129453703,0.06867587875583193,69777.09021090675,-31306.970361500233,47.613640168676255,0.0672846125515661,776.3104912582731,-433.52449045315484,16.42922590763866,0.06867587875583193,158.41567154387863,-69.72105951426859,17.97747024431573,0.06867587875583193,52.78814370995909,14.709956944876941,0.32548586590269935,43.7233955813653,14.754628602681908,0.5611340362873486,-25.30684463903999,14.881663799999208,0.2805103236939845,-21.26124301628262,15.1335719511626,0.32548586590269935,2.2187231597825967,14.58976680039877,0.32548586590269935,12.558080877899192,14.812000100832032,0.32548586590269935,-64.72025567368225,15.132331319696931,0.32548586590269935,177.70623031714712,19.056192991738108,0.32548586590269935,-720.6657753135055,21.458216566727923,0.5362639706129531,542.9595449963635,19.39811322268762,0.5611340362873486
2019-05-06 10:00:00,0.0,0.0,0.0,0.0,0.0,0.0,1.0,15.099152654827437,0.0,22.07798194622495,16.65,8.83061728816898,146.3954910623602,-265.7944831174992,0.4652347293480131,41.97425273638599,0.0,2.96998264,431.47196026972426,51.0832195618582,12.687335898909128,-42.356909055177034,-18.0260376975412,14.427165929460557,0.045,0.00026355140700636025,0.026896284787967992,0.0,0.35967771128840337,2.96998264,100.9860209566262,0.36467789487741936,7.490871514951767,0.004682971739287553,-73.88560435859699,1.0093721941998348,0.13834862923952404,-764.9262004470927,499.13171732959347,19987.189629467444,-8374.047913970644,30.293053903055398,0.06867587875583193,6130.804893955878,-2566.128772721163,30.087488439970475,0.06867587875583193,81215.60969377327,-37735.822820863905,55.6972673745159,0.0672846125515661,746.0658935294299,-431.05729409608216,17.770164002930088,0.06867587875583193,170.71758153673142,-75.53680887898781,19.94636179185492,0.06867587875583193,21.97712568364635,15.096962587051534,0.32548586590269935,41.344184644371246,15.07304007715524,0.5611340362873486,7.681562226547855,15.134816643476135,0.2805103236939845,-36.00564851267771,15.652823087368194,0.32548586590269935,-0.11669647134641346,15.161649233004082,0.32548586590269935,18.121167036798095,15.115654762629534,0.32548586590269935,-53.001694607340625,15.391576744655204,0.32548586590269935,232.83761373254046,23.73635802613042,0.32548586590269935,-897.0613013822775,26.663141337210142,0.5362639706129531,664.2236876497427,24.24280489653352,0.5611340362873486
2019-05-06 11:00:00,0.0,0.0,0.0,0.0,0.0,0.0,1.0,15.416603814777643,0.0,25.240829361578225,17.75,8.83061728816898,160.6817492761982,-648.3873708446938,0.6729535303409571,62.86926073246111,0.0,2.96998264,391.3129109536937,30.4607970547813,-37.45273117535852,-31.93204940825991,25.20520116491422,28.067139970397832,0.045,0.0003007628971933212,0.026896284787967992,0.0,0.3601705030537143,2.96998264,94.16955237339612,0.35500435296843746,7.5914889329276605,0.004658095773164174,-75.59484973653672,1.007072960617899,0.15310177567972175,-1149.8148386217956,501.42746777710175,18000.425225353818,-7748.893229292749,29.81506976649148,0.06867587875583193,4030.866045624969,-1881.690918845276,26.334604584907524,0.06867587875583193,87584.19407597929,-40958.80819351869,59.52092097857078,0.0672846125515661,676.626162167681,-418.0127505103403,18.485237634617693,0.06867587875583193,169.88741569898056,-77.11563400692646,20.981733764979246,0.06867587875583193,-7.333864150337831,15.47162791678585,0.32548586590269935,31.472300885008615,15.396832896078621,0.5611340362873486,40.55396697443393,15.380242851633103,0.2805103236939845,-42.00817327583777,16.040154436380906,0.32548586590269935,-1.7588549652005403,15.647046082016216,0.32548586590269935,20.970920679441406,15.416047260236573,0.32548586590269935,-41.89629614750644,15.645670510799535,0.32548586590269935,248.31834262778384,26.66974546457511,0.32548586590269935,-910.2763483237549,29.63331321629158,0.5362639706129531,661.9580056959767,27.269363944714954,0.5611340362873486
2019-05-06 12:00:00,0.0,0.0,0.0,0.0,0.0,0.0,1.0,15.763695254086336,0.0,27.658548858301213,19.15,8.83061728816898,208.77134331151555,-924.6138387687178,2.010147855082177,90.65527057401637,0.0,2.96998264,402.17299186890415,10.162431919273613,-87.42022536461937,-15.424007649505231,58.72661214617694,42.49646490007956,0.045,0.0005286296227380128,0.026896284787967992,0.0,0.3631881421047872,2.96998264,113.13594224241702,0.34465478178934045,7.700066952874824,0.0046293277417507805,-73.39788212738131,1.0046780775807538,0.16980756076405387,-1433.7123951587967,509.09855639007895,18032.670352995043,-7640.068837555622,31.205105562823302,0.06867587875583193,4394.466752258235,-1951.2817036044723,28.446230154231518,0.06867587875583193,80346.27293379222,-38810.21910878403,58.871144999092124,0.0672846125515661,695.4045225662188,-389.73926201332404,19.906814239458075,0.06867587875583193,189.8217161883018,-79.39337396950732,22.963276924096647,0.06867587875583193,-29.104425921376667,15.864914032104558,0.32548586590269935,18.17455508510284,15.763577773528327,0.5611340362873486,75.77478577100604,15.658596588605937,0.2805103236939845,-57.3917044478277,16.5931673462943,0.32548586590269935,-3.107161189183961,16.135610676386467,0.32548586590269935,25.80275623503949,15.749689802127694,0.32548586590269935,-30.14880553275519,15.933901927635628,0.32548586590269935,271.25263847302693,28.907580305464386,0.32548586590269935,-936.2719247531536,31.991301034116407,0.5362639706129531,665.0192862801331,29.64043511461708,0.5611340362873486
2019-05-06 13:00:00,0.0,0.0,0.0,0.0,0.0,0.0,1.0,16.15858897268784,0.0,28.33223251214256,20.0,8.83061728816898,258.75651314018825,-1111.4475077851841,2.8087138966885314,102.51657244883911,0.0,2.96998264,448.66344707484797,-11.402838672075365,-142.1037473133974,2.3003415160664678,86.84759408421334,46.45977524414657,0.045,0.0007346625439101296,0.026896284787967992,0.0,0.3659166360841052,2.96998264,150.4612441546606,0.33391128781198165,7.8331684952474445,0.004604987750165461,-77.04695602258259,1.002120585442395,0.1818568211978367,-1503.5082407960879,392.060733010904,18963.285918192312,-7836.633592232542,32.98294288550939,0.06867587875583193,5910.19647740359,-2461.0381132159923,33.175880993696246,0.06867587875583193,65094.210794312785,-30831.20503988647,52.160956775492544,0.0672846125515661,775.7920012383669,-365.79734892696484,21.149491431863513,0.06867587875583193,233.5479237166046,-87.08404537589581,25.24129706906812,0.06867587875583193,-49.11378547005873,16.29148221564251,0.32548586590269935,2.352321893358506,16.172559350575305,0.5611340362873486,111.61078829784007,15.974151544693798,0.2805103236939845,-69.87663400937609,17.142190188682722,0.32548586590269935,-4.671122621193609,16.683923501555956,0.32548586590269935,28.523421869170853,16.125074782658615,0.32548586590269935,-18.824989959739106,16.262202304379393,0.32548586590269935,186.85363231075505,29.346028962166212,0.32548586590269935,-707.1283690674104,31.55731677494795,0.5362639706129531,520.2747367566602,29.75096770074863,0.5611340362873486
2019-05-06 14:00:00,0.0,0.0,0.0,0.0,0.0,0.0,1.0,16.54604180533937,0.0,28.269683115544296,20.0,8.83061728816898,264.0727074867838,-1052.263160972844,1.792918830402846,92.13422645189199,0.0,2.96998264,445.7318772497664,-22.175323860603637,-195.77708754102125,23.489071485204807,117.87738081443868,39.759307344791345,0.045,0.0005204162185317321,0.026896284787967992,0.0,0.36307937199271456,2.96998264,167.17557956448897,0.3233950167632729,7.96042298700929,0.004574106172211926,-80.15813973044965,1.000179015065073,0.16936946209156928,-1389.2330904145065,336.96992944166254,18360.06851882244,-7619.608405065939,32.87722191321187,0.06867587875583193,6407.228587104564,-2652.808052466628,34.71047317071288,0.06867587875583193,57096.66298427253,-27174.17821687233,48.65870907909664,0.0672846125515661,770.7229713537222,-347.83004263367303,21.279418674450696,0.06867587875583193,227.28915095485908,-84.32097756722132,25.319642648616085,0.06867587875583193,-71.83034369423756,16.715723303547055,0.32548586590269935,-16.58214234553549,16.578688443853306,0.5611340362873486,145.9727514657039,16.284569694368624,0.2805103236939845,-66.78536573658063,17.46812131121091,0.32548586590269935,-5.948467022198808,17.191609596226193,0.32548586590269935,24.043630148538067,16.505265670651223,0.32548586590269935,-8.87006281569132,16.588812862963852,0.32548586590269935,120.8421234007099,29.486509936064046,0.32548586590269935,-582.6895617153397,31.095043028926835,0.5362639706129531,461.8474383146341,29.54971292320688,0.5611340362873486
2019-05-06 15:00:00,0.0,0.0,0.0,0.0,0.0,0.0,1.0,16.840393255475316,0.0,27.705675125955597,19.7,8.83061728816898,196.32103107508726,-1113.2373433744374,1.2958733655642325,76.32429253223589,0.0,2.96998264,281.16743945121266,-25.825615248828466,-243.02968969827288,41.07569820532057,140.98200478249916,36.5609308860257,0.045,0.00046539421980937003,0.026896284787967992,0.0,0.36235071566250315,2.96998264,115.73088253728714,0.31565704105133047,8.058807383072148,0.0045488859148048915,-65.28729961065976,0.9991788510955583,0.1674248726759001,-1330.568134652097,217.3307912776594,11487.814179778983,-5306.522486352523,28.214922976068458,0.06867587875583193,4235.823410600234,-2006.9514704731832,30.54741345100058,0.06867587875583193,33691.028052141526,-18512.352952154248,38.39640499041295,0.0672846125515661,486.17165484964204,-262.12001610910346,20.22457527556572,0.06867587875583193,146.8697736294589,-61.04050573223595,23.058880477596958,0.06867587875583193,-92.45959199093316,17.031257456938437,0.32548586590269935,-34.76939226103665,16.879583919080584,0.5611340362873486,171.7812817494579,16.506850129688964,0.2805103236939845,-48.52261504178673,17.483817373339186,0.32548586590269935,-6.121569817207044,17.47666711351679,0.32548586590269935,13.33562909540245,16.79290246789591,0.32548586590269935,-3.2437417338979078,16.831560023556534,0.32548586590269935,39.056022387336206,28.654962706347963,0.32548586590269935,-351.2843111297665,29.40990587162978,0.5362639706129531,312.2282887424368,28.414080089503614,0.5611340362873486
2019-05-06 16:00:00,0.0,0.0,0.0,0.0,0.0,0.0,1.0,16.949995400980455,0.0,25.098443005624315,18.6,8.83061728816898,114.26936964426426,-1138.7176102812264,1.0658565727176321,44.13964594498879,0.0,3.563979167999999,126.10884089690268,-18.113052793897033,-265.8043933348029,56.971614449889216,148.4257305556881,23.987060421244184,0.053999999999999986,0.0007607841433642515,0.026896284787967992,0.0,0.36626256442621313,3.563979167999999,65.49988795855784,0.3120147728451007,8.083075789063027,0.004527680419550129,-43.203266393539224,0.998814037323235,0.18038228600778095,-1168.4476789161276,29.73006863490122,5072.758624299938,-2648.6463411428317,22.036986319484264,0.06867587875583193,1677.2902209577935,-933.7014406277586,22.830091326661226,0.06867587875583193,14446.86623975184,-8800.068160674167,25.510478555105987,0.0672846125515661,218.05705521835793,-179.74298960258383,18.50453552002322,0.06867587875583193,82.42726999714901,-40.876869793137054,20.390973389574754,0.06867587875583193,-101.81358583115161,17.144608949745564,0.32548586590269935,-50.37360923508155,16.99951548185135,0.5611340362873486,182.07897885008862,16.58045068825616,0.2805103236939845,-23.16790077215169,17.227468191440245,0.32548586590269935,-5.252174336675893,17.474615013821126,0.32548586590269935,0.6976729404971896,16.907599922875125,0.32548586590269935,-2.169381615526557,16.918621902555433,0.32548586590269935,-57.478658493953695,25.511774593048553,0.32548586590269935,-8.429640892369571,25.128492263851914,0.5362639706129531,65.90829938632996,25.007797553390777,0.5611340362873486
2019-05-06 17:00:00,0.0,0.0,0.0,0.0,0.0,0.0,1.0,16.9504490113477,0.0,22.019480646403256,17.25,8.83061728816898,68.47698705772207,-902.1533949044685,0.2989438652847069,8.030594830185882,0.0,6.533961808,79.29614345994078,-3.2323913243098295,-268.9459230997276,73.13632821981972,142.38713929789446,5.113386195296751,0.099,0.0009722108145647603,0.026896284787967992,0.0,0.369062487837268,6.533961808,53.61348655425149,0.31141535919812235,8.074306018937952,0.004519054604087746,-6.31803482781216,0.9988176509514658,0.1854146547363657,-884.938971385783,-17.21442351868562,3188.9840560011103,-1918.1797481312726,19.25181127666078,0.06867587875583193,1077.9355244760714,-694.6632484346385,19.97584725757111,0.06867587875583193,8705.252655852737,-6263.248570107472,20.842250219714074,0.0672846125515661,137.1123817336729,-163.52477729339742,17.092912299002528,0.06867587875583193,52.407545061946465,-32.37814942377307,18.324531148371626,0.06867587875583193,-99.47981427621939,17.137600844458134,0.32548586590269935,-63.498427921022206,17.021512282593502,0.5611340362873486,183.0545565680056,16.57706844963018,0.2805103236939845,-3.265428139725797,16.952140735707193,0.32548586590269935,-3.9004942730915824,17.327708947499776,0.32548586590269935,-10.215264506448632,16.925635530794697,0.32548586590269935,-2.695127451502079,16.919374652369854,0.32548586590269935,-76.33863817852398,22.53816185553417,0.32548586590269935,74.02423004667253,21.884408946624646,0.5362639706129531,2.3144081318572716,21.994051531758455,0.5611340362873486
2019-05-06 18:00:00,0.0,0.0,0.0,0.0,0.0,0.0,1.0,16.88026718030226,0.0,19.697500519505184,16.15,8.83061728816898,32.43569111479497,-579.7811363271834,-0.24199564285569186,-19.71718434434274,0.0,10.691937504,43.64654268103028,10.713529646803572,-263.22763314143674,82.18886226744308,126.76883554483622,-9.151064844511719,0.162,0.0005913795756257011,0.026896284787967992,0.0,0.3640191397321689,10.691937504,41.70293359799339,0.3130322816506794,8.048051612776463,0.004522348174355475,23.472497486688216,0.9990573777572329,0.14872694945645043,-527.3806413104514,-52.400495016731945,1753.0822005493012,-1394.9021573625678,17.0700922080258,0.06867587875583193,660.5838798773613,-527.7667502157649,17.774574385713365,0.06867587875583193,3639.1641476757136,-4173.782132582634,16.76704930487594,0.0672846125515661,75.47001859503722,-152.7926357833201,15.943371715523567,0.06867587875583193,30.61668419753502,-26.400942365566404,16.691231542087102,0.06867587875583193,-90.94913107975353,17.044545263341274,0.32548586590269935,-71.17819907936318,16.961939416975504,0.5611340362873486,177.35328896504362,16.51364478771531,0.2805103236939845,11.897918268246409,16.669436236707,0.32548586590269935,-2.5041454048113603,17.10410611271686,0.32548586590269935,-19.509070385805778,16.868911646294595,0.32548586590269935,-5.110661283554631,16.856783426233076,0.32548586590269935,-77.85556288176267,20.08181072351797,0.32548586590269935,127.86593072674307,19.315999554980518,0.5362639706129531,-50.01036784497434,19.604583994523054,0.5611340362873486
2019-05-06 19:00:00,0.0,0.0,0.0,0.0,0.0,0.0,1.0,16.741821728033543,0.0,17.903503053547656,15.3,8.83061728816898,-5.041408837099937,-373.8330842504681,-0.3567817143316558,-39.029412783110075,0.0,10.691937504,1.2929650431689683,24.851616548395455,-249.41872893175398,85.2342584425618,107.0365327702679,-18.43202596880785,0.162,0.0002423020556490373,0.026896284787967992,0.0,0.35939630612794154,10.691937504,23.652848156341793,0.31673974398164634,8.005747423179182,0.004533287061307478,28.22205475758568,1.0001072943857405,0.10994892669319387,-288.844099460455,-84.98898479001309,51.951379968,-767.3702220293274,14.833930012531313,0.06867587875583193,16.109387136,-279.1763496736985,15.148244354620383,0.06867587875583193,8.948024654642484,-2625.31222731006,13.608161330337238,0.0672846125515661,2.2356890112422474,-137.5448129671992,14.952925763246737,0.06867587875583193,0.8918691839999998,-17.914861963977916,14.993676523580584,0.06867587875583193,-79.22929714770392,16.878557127557823,0.32548586590269935,-73.82098938280106,16.82777225913896,0.5611340362873486,166.4510944024404,16.393808042037225,0.2805103236939845,23.858610478557754,16.364554374413274,0.32548586590269935,-1.1074486734295532,16.814455163133122,0.32548586590269935,-27.203572068669747,16.743727949973277,0.32548586590269935,-8.948397608394952,16.73501214674408,0.32548586590269935,-73.67834593760081,18.03186372351021,0.32548586590269935,174.2118511246002,17.20663760510353,0.5362639706129531,-100.53350518699627,17.665793650822632,0.5611340362873486
2019-05-06 20:00:00,0.0,0.0,0.0,0.0,0.0,0.0,1.0,16.577256389273458,0.0,16.457245392784714,15.0,8.83061728816898,-13.36671184153766,-208.58570071187276,-0.30777118673305665,-42.75830864048243,0.0,10.691937504,0.0,35.36332776012872,-231.02585289714568,82.95719249656842,84.79919101586378,-20.58935361923144,0.162,0.00019194453898976286,0.026896284787967992,0.0,0.35872942153378745,10.691937504,19.007430481677826,0.3208527827783998,7.949906398471557,0.004541621015101592,21.236870745565266,1.0012898260079257,0.08448450594430854,-128.67694861390595,-79.90875209796678,0.0,-701.5016224984531,14.38464347577858,0.06867587875583193,0.0,-244.2593236165071,14.58959465382723,0.06867587875583193,0.0,-2455.757030133628,13.045170400613932,0.0672846125515661,0.0,-137.61318812409655,14.661400940166738,0.06867587875583193,0.0,-17.077144756113537,14.608794240980597,0.06867587875583193,-64.62844641376317,16.683992329420445,0.32548586590269935,-71.4826049711674,16.662824090957162,0.5611340362873486,153.88149405940325,16.25514656731098,0.2805103236939845,25.717493192969748,16.17728050318508,0.32548586590269935,-0.048803450677644376,16.538978138955986,0.32548586590269935,-30.713613253189155,16.589202338564835,0.32548586590269935,-12.725519163575306,16.591191661049876,0.32548586590269935,-55.69607779899122,16.5375225229064,0.32548586590269935,155.23385532104402,15.866405839575576,0.5362639706129531,-99.53777752204914,16.29925065042307,0.5611340362873486
2019-05-06 21:00:00,0.0,0.0,0.0,0.0,0.0,0.0,1.0,16.400380198383274,0.0,15.478258382000153,13.9,8.83061728816898,-41.67801052128794,-295.7254054577176,-2.2621817613747472,-68.13111378628265,0.0,12.077929402666665,0.0,43.60540593738355,-212.6358289379687,78.02912289096597,66.02245696981308,-34.15941316243834,0.183,0.0006649914111333065,0.026896284787967992,0.0,0.36499398127130944,12.077929402666665,16.637355623702792,0.32544792640785014,7.8909511041050235,0.004552478194049598,57.89853838268971,1.0024750233854598,0.11516571623912643,-228.16074695501962,-67.56465850269797,0.0,-729.0756758561577,13.472001233892465,0.06867587875583193,0.0,-240.05164157589232,13.580109395191748,0.06867587875583193,0.0,-2456.98254587546,12.260867817555622,0.0672846125515661,0.0,-140.56329519201444,13.727003240060334,0.06867587875583193,0.0,-16.966620694688086,13.619252373478028,0.06867587875583193,-53.86359026337953,16.476460126140125,0.32548586590269935,-68.66990519744468,16.47522854607314,0.5611340362873486,138.4410835986068,16.099906793370973,0.2805103236939845,36.2330226984806,15.847193465547235,0.32548586590269935,0.592909272789304,16.286478275355158,0.32548586590269935,-35.3589998407099,16.414964035198782,0.32548586590269935,-17.374520268342714,16.429582606502958,0.32548586590269935,-40.00522117661091,15.557759323031972,0.32548586590269935,126.78354417451179,15.045998820343929,0.5362639706129531,-86.77832299789551,15.41280047169055,0.5611340362873486
2019-05-06 22:00:00,0.0,0.0,0.0,0.0,0.0,0.0,1.0,16.151240119378116,0.0,14.06900437584621,12.25,8.83061728816898,-82.56519076321652,-382.4895228407341,-4.948405526638515,-106.61291194060537,0.0,12.077929402666665,0.0,63.12599562521028,-183.46471195310082,78.54379180274385,54.99647808327321,-55.82312107354228,0.183,0.0012424519781179641,0.026896284787967992,0.0,0.3726412915717588,12.077929402666665,16.918197301360713,0.3330065482464925,7.819110699131773,0.004584833473962606,118.31646054517029,1.0033586315672764,0.1644949195096552,-304.64100181268356,-77.84852102805053,0.0,-675.5833854035499,11.904230319732545,0.06867587875583193,0.0,-222.17818727634312,12.00410386827712,0.06867587875583193,0.0,-2223.201211731188,10.768353849924607,0.0672846125515661,0.0,-140.83197546661097,12.297923160572878,0.06867587875583193,0.0,-16.337167566365235,12.113316577885886,0.06867587875583193,-44.94877866584405,16.22034457072017,0.32548586590269935,-67.10064835388742,16.237079942518047,0.5611340362873486,120.69375279046592,15.895984553108654,0.2805103236939845,53.17131185162772,15.37366183709403,0.32548586590269935,1.5405261783567425,15.94736241414602,0.32548586590269935,-41.306653418854694,16.190302766637764,0.32548586590269935,-22.049510381866032,16.215367161438266,0.32548586590269935,-41.45297904826836,14.199411301892068,0.32548586590269935,143.15343469575456,13.641903569793321,0.5362639706129531,-101.70045564748095,14.068935857183698,0.5611340362873486
2019-05-06 23:00:00,0.0,0.0,0.0,0.0,0.0,0.0,1.0,15.885171018557546,0.0,12.766613184469973,11.15,8.83061728816898,-111.15465031788055,-360.87872114362705,-7.07879261844449,-129.79276318307367,0.0,12.077929402666665,0.0,77.55844025552325,-152.98289065478804,76.39167375006878,39.60903130828907,-68.42444293640892,0.183,0.0014489840623159978,0.026896284787967992,0.0,0.37537639596703926,12.077929402666665,13.638976080970968,0.34203477526410697,7.7507517709919584,0.00463294066592066,132.76219251794228,1.0036323789473702,0.1695870452330714,-281.7903510357167,-79.0883701079103,0.0,-653.5151416543504,10.83174928678028,0.06867587875583193,0.0,-211.43635869181108,10.901697468485628,0.06867587875583193,0.0,-2126.691874432866,9.712246761756942,0.0672846125515661,0.0,-143.7388578916238,11.326628111520682,0.06867587875583193,0.0,-16.11600180027871,11.072171775023117,0.06867587875583193,-33.26900578600653,15.939545008160811,0.32548586590269935,-63.56729641008266,15.977248376348742,0.5611340362873486,101.85741469331684,15.676037147729108,0.2805103236939845,63.37472653370237,14.9746116299061,0.32548586590269935,2.4408539252676387,15.594641405807947,0.32548586590269935,-44.00919741396235,15.94168701195822,0.32548586590269935,-26.82749554223434,15.98362060666087,0.32548586590269935,-36.84256599437303,12.937647212655529,0.32548586590269935,142.10890327004296,12.410618722837585,0.5362639706129531,-105.2663372756649,12.848105161689244,0.5611340362873486
2019-05-07 00:00:00,0.0,0.0,0.0,0.0,0.0,0.0,1.0,15.598069998885643,0.0,11.599296474313872,10.0,8.83061728816898,-145.71022912660362,-309.9745582881521,-6.63277253106447,-153.9534149380999,0.0,12.077929402666665,0.0,90.92660184628745,-120.8391382666212,73.7391635600634,24.323945262727957,-80.01400925442265,0.183,0.0011975607212626937,0.026896284787967992,0.0,0.3720467966563016,12.077929402666665,2.7980289398941167,0.3515797528858408,7.670964052840306,0.004678535868229901,130.84709222454595,1.004021132221957,0.14353319729559152,-224.44193167875036,-85.5326266094017,0.0,-899.8133344923111,9.462002786362751,0.06867587875583193,0.0,-283.9178445436853,9.501528983051672,0.06867587875583193,0.0,-3028.3621015536783,7.914610406144863,0.0672846125515661,0.0,-194.52937218453363,10.102999302037146,0.06867587875583193,0.0,-21.944684066773103,9.769480454912246,0.06867587875583193,-22.187496237500575,15.636017200080632,0.32548586590269935,-60.11386896605764,15.693560973604084,0.5611340362873486,80.9960700704778,15.435926439895995,0.2805103236939845,76.71311788848922,14.505956305195467,0.32548586590269935,3.287634744515024,15.22308946977623,0.32548586590269935,-46.68895465835085,15.669082038362465,0.32548586590269935,-32.00650284157236,15.72985221384921,0.32548586590269935,-34.26216599600478,11.750253843601643,0.32548586590269935,150.16706743202437,11.223150192440094,0.5362639706129531,-115.90490143601528,11.70018722961885,0.5611340362873486
2019-05-07 01:00:00,0.0,0.0,0.0,0.0,0.0,0.0,1.0,15.285783353811874,0.0,10.436318617820785,8.85,8.83061728816898,-180.08109548081924,-286.35169000186085,-5.470729905013639,-177.56145854840906,0.0,12.077929402666665,0.0,104.77286824334045,-85.92963292663815,71.283437644781,9.094091403543574,-91.07593418171417,0.183,0.0008246119176417416,0.026896284787967992,0.0,0.36710783564228217,12.077929402666665,-9.126836430063204,0.36220484232791195,7.583458417270903,0.004727540228452817,138.5302082566633,1.0044565010604112,0.1092663669687514,-178.88566192266077,-107.46602807920006,0.0,-1156.2251983188944,8.005029520803433,0.06867587875583193,0.0,-361.8698031880159,8.032414032917874,0.06867587875583193,0.0,-3939.7774862267324,5.830976267250373,0.0672846125515661,0.0,-250.33515257397755,8.845793789625898,0.06867587875583193,0.0,-28.366089633393532,8.425664113923958,0.06867587875583193,-10.785934931428649,15.308876708712505,0.32548586590269935,-56.435412101038914,15.386744081848896,0.5611340362873486,58.900159393106755,15.175548972660716,0.2805103236939845,90.1699334592858,14.011289872640583,0.32548586590269935,4.222619736386592,14.818353585699855,0.32548586590269935,-48.848635634125216,15.372868086360103,0.32548586590269935,-37.222729922187135,15.453718168959613,0.32548586590269935,-38.176249176129964,10.47322252024069,0.32548586590269935,185.60193371605686,9.846085449621626,0.5362639706129531,-147.4256845399229,10.451886408677987,0.5611340362873486
2019-05-07 02:00:00,0.0,0.0,0.0,0.0,0.0,0.0,1.0,14.967988488338209,0.0,9.253417626549657,8.3,8.83061728816898,-194.74413039319305,-207.80507304110435,-5.524354159405599,-184.18686494031368,0.0,12.077929402666665,0.0,115.56538738465977,-50.57255435683509,66.8918343412719,-8.394558358256289,-94.40937115468392,0.183,0.0008060373410280089,0.026896284787967992,0.0,0.3668618525238046,12.077929402666665,-17.110840696140393,0.3732951325359207,7.49404477248793,0.00477686618254591,136.2984931608544,1.0049517307894464,0.0953890121729839,-96.09447225573304,-111.71060078537134,0.0,-1181.7403662478396,7.289059801518525,0.06867587875583193,0.0,-366.4402795924377,7.289044322610976,0.06867587875583193,0.0,-4060.880782043527,4.876833805793264,0.0672846125515661,0.0,-263.4402101646454,8.26925659213572,0.06867587875583193,0.0,-29.52197123826007,7.7853537533057455,0.06867587875583193,2.9991667390260166,14.974779705746732,0.32548586590269935,-50.51381876898849,15.074626254687663,0.5611340362873486,37.94871957540951,14.91215622087697,0.2805103236939845,94.11609378517491,13.64956258794791,0.32548586590269935,5.068156991630781,14.421631691372616,0.32548586590269935,-47.87892609626033,15.069792789674468,0.32548586590269935,-41.73939222599553,15.173380361708547,0.32548586590269935,-35.39154762495831,9.28826592044167,0.32548586590269935,190.2250948921366,8.667872760930935,0.5362639706129531,-154.8335472671731,9.303678489871695,0.5611340362873486
2019-05-07 03:00:00,0.0,0.0,0.0,0.0,0.0,0.0,1.0,14.672614405008902,0.0,8.449702305814903,7.75,8.83061728816898,-208.23389502201283,-154.04887488160043,-5.2153708104173955,-191.50653855760353,0.0,12.077929402666665,0.0,119.61370014013606,-19.942764059349017,58.81498312190146,-26.850245135134383,-97.9255344041858,0.183,0.0007326748246498047,0.026896284787967992,0.0,0.36589031271789985,12.077929402666665,-23.589915056658572,0.38404323144091845,7.412482631856966,0.004825009064655205,132.4441973521738,1.0053305779157784,0.07380960262978711,-50.87186032838469,-103.17701455321574,0.0,-1193.3526525505347,6.782486348349975,0.06867587875583193,0.0,-363.40659530438785,6.727233860053265,0.06867587875583193,0.0,-4069.498226388061,4.373389164301086,0.0672846125515661,0.0,-265.04284772389053,7.762520306506141,0.06867587875583193,0.0,-29.42485598715076,7.23987577357093,0.06867587875583193,15.641180811769422,14.654244616935667,0.32548586590269935,-43.47138711546807,14.771425189734357,0.5611340362873486,17.32833678085529,14.659440863306552,0.2805103236939845,97.11357516845591,13.311998421086974,0.32548586590269935,5.563033572702426,14.074366397364832,0.32548586590269935,-46.01925945533451,14.776118759814228,0.32548586590269935,-46.155479762983184,14.903740913111694,0.32548586590269935,-26.75856644939331,8.490072774925869,0.32548586590269935,171.9537786282034,7.967584459001375,0.5362639706129531,-145.19521217880646,8.557117179906319,0.5611340362873486
2019-05-07 04:00:00,0.0,0.0,0.0,0.0,0.0,0.0,1.0,14.36058218207353,0.0,7.68358587174104,6.65,8.83061728816898,-227.47168308294704,-176.79102321977768,-6.146571062411096,-214.27835948186242,0.0,12.077929402666665,0.0,128.40689901340204,13.155998789859227,53.328312774067165,-39.74196098596236,-111.59865769342335,0.183,0.0007678444719065603,0.026896284787967992,0.0,0.36635606435724405,12.077929402666665,-19.124681941340206,0.395867657450385,7.33205193959869,0.004871756719955088,129.5847614924822,1.0069775200421633,0.06628260346118305,-73.50175379254752,-103.28926942723017,0.0,-888.6868789461212,6.062224235332126,0.06867587875583193,0.0,-267.24817009464624,5.99244233825064,0.06867587875583193,0.0,-2890.344320865168,4.232081374248575,0.0672846125515661,0.0,-212.16497603023873,7.0249773668876365,0.06867587875583193,0.0,-22.4662391564746,6.472434893262279,0.06867587875583193,25.96250596233731,14.33040743965071,0.32548586590269935,-37.267202284892605,14.461070955302969,0.5611340362873486,-2.833142873207301,14.397463839558233,0.2805103236939845,103.28146236712196,12.920000960014113,0.32548586590269935,6.082259434791857,13.71531274886481,0.32548586590269935,-45.20193571943746,14.475727496652674,0.32548586590269935,-50.023946886714114,14.623090351789061,0.32548586590269935,-23.308558319830716,7.709175224352108,0.32548586590269935,169.94639483394968,7.214486643634347,0.5362639706129531,-146.63783651411455,7.808026946746891,0.5611340362873486
2019-05-07 05:00:00,0.0,0.0,0.0,0.0,0.0,0.0,1.0,14.072555749939234,0.0,7.086405667944104,7.2,8.83061728816898,-198.2187401066646,-62.74225841700154,-5.073638372990147,-190.79392308879366,0.0,12.077929402666665,11.313435777488055,131.5732408276187,43.89115512328443,44.939424807247605,-55.120332462382,-101.68665738849896,0.183,0.0006963897478225229,0.026896284787967992,0.0,0.36540978944473024,12.077929402666665,-14.429108047547462,0.4073951014690642,7.261871782145618,0.004918322540916344,134.83354288045658,1.008583756110771,0.07462457956199606,17.73332406189259,-80.47558247889414,454.57417035660274,-651.3525620123579,7.012063307168245,0.06867587875583193,141.0375508468479,-190.33139338693036,6.9156627293388775,0.06867587875583193,1317.547474497273,-2072.172527595749,5.996746723698687,0.0672846125515661,19.56226440981942,-156.65126917749515,7.7318345049574075,0.06867587875583193,7.803904680480716,-16.599833714279317,7.326789748074384,0.06867587875583193,39.86274012345542,14.030188369601833,0.32548586590269935,-27.24518556847773,14.175851235296344,0.5611340362873486,-18.292313015667364,14.15927324472144,0.2805103236939845,89.9023402478556,12.84145632186427,0.32548586590269935,6.421858922944543,13.408545227771567,0.32548586590269935,-38.59190386409088,14.196868620443105,0.32548586590269935,-52.05753684601668,14.366282894350439,0.32548586590269935,-8.955178588865692,7.1848683953679915,0.32548586590269935,126.60383420552002,6.884255500975621,0.5362639706129531,-117.64865561664858,7.345214716466781,0.5611340362873486
2019-05-07 06:00:00,0.0,0.0,0.0,0.0,0.0,0.0,1.0,13.9091078481245,0.0,7.537529785273241,9.15,8.83061728816898,-135.37101703508978,119.36109828527597,-2.3459444067115762,-131.22797305615282,0.0,12.077929402666665,45.89825143331836,113.99854825467834,56.24320512061639,26.465846994967798,-73.70889397560146,-70.38331967880778,0.183,0.0004584919323266862,0.026896284787967992,0.0,0.36225930866922806,12.077929402666665,-13.875028974892063,0.4160813731159588,7.248476308522457,0.004967731580997435,137.92104522948503,1.0097129573740335,0.08221713809065928,138.4244416825141,-19.063343397238125,1839.7402493055008,-1132.1746725029557,9.799462231546668,0.06867587875583193,654.933976340106,-348.6292469538736,9.77717987350323,0.06867587875583193,4897.4916351906995,-3536.4020672619104,9.539402302400822,0.0672846125515661,79.36348852340447,-172.0967554299821,9.532251388534037,0.06867587875583193,28.8846986758464,-22.36075427945598,9.577574469643354,0.06867587875583193,52.17340673948256,13.833366921629612,0.32548586590269935,-13.247677066496545,13.982765292827334,0.5611340362873486,-27.452392807094416,14.009132288467974,0.2805103236939845,62.43076132124937,13.066846871707861,0.32548586590269935,5.7554251530334835,13.31486352565757,0.32548586590269935,-27.091319335626153,14.008458888748113,0.32548586590269935,-52.56820400454559,14.201869100389205,0.32548586590269935,22.119929326086517,7.770849120240704,0.32548586590269935,14.700114012377162,7.926253517411751,0.5362639706129531,-36.82004333846053,8.025460636021123,0.5611340362873486
2019-05-07 07:00:00,0.0,0.0,0.0,0.0,0.0,0.0,1.0,13.831443056293818,0.0,8.854434043068448,10.55,8.83061728816898,-77.95397116996607,195.69974651920657,-1.1407055132888864,-90.09677129968159,0.0,10.493938661333333,102.44107179642955,96.11761661861094,58.14460368152451,9.5084307271532,-78.09742918505012,-50.10568806874341,0.159,0.0003416425608879232,0.026896284787967992,0.0,0.3607118724408623,10.493938661333333,2.789566981671072,0.4223840933723232,7.2702427492930415,0.005014915989459625,122.69165292848761,1.0105828624496311,0.08825957533838337,155.47700337201107,40.22274314719549,4103.430347244885,-1858.4677588871434,12.908702461246115,0.06867587875583193,1398.751937229069,-580.5676606269392,12.943630284004165,0.06867587875583193,11594.112873846396,-5791.275081472061,14.533964959029792,0.0672846125515661,177.13269181185888,-184.5058492940229,11.060184498907937,0.06867587875583193,64.81979393582453,-30.66556847913601,11.870082674994217,0.06867587875583193,55.114999901190764,13.742186740572002,0.32548586590269935,-0.8950893829176494,13.875812189667037,0.5611340362873486,-29.936844230806553,13.929765282315484,0.2805103236939845,39.885576519588355,13.305112884264524,0.32548586590269935,4.507334218455203,13.370256362982843,0.32548586590269935,-17.618301420920883,13.906883641515087,0.32548586590269935,-51.057675604587466,14.111057744278128,0.32548586590269935,47.48555762298089,9.191847208612025,0.32548586590269935,-90.40671257703713,9.732286026963514,0.5362639706129531,42.9211549540607,9.492425228598258,0.5611340362873486
2019-05-07 08:00:00,0.0,0.0,0.0,0.0,0.0,0.0,1.0,13.843186903716868,0.0,10.879855983668602,11.95,8.83061728816898,5.278683445594807,240.8953027966135,-0.6475303992159821,-51.788894339958304,0.0,4.949971066666667,230.44514506586933,80.1970283301288,52.45883025370043,-3.1607203245224644,-69.0049395583143,-34.22811802933722,0.07500000000000001,0.0003271044653613801,0.026896284787967992,0.0,0.36051934444150546,4.949971066666667,52.76513711810242,0.4253890076120382,7.317930621508662,0.005054789611769881,105.71970293140222,1.0105173445954567,0.09681395295416222,109.29846108394001,131.5968417126735,9358.776983536894,-3487.9483870804365,17.98616765621909,0.06867587875583193,3245.72313736563,-1129.2373211055622,18.315662632531886,0.06867587875583193,27499.901845882785,-11037.658449543787,23.702632928383927,0.0672846125515661,398.46682726638994,-225.81972548689782,12.990560572513933,0.06867587875583193,133.29288603055926,-47.50223940167193,15.061835586685687,0.06867587875583193,51.6799031394646,13.766566193809261,0.32548586590269935,9.948978661901736,13.871794090515568,0.5611340362873486,-23.619252337879274,13.934155704240533,0.2805103236939845,13.264927049205653,13.701120939147538,0.32548586590269935,2.843662396044863,13.572699503987435,0.32548586590269935,-7.709166236337721,13.904604038106909,0.32548586590269935,-46.40905267240041,14.105609126966781,0.32548586590269935,86.53429227994366,11.464161921044814,0.32548586590269935,-252.3726939770182,12.569643376972062,0.5362639706129531,165.83840169707813,11.831851543401,0.5611340362873486
2019-05-07 09:00:00,0.0,0.0,0.0,0.0,0.0,0.0,1.0,14.001734448148982,0.0,14.23377381061577,13.6,8.83061728816898,92.11736081790973,220.4838696293174,-0.15164754512075757,-10.966801449734975,0.0,2.96998264,359.746320904218,58.960101209283174,28.441752726408826,-12.773917241225778,-47.430820326459575,-15.695787220853385,0.045,0.000241866970954877,0.026896284787967992,0.0,0.3593905443013278,2.96998264,100.26582717276547,0.4240091906327292,7.425045986597838,0.005090822743936485,91.92695187556953,1.0099376023185518,0.09217404429379032,-61.856640321704774,282.34050995102217,15060.351839890234,-5822.927974126698,23.978374756106493,0.06867587875583193,5167.459148405592,-1918.7909955234447,24.75927761294317,0.06867587875583193,48241.59266409546,-20539.744070042998,36.610341401025934,0.0672846125515661,622.0438060020172,-310.63930933328135,15.021331839815323,0.06867587875583193,182.12977289445664,-66.03454062326897,17.888582963386934,0.06867587875583193,38.98611493818189,13.95234608452124,0.32548586590269935,17.244226683660358,14.013522296488919,0.5611340362873486,-6.399049015684189,14.057389505044238,0.2805103236939845,-12.952123671661592,14.229004467036464,0.32548586590269935,0.7331275976819086,13.963821154095898,0.32548586590269935,1.3970721629256635,14.042924721501794,0.32548586590269935,-39.00936869510581,14.226253440280242,0.32548586590269935,150.15036112646925,15.295574444453,0.32548586590269935,-519.067451106462,17.264483167463634,0.5362639706129531,368.917089979999,15.760230056953286,0.5611340362873486
2019-05-07 10:00:00,0.0,0.0,0.0,0.0,0.0,0.0,1.0,14.249894833554238,0.0,18.313172346243324,15.8,8.83061728816898,159.19662891296377,111.90945149498141,0.5385705763957306,41.66311552081014,0.0,2.96998264,400.9195726582223,35.69049014680081,-9.541947057361408,-19.424254410423757,-16.294016636529925,13.146120484120445,0.045,0.0002640830310190596,0.026896284787967992,0.0,0.35968475158521446,2.96998264,114.02496017575793,0.4195487434610729,7.562192079330072,0.005119167583552639,62.50338730192969,1.0090484471903132,0.10865149299332526,-280.11464366205723,392.0240951570387,17717.46772681146,-7058.704369047683,27.83609221173942,0.06867587875583193,5406.663336240717,-2124.49880648958,27.413497969892408,0.06867587875583193,66608.0231041667,-29224.406742040683,47.43065431231467,0.0672846125515661,693.2372129621376,-353.44257720995694,16.98741071100319,0.06867587875583193,187.2405015600905,-72.29131248997379,19.88088792822001,0.06867587875583193,18.848299430154352,14.240688518910783,0.32548586590269935,21.40698295809076,14.245999884266265,0.5611340362873486,19.212580017045546,14.250073316978575,0.2805103236939845,-37.29390330271128,14.811815151261555,0.32548586590269935,-1.1064003942350118,14.4082994018212,0.32548586590269935,9.251359331886487,14.268501997157921,0.32548586590269935,-30.318918040230923,14.425775388827248,0.32548586590269935,200.51916103279353,19.56314609358391,0.32548586590269935,-715.6928778524485,22.107285779274697,0.5362639706129531,515.1737168196604,20.11712539512761,0.5611340362873486
2019-05-07 11:00:00,0.0,0.0,0.0,0.0,0.0,0.0,1.0,14.571531904309932,0.0,22.667464788654865,17.5,8.83061728816898,193.24645715575053,-230.18953223790257,1.220967466080776,78.62984252708983,0.0,2.96998264,392.1413886472102,8.175867945311177,-59.00771949724156,-22.225939270445426,18.140098009712187,35.7613775081345,0.045,0.00041258143438522346,0.026896284787967992,0.0,0.3616513159440454,2.96998264,110.42566452257991,0.4120929492575078,7.716056513198173,0.005134023607593224,14.979950546425243,1.0079114750875395,0.13969600438930152,-730.7300554077733,500.54052316987065,17737.67373787176,-7446.369187843044,29.533499562289066,0.06867587875583193,4097.381080646028,-1806.1884640745595,26.16318642423139,0.06867587875583193,83729.89042537483,-38233.93096730713,57.536060741511385,0.0672846125515661,678.0586977843552,-378.3123506249554,18.321560446857443,0.06867587875583193,180.6425388371588,-75.66921679903318,21.197774717958605,0.06867587875583193,-6.482164869531456,14.599238950563182,0.32548586590269935,20.06554799231247,14.546841135180358,0.5611340362873486,48.43037570794016,14.494500652752455,0.2805103236939845,-52.178530859454625,15.317632859689587,0.32548586590269935,-2.8874656494256934,14.90285473581979,0.32548586590269935,14.750208859318567,14.556652946312754,0.32548586590269935,-21.69797118115718,14.683880810525897,0.32548586590269935,262.88133738514574,24.031352068372158,0.32548586590269935,-918.12892005414,27.181561205129093,0.5362639706129531,655.2475826689991,24.75852923755211,0.5611340362873486
2019-05-07 12:00:00,0.0,0.0,0.0,0.0,0.0,0.0,1.0,14.880627925261216,0.0,25.974709700776135,18.05,8.83061728816898,219.16732355746248,-762.8391534277329,1.3697733384038642,84.99397644011837,0.0,2.96998264,413.3261363045247,-6.191973819821959,-102.80694350112881,-11.14083903495425,57.525009615177005,38.550269154523455,0.045,0.00043494408092637014,0.026896284787967992,0.0,0.3619474644726496,2.96998264,129.83359113894022,0.40378475800730507,7.845819820806101,0.005131833976475047,-13.360764171247967,1.0068311824246259,0.16274229702585788,-1286.5530664239097,523.7139129961769,18327.858902217773,-7685.807963735473,30.47238414006825,0.06867587875583193,4556.161717887944,-1970.1153880925156,27.72488358218072,0.06867587875583193,80385.89726966691,-38371.23993545037,57.96717780765391,0.0672846125515661,714.6896243462332,-387.0369998734276,18.94805755560941,0.06867587875583193,201.10687102958497,-81.81565482166424,22.317234732971723,0.06867587875583193,-32.4790137388313,14.963784792724534,0.32548586590269935,10.661836980672524,14.867324195899124,0.5611340362873486,78.54859259249946,14.742410928894879,0.2805103236939845,-56.87238192861196,15.683863746417034,0.32548586590269935,-4.016854761022442,15.329042134352237,0.32548586590269935,16.83296759677493,14.855982243857516,0.32548586590269935,-12.67514674148033,14.945198685719598,0.32548586590269935,288.46177932306307,27.19672124100213,0.32548586590269935,-969.0936216673365,30.491041813636578,0.5362639706129531,680.6318423442801,28.032046488544967,0.5611340362873486
2019-05-07 13:00:00,0.0,0.0,0.0,0.0,0.0,0.0,1.0,15.222233550081821,0.0,27.120841016046725,18.6,8.83061728816898,246.39023575143054,-1015.3099424496091,1.5428559866595415,90.42098926138648,0.0,2.96998264,432.91137627758127,-19.461527146627297,-149.12562075531136,6.708119847887252,91.18818275578867,40.354878179589114,0.045,0.0004547364257562342,0.026896284787967992,0.0,0.3622095744956384,2.96998264,151.45640786338447,0.3946110267629602,7.985781919716016,0.005126701276310106,-17.76101495852452,1.005641596746721,0.16723867246080207,-1417.9934160440362,402.68347359442697,18956.730300884676,-7910.3129255527465,31.59806962480802,0.06867587875583193,6034.24910427036,-2515.6209620603504,31.998610526750202,0.06867587875583193,68889.26158106941,-32556.639268309562,52.437590141769874,0.0672846125515661,748.5548135264352,-381.9990012381455,19.63844760638614,0.06867587875583193,197.01511274409788,-80.12638281243842,22.880633313289003,0.06867587875583193,-54.73837700496285,15.352387425973312,0.32548586590269935,-3.8243426325866796,15.230346843638399,0.5611340362873486,110.79343427650407,15.020137106336612,0.2805103236939845,-61.99790527734744,16.088836554674923,0.32548586590269935,-5.069902584907108,15.779106464824439,0.32548586590269935,18.27310999598679,15.18985962745134,0.32548586590269935,-3.4360167726830997,15.239097246244398,0.32548586590269935,201.86250443744566,28.05939291746571,0.32548586590269935,-732.5613114882913,30.432626509144516,0.5362639706129531,530.6988070508523,28.552719336258054,0.5611340362873486
2019-05-07 14:00:00,0.0,0.0,0.0,0.0,0.0,0.0,1.0,15.56927522712903,0.0,27.39887507867688,19.45,8.83061728816898,283.57264394815974,-1040.3040342112627,3.0739118708412385,103.51436406482776,0.0,2.96998264,466.80914903096374,-30.977066845457855,-194.78946275789397,24.682936665358564,118.42808041292096,46.770377469074894,0.045,0.0007682820155429066,0.026896284787967992,0.0,0.3663618587476292,2.96998264,174.01438537249072,0.3855043637411914,8.126864081015793,0.00512117735709096,1.1025014104017126,1.0044361656969072,0.1801573809585021,-1415.8200665834268,375.51603237216426,20216.33599599679,-8444.287796107592,33.16004853574817,0.06867587875583193,7657.2669182472255,-3148.994581525258,36.46133575180302,0.06867587875583193,67318.08920743733,-32056.513562260756,51.97738322462155,0.0672846125515661,807.1680594534718,-406.9197637252463,20.544084449762753,0.06867587875583193,178.96265957672156,-76.90516416888325,23.111398062642998,0.06867587875583193,-73.28689943543516,15.737744440243258,0.32548586590269935,-18.322875923763785,15.599064429070728,0.5611340362873486,142.77977214252775,15.304595611747624,0.2805103236939845,-70.13768506568933,16.540571340662453,0.32548586590269935,-5.3956428328748665,16.15489707376917,0.32548586590269935,19.0391321281244,15.530856632847364,0.32548586590269935,5.324198987111079,15.541331082407195,0.32548586590269935,147.91516174646327,28.689900236884895,0.32548586590269935,-657.7010116029408,30.593306729789216,0.5362639706129531,509.7858498564834,28.85670736743981,0.5611340362873486
2019-05-07 15:00:00,0.0,0.0,0.0,0.0,0.0,0.0,1.0,15.949940620664929,0.0,27.793331987073934,20.0,8.83061728816898,295.0752652529745,-1003.2537813712578,2.987990168943912,107.87369609191343,0.0,2.96998264,459.9501852305528,-43.98670130131925,-246.0296417977742,39.60829107231298,142.85046145923727,49.82143536327317,0.045,0.0007393829080792525,0.026896284787967992,0.0,0.36597914786689395,2.96998264,181.24359635211712,0.3765098461181562,8.291243841782975,0.005125136295945152,-5.438588644962634,1.0031111908113226,0.17525246280926401,-1350.8413712218003,347.5875898505426,19063.366279785205,-8223.689145005257,33.08335458446303,0.06867587875583193,8306.313665492653,-3473.531429317633,38.7907211337339,0.06867587875583193,56020.6072926775,-28055.083456277316,47.43522264322563,0.0672846125515661,795.3081023122458,-410.88163969458986,21.010200172733096,0.06867587875583193,167.54763434849193,-75.13069088772767,23.334317827664254,0.06867587875583193,-92.86733284234512,16.14416999636159,0.32548586590269935,-32.95175728905621,15.986841920857422,0.5611340362873486,174.31882587307263,15.609333615263687,0.2805103236939845,-71.99866459839764,16.924077382254392,0.32548586590269935,-5.848847115163427,16.563161654547596,0.32548586590269935,16.39916148572338,15.897090666335233,0.32548586590269935,12.948614486167662,15.868034046689468,0.32548586590269935,94.8113483923211,29.347054523141406,0.32548586590269935,-582.2289806002419,30.78794756326983,0.5362639706129531,487.4176322079266,29.198087946602392,0.5611340362873486
2019-05-07 16:00:00,0.0,0.0,0.0,0.0,0.0,0.0,1.0,16.238795752388516,0.0,27.384652475904876,19.7,8.83061728816898,251.8176417389374,-974.5360552448271,1.3430564067771358,92.31808237288993,0.0,3.563979167999999,364.0287232295505,-45.942048881288976,-287.98388883984074,54.171489390709525,164.37339227040485,44.42252169184518,0.053999999999999986,0.00038427797048302747,0.026896284787967992,0.0,0.3612764931710068,3.563979167999999,154.59252379127034,0.36900723536462976,8.403453005363614,0.005116498313726517,-22.493553771661155,1.0021150582377303,0.15400373969505052,-1173.9267412230477,199.39068597822057,14333.259907593474,-6482.4508306804755,29.47262420443325,0.06867587875583193,6993.500643132621,-3017.294762339892,35.88176004686688,0.06867587875583193,36227.0271454155,-19574.174036265013,37.06047690616808,0.0672846125515661,629.4485845542653,-365.8825455477828,20.281882850153938,0.06867587875583193,134.479076588502,-65.58774690708348,22.236462850151874,0.06867587875583193,-111.37292136678352,16.455108970196395,0.32548586590269935,-47.74642404074851,16.281914742048194,0.5611340362873486,198.24541905960697,15.835077552423854,0.2805103236939845,-58.30411278839673,17.001359570283878,0.32548586590269935,-5.756958010554683,16.81989678847169,0.32548586590269935,7.621261856150158,16.181520295603026,0.32548586590269935,17.3137352907285,16.116804418990373,0.32548586590269935,-3.7781954363723647,28.51637929101575,0.32548586590269935,-297.302396355171,28.91442230848269,0.5362639706129531,301.08059179154867,28.007605218781762,0.5611340362873486
2019-05-07 17:00:00,0.0,0.0,0.0,0.0,0.0,0.0,1.0,16.429302810639257,0.0,25.67186144543854,19.15,8.83061728816898,224.12526465129025,-888.8185740379356,0.9590885222158849,72.69059376672466,0.0,6.533961808,320.33864471928854,-40.31074234964414,-314.0667901298396,68.44311761297632,175.30301103331436,35.130307606024324,0.099,0.00036044868703783936,0.026896284787967992,0.0,0.36096092196985224,6.533961808,143.9416205543497,0.36419704417473986,8.477853567403201,0.005111480788270162,-13.554420249924084,1.0014587789015381,0.14832262485978343,-960.430764727493,71.61219068955756,12921.303846630324,-5917.1637165358825,27.685188392763735,0.06867587875583193,6291.805739917619,-2727.8205770805116,33.49969984908014,0.06867587875583193,21141.48612332255,-13515.997973554138,28.02269414353397,0.0672846125515661,553.9032873772409,-362.13650266420905,19.538104976345878,0.06867587875583193,170.069991998873,-76.57229104319973,22.6815357066348,0.06867587875583193,-120.85300344440924,16.657312965082696,0.32548586590269935,-60.551990211782076,16.48556240936636,0.5611340362873486,213.95737598099987,15.98783827292908,0.2805103236939845,-45.42764767935776,17.00340880028436,0.32548586590269935,-5.557182422924124,16.977809201316617,0.32548586590269935,-1.2407559954414562,16.37823962432436,0.32548586590269935,19.67320377291753,16.286907047665423,0.32548586590269935,-80.68230723244524,26.535172925112608,0.32548586590269935,-56.74296900659756,26.06849592466519,0.5362639706129531,137.4252762390496,25.76043796224703,0.5611340362873486
2019-05-07 18:00:00,0.0,0.0,0.0,0.0,0.0,0.0,1.0,16.54628802751493,0.0,23.292328737567825,17.8,8.83061728816898,155.35653701594165,-864.367539171098,0.5052050484362592,33.54966663928145,0.0,10.691937504,225.53198962478785,-31.61604478820163,-332.6674504194435,80.41260709549438,179.14114115326075,17.135605301183222,0.162,0.0003898958072944182,0.026896284787967992,0.0,0.3613508901840155,10.691937504,110.60972782422394,0.36132866195737245,8.52616857726066,0.00510615736707166,-12.015024327958105,1.0016369910814278,0.15155068498495497,-836.3444284005072,-28.023110770590737,9126.544080544703,-4869.1024593278,24.04830826010826,0.06867587875583193,4240.510454090623,-2132.087925287328,28.223287725543504,0.06867587875583193,8259.568125525138,-8770.41670844776,19.404082947082244,0.0672846125515661,389.9714022058414,-346.02357564333863,17.847503714906953,0.06867587875583193,161.6195727127584,-78.53127563771606,21.440673813874888,0.06867587875583193,-127.4086863547384,16.77082322625919,0.32548586590269935,-73.1704533111988,16.606821708410756,0.5611340362873486,221.16158059453434,16.07372277800064,0.2805103236939845,-20.42960832123358,16.756523690830555,0.32548586590269935,-5.523741416000312,17.072157445816043,0.32548586590269935,-13.59690957868091,16.499158640433038,0.32548586590269935,18.967818387316917,16.38876337675187,0.32548586590269935,-141.07798191895566,24.066357156913057,0.32548586590269935,131.10430471682352,22.880940208560503,0.5362639706129531,9.973677202138544,23.063838350769526,0.5611340362873486
2019-05-07 19:00:00,0.0,0.0,0.0,0.0,0.0,0.0,1.0,16.459285804812588,0.0,20.13649385360231,15.55,8.83061728816898,33.87659571201883,-884.0481502133048,-1.0535976409496006,-24.685606871833457,0.0,10.691937504,50.917330242233604,-8.208476359165585,-327.70103219383276,91.65425646215036,174.3619847176356,-9.26185125034792,0.162,0.0007237569281018432,0.026896284787967992,0.0,0.36577221301373186,10.691937504,48.92386272080189,0.36398562713515464,8.503302188590052,0.005109143065260668,65.55868144561154,1.0031354560947492,0.16630080219188717,-775.1414164834763,-108.90673372982855,2000.0562526114038,-2155.2313967890286,16.41885666169528,0.06867587875583193,872.035725632548,-838.9038665296866,17.676320393619427,0.06867587875583193,692.4746033232747,-5152.352007185898,12.959727279428902,0.0672846125515661,88.04206757620587,-258.7257031891517,14.99132495378792,0.06867587875583193,46.47556594176923,-44.92981434376895,16.27979127424392,0.06867587875583193,-127.53896973850934,16.67562390488631,0.32548586590269935,-83.84703832952619,16.53046349528553,0.5611340362873486,213.4407006676738,15.991570119583601,0.2805103236939845,18.370534525519847,16.12352904587404,0.32548586590269935,-4.0508344585408205,16.817754506833044,0.32548586590269935,-29.994310616429598,16.43306922400095,0.32548586590269935,13.619917949809285,16.317113526701725,0.32548586590269935,-161.05750706250637,20.712042868715436,0.32548586590269935,265.27506809700634,19.130397871209123,0.5362639706129531,-104.21756103449442,19.730075093311275,0.5611340362873486
2019-05-07 20:00:00,0.0,0.0,0.0,0.0,0.0,0.0,1.0,16.232973985526996,0.0,16.965575213824245,13.6,8.83061728816898,-33.31320256122022,-677.5590024854955,-2.3210819849427287,-71.7586765758267,0.0,10.691937504,0.0,19.375046415684835,-299.46046823960876,100.73399438381165,152.80410599839902,-33.62610893315254,0.162,0.0009125995508948375,0.026896284787967992,0.0,0.36827305587126175,10.691937504,30.074618495549206,0.372764178408099,8.462599445271005,0.005151554745467389,131.98673341502425,1.0050946263681628,0.16273321902159996,-553.8290000679286,-123.73000241756684,0.0,-1287.1169779734694,12.727534033402959,0.06867587875583193,0.0,-462.03214094382355,13.21721952533945,0.06867587875583193,0.0,-4432.831603894945,10.541148650762478,0.0672846125515661,0.0,-236.6202682869783,13.016444773743455,0.06867587875583193,0.0,-30.398908101728853,13.040542078383863,0.06867587875583193,-113.19726946839715,16.42783449674981,0.32548586590269935,-89.40475091690654,16.32583545210667,0.5611340362873486,195.23257918984854,15.8088411118086,0.2805103236939845,43.270047906208234,15.560800717937306,0.32548586590269935,-1.6477924041337795,16.34289578148661,0.32548586590269935,-41.10525684208357,16.238303915213333,0.32548586590269935,6.852442535468466,16.132658867243585,0.32548586590269935,-131.3874398947843,17.451403126558375,0.32548586590269935,268.8400486238643,16.03439137344767,0.5362639706129531,-137.45260872907565,16.718611204359,0.5611340362873486
2019-05-07 21:00:00,0.0,0.0,0.0,0.0,0.0,0.0,1.0,15.960531924631141,0.0,14.690953293516564,12.25,8.83061728816898,-70.61762023528097,-412.2428044841193,-2.021158575801759,-101.63729715737749,0.0,12.077929402666665,0.0,41.81335914338992,-264.48354270564874,104.44467423743082,122.14060094938186,-48.99683758992896,0.183,0.000559610660509674,0.026896284787967992,0.0,0.3635984239886342,12.077929402666665,20.96290609523162,0.3827716562302615,8.399353895091632,0.005195798982530303,111.1340035542194,1.0066356035924742,0.11556533637707593,-285.57980443456256,-126.6630000495568,0.0,-1415.6426102771084,11.116499803002565,0.06867587875583193,0.0,-480.19840625278795,11.44309817939732,0.06867587875583193,0.0,-4941.505683762266,8.517805299006818,0.0672846125515661,0.0,-276.2082858836399,11.672019631531807,0.06867587875583193,0.0,-34.0498575527721,11.536929016258691,0.06867587875583193,-92.40989310290303,16.1187155818588,0.32548586590269935,-90.58818708599077,16.067167374949204,0.5611340362873486,172.560938676862,15.588016405167497,0.2805103236939845,58.59854273566111,15.082929438808371,0.32548586590269935,0.34975804302956515,15.864235652127054,0.32548586590269935,-48.01633606572468,15.989813944274864,0.32548586590269935,-0.4948232009303865,15.904745863648404,0.32548586590269935,-98.56385347148029,14.974406623859467,0.32548586590269935,252.54478168164266,13.800809043496791,0.5362639706129531,-153.98092821015805,14.504688055372684,0.5611340362873486
2019-05-07 22:00:00,0.0,0.0,0.0,0.0,0.0,0.0,1.0,15.661295261357623,0.0,12.992326764949315,11.15,8.83061728816898,-102.8782798956426,-313.74692699932405,-2.423367477471496,-124.04241325397484,0.0,12.077929402666665,0.0,60.03273309377725,-227.3637556106633,102.56892289752376,91.08373245142798,-60.410548642528774,0.183,0.0005090658200985675,0.026896284787967992,0.0,0.3629290586660308,12.077929402666665,11.509571433137053,0.3929039060393845,8.311788846421292,0.0052324639384086075,106.51684223503204,1.0076564358753923,0.09585824115748465,-183.91406462077254,-129.83286237855145,0.0,-1506.3503988411214,9.870587818558045,0.06867587875583193,0.0,-490.82173497875283,10.061163220900061,0.06867587875583193,0.0,-5246.797208114645,6.948535364010423,0.0672846125515661,0.0,-302.20306571971537,10.591333641953577,0.06867587875583193,0.0,-36.33105155712578,10.335174162631914,0.06867587875583193,-71.36414815919476,15.78023524645342,0.32548586590269935,-87.69294107360632,15.772608760866257,0.5611340362873486,147.95760385950027,15.342326621277348,0.2805103236939845,69.74787086719634,14.633519441954673,0.32548586590269935,1.870431119016746,15.40763759817827,0.32548586590269935,-52.42662665807511,15.708339111637278,0.32548586590269935,-8.092189954838553,15.649630184278875,0.32548586590269935,-75.9560277670648,13.093026085859785,0.32548586590269935,243.04914750366527,12.089819931541069,0.5362639706129531,-167.0931197365952,12.814984089479076,0.5611340362873486
2019-05-07 23:00:00,0.0,0.0,0.0,0.0,0.0,0.0,1.0,15.339063848021661,0.0,11.462074946198609,10.0,8.83061728816898,-134.0785053844946,-277.8485982551802,-3.60871926396245,-147.4351305774437,0.0,12.077929402666665,0.0,76.51151196863775,-188.16461416309878,97.77231505918049,63.35409357137399,-72.90144483015537,0.183,0.0006571684980839856,0.026896284787967992,0.0,0.3648903824336365,12.077929402666665,4.887415054244893,0.40407438793610395,8.21622646439321,0.005271443915480558,97.09449448207445,1.0087583873528643,0.1021786788773314,-153.20236019065513,-124.64623806452511,0.0,-1496.6212703780184,8.746731470317464,0.06867587875583193,0.0,-475.86448327239975,8.842533477085778,0.06867587875583193,0.0,-5183.579607730698,5.811252258598069,0.0672846125515661,0.0,-306.44849238698214,9.563654899272882,0.06867587875583193,0.0,-36.11528073733443,9.216051010841221,0.06867587875583193,-52.052653594644894,15.423724252104051,0.32548586590269935,-82.33659947307,15.451735373210871,0.5611340362873486,122.33888455175062,15.07687488673374,0.2805103236939845,79.84204657592495,14.175700463864906,0.32548586590269935,3.0458108875839667,14.96589803188988,0.32548586590269935,-55.260270093872286,15.402231814731232,0.32548586590269935,-15.577218853672942,15.372391664139387,0.32548586590269935,-59.95378411301915,11.537163246143145,0.32548586590269935,225.1601511396064,10.675758203548925,0.5362639706129531,-165.20636702658146,11.377673135838636,0.5611340362873486
2019-05-08 00:00:00,0.0,0.0,0.0,0.0,0.0,0.0,1.0,14.995947551475757,0.0,10.130861150624519,8.85,8.83061728816898,-165.2571738643091,-249.7712796576475,-4.472499487563668,-170.41951186243347,0.0,12.077929402666665,0.0,92.24544914035366,-147.001742270437,91.90777542100201,39.08344706068123,-85.01083140392261,0.183,0.00070178565616965,0.026896284787967992,0.0,0.36548124745908217,12.077929402666665,-2.4430919169786285,0.41503555612565995,8.095486383139852,0.005299584148066685,61.702667246219626,1.0093598743944905,0.09381088578662217,-125.12038821398279,-124.6508914436647,0.0,-1504.8918816382004,7.594211471582978,0.06867587875583193,0.0,-471.12664910145696,7.631075133340375,0.06867587875583193,0.0,-5197.905173668578,4.612421411747753,0.0672846125515661,0.0,-314.1211897595739,8.515768532785112,0.06867587875583193,0.0,-36.45773752653307,8.088914264340124,0.06867587875583193,-34.50373819836053,15.052685094769014,0.32548586590269935,-75.80082533463404,15.110268963972652,0.5611340362873486,96.08087419749172,14.794450123166273,0.2805103236939845,89.94786298095732,13.697937416149284,0.32548586590269935,4.0444101886159425,14.524227095515261,0.32548586590269935,-56.9572379960573,15.075698829596003,0.32548586590269935,-22.81134583801225,15.07583777745057,0.32548586590269935,-50.26222990893736,10.171317302162707,0.32548586590269935,219.05416655046866,9.386341339306192,0.5362639706129531,-168.79193664152749,10.094250014719545,0.5611340362873486
2019-05-08 01:00:00,0.0,0.0,0.0,0.0,0.0,0.0,1.0,14.644453193424784,0.0,8.929573100234332,8.05,8.83061728816898,-186.91308059681467,-199.514956055361,-4.905157649930652,-183.3775561827656,0.0,12.077929402666665,0.0,105.52851052911163,-105.4281563486202,84.74938095094004,16.33109847129354,-91.7876996553536,0.183,0.0007197698187293498,0.026896284787967992,0.0,0.36571941172422995,12.077929402666665,-10.70829616678506,0.42559121814539297,7.958151995713218,0.005315985541809513,30.006137078721835,1.0099594537077252,0.08244061206948095,-75.43979261421761,-124.0751634411434,0.0,-1497.9028208940804,6.733593216087742,0.06867587875583193,0.0,-463.71670437299684,6.727217085705663,0.06867587875583193,0.0,-5185.860415963814,3.6678118865836336,0.0672846125515661,0.0,-319.52188149488666,7.763461627899944,0.06867587875583193,0.0,-36.63136193290846,7.2716527419609776,0.06867587875583193,-17.39102010273297,14.676343458996156,0.32548586590269935,-67.84700305406162,14.76007968424332,0.5611340362873486,70.42700164791896,14.505167836630086,0.2805103236939845,95.85023556385856,13.273043719034968,0.32548586590269935,4.90020675412786,14.091475578706797,0.32548586590269935,-56.50492682516233,14.739198290158862,0.32548586590269935,-29.434493983948233,14.770659163941191,0.32548586590269935,-42.873788539201236,8.952242390818334,0.32548586590269935,213.52856069643033,8.227287625925035,0.5362639706129531,-170.65477215722555,8.937878671025913,0.5611340362873486
2019-05-08 02:00:00,0.0,0.0,0.0,0.0,0.0,0.0,1.0,14.301812391019958,0.0,7.965759006963239,7.25,8.83061728816898,-208.49793574778857,-175.6553860191763,-5.444738987592061,-196.71017168021567,0.0,12.077929402666665,0.0,114.51925789555013,-66.40548965807837,75.81210023682593,-5.108485361798932,-98.50991982048109,0.183,0.0007407411494157395,0.026896284787967992,0.0,0.3659971350569409,12.077929402666665,-18.420954482647534,0.43570932831160053,7.819584913866283,0.00532316191771298,21.2974481791569,1.0111589740317257,0.07361551460712955,-56.82445506182573,-118.83093095735057,0.0,-1500.9687077624376,5.967248060166599,0.06867587875583193,0.0,-459.20691875626875,5.914977155013323,0.06867587875583193,0.0,-5177.568023397315,2.91316703366914,0.0672846125515661,0.0,-321.93096910460974,7.034417592049863,0.06867587875583193,0.0,-36.56487735182362,6.493657869460092,0.06867587875583193,-1.9709013814628027,14.307355939556537,0.32548586590269935,-59.35572580027244,14.4124125796988,0.5611340362873486,45.20686640522811,14.219014676711932,0.2805103236939845,101.39638870229638,12.856095123940074,0.32548586590269935,5.522316859064252,13.687698047643103,0.32548586590269935,-55.112351915670295,14.404575266442523,0.32548586590269935,-35.68659286918486,14.467588587529727,0.32548586590269935,-35.045244761782975,7.984576009567626,0.32548586590269935,200.70856607866673,7.339609986178098,0.5362639706129531,-165.66332131687923,8.024438317944934,0.5611340362873486
2019-05-08 03:00:00,0.0,0.0,0.0,0.0,0.0,0.0,1.0,13.954701394133258,0.0,7.056503698583111,6.7,8.83061728816898,-222.42330265812691,-145.6808874139395,-6.007357343113172,-202.71068302314745,0.0,12.077929402666665,0.0,124.1299461216718,-26.884253142550367,67.74143731142112,-23.22801243474598,-101.85471597923262,0.183,0.0007973000403339169,0.026896284787967992,0.0,0.36674614445053316,12.077929402666665,-25.783191694532928,0.4463991728416676,7.680684919843118,0.00533246919693475,27.642228303868972,1.0123758057844174,0.07436020097748428,-27.102632754001775,-118.57825465993773,0.0,-1461.0706560705414,5.358731670816987,0.06867587875583193,0.0,-444.3617015530444,5.285258188472468,0.06867587875583193,0.0,-5061.8718111190365,2.2665386128223814,0.0672846125515661,0.0,-320.6453982063224,6.516406483586704,0.06867587875583193,0.0,-36.08183219239025,5.934007164319033,0.06867587875583193,12.428257105344407,13.942501130880556,0.32548586590269935,-50.543048875325255,14.065999618419973,0.5611340362873486,21.567325370867305,13.932187153536036,0.2805103236939845,104.09073568008094,12.48183684918404,0.32548586590269935,6.109842889814814,13.28923452448255,0.32548586590269935,-52.64994647274919,14.06990993456219,0.32548586590269935,-41.00316569803162,14.162335701588455,0.32548586590269935,-30.991021445313315,7.064571471705829,0.32548586590269935,197.7715776954273,6.4523691156816,0.5362639706129531,-166.7805562501094,7.1406561316262875,0.5611340362873486
2019-05-08 04:00:00,0.0,0.0,0.0,0.0,0.0,0.0,1.0,13.637643263276761,0.0,6.39672565795202,6.4,8.83061728816898,-229.53073447314011,-106.42600283899613,-5.9858795129822004,-202.46043925568063,0.0,12.077929402666665,1.2758655593639696,127.10043402639869,7.236633481399784,56.99859243804845,-41.63379734497289,-101.45241638380837,0.183,0.000795382906437228,0.026896284787967992,0.0,0.3667207558462999,12.077929402666665,-33.16234510714397,0.4565138597243573,7.554406776842679,0.005342125775585391,26.455211714571604,1.0134891624284499,0.07075273716541756,1.3776961326419852,-107.80369897163813,50.39296607692032,-1467.8804167936507,5.107709404526437,0.06867587875583193,22.910491893786862,-443.67461414244804,5.0103365520809096,0.06867587875583193,20.2773341676127,-5040.381570852175,2.0069019798106926,0.0672846125515661,2.2061219875684652,-319.47005676774614,6.232598081978205,0.06867587875583193,1.1459518874202081,-35.97281209346806,5.653440048736499,0.06867587875583193,25.713431622415857,13.601354051383435,0.32548586590269935,-40.95274535266787,13.739277136842516,0.5611340362873486,-0.42519577342742804,13.663843117020772,0.2805103236939845,103.74166822618798,12.17278625093936,0.32548586590269935,6.419924333403052,12.942931984334482,0.32548586590269935,-48.78075620902176,13.753846551266038,0.32548586590269935,-45.71632684688936,13.875666695872473,0.32548586590269935,-23.22506442837515,6.428706020834713,0.32548586590269935,176.67894792830728,5.915657595385114,0.5362639706129531,-153.4538834999278,6.543296626296908,0.5611340362873486
2019-05-08 05:00:00,0.0,0.0,0.0,0.0,0.0,0.0,1.0,13.366848256121216,0.0,6.001747169204811,7.5,8.83061728816898,-159.85561581211542,83.54899284464918,-4.102239603440647,-163.6483390104977,0.0,12.077929402666665,89.76873970019508,126.71798241859409,39.32769069655689,45.17390118203484,-57.672296171092505,-84.87744286313567,0.183,0.0006422828990653227,0.026896284787967992,0.0,0.3646932524455263,12.077929402666665,-4.182966600843729,0.465481137097521,7.447865705438567,0.00535194998017959,33.297368928068735,1.0144409906836294,0.08805672734159473,171.36630201862675,-87.81730917397756,3647.2435369820596,-2256.962111678514,8.321889894834676,0.06867587875583193,1774.9487546292107,-831.7386552305593,9.333125045458816,0.06867587875583193,3555.647334254701,-5579.441599496048,4.485616940110637,0.0672846125515661,155.22073544146426,-330.0586248936841,7.6290647010697485,0.06867587875583193,58.8634020481438,-45.488726437982635,8.007033551284465,0.06867587875583193,41.13701022741752,13.317803561786297,0.32548586590269935,-27.56173137739024,13.468206047875166,0.5611340362873486,-15.343275861270255,13.445406324839501,0.2805103236939845,81.16804184575477,12.24921350514994,0.32548586590269935,6.4133716500804265,12.69553100264074,0.32548586590269935,-38.60091693374731,13.48880505669547,0.32548586590269935,-47.21249955084013,13.636895631384029,0.32548586590269935,-13.858163199164029,6.091989273440617,0.32548586590269935,140.73107058910622,5.72065583495292,0.5362639706129531,-126.87290738993822,6.2317846636841,0.5611340362873486
2019-05-08 06:00:00,0.0,0.0,0.0,0.0,0.0,0.0,1.0,13.32752926234849,0.0,7.324377431261781,10.55,8.83061728816898,-15.693079861683445,468.8836300083188,-1.4141999726613714,-76.7946899275619,0.0,12.077929402666665,248.45013646705874,99.49840609426779,41.77869035493266,22.026727245964455,-70.87498608039832,-44.481010365310794,0.183,0.0004709051609427111,0.026896284787967992,0.0,0.3624236970560453,12.077929402666665,50.437880635873164,0.4678471459720336,7.445281970931621,0.005365519217388333,38.13062114141493,1.0145719534642368,0.12570387335845978,436.98015737560826,31.90347263271058,9932.340396936544,-4228.5406636142825,16.065532769449284,0.06867587875583193,5265.433621536898,-1909.2572840835696,20.394395244627994,0.06867587875583193,17544.260782738693,-9812.737016280851,14.66326319583518,0.0672846125515661,429.5995803410529,-364.9380044124664,11.182909247599822,0.06867587875583193,109.10459391576475,-56.191889252383284,12.278255073545314,0.06867587875583193,52.10917602012681,13.254254306657032,0.32548586590269935,-8.699801276139624,13.395913924903164,0.5611340362873486,-14.895968234173658,13.407484381773498,0.2805103236939845,31.313699168624044,12.930131473410704,0.32548586590269935,4.7722440835487285,12.843257375417263,0.32548586590269935,-20.373068061914577,13.417713036962027,0.32548586590269935,-44.22628170007017,13.585971924610595,0.32548586590269935,22.954009196613182,7.945122918613562,0.32548586590269935,-62.429442362924114,8.240561036104504,0.5362639706129531,39.47543316631733,8.055513809053544,0.5611340362873486
2019-05-08 07:00:00,0.0,0.0,0.0,0.0,0.0,0.0,1.0,13.490831917424098,0.0,11.142908239123164,14.15,8.83061728816898,118.70456084380496,721.2016259118869,1.4768722880354301,17.633723795570244,0.0,10.493938661333333,368.7534029708722,62.49755482723284,15.879247633088768,-4.510183275001816,-63.03131376044056,3.1188198494316866,0.159,0.000900480333524258,0.026896284787967992,0.0,0.368112561075374,10.493938661333333,89.10002609886595,0.46376491719211616,7.526614901117668,0.005375667715618895,5.7339324676265315,1.0139878308151589,0.15941794697229122,510.6528674200272,210.54875849185976,14400.010281618635,-6017.310670014702,22.99987171433416,0.06867587875583193,7931.704005083763,-2976.3078431727276,30.486024917252053,0.06867587875583193,39167.049939609286,-18436.696982077738,29.71513018114568,0.0672846125515661,637.6181129070371,-410.6624366470088,14.917317938276657,0.06867587875583193,87.57556530061416,-52.737232600558166,14.957359507400831,0.06867587875583193,46.57315081051074,13.41657131653085,0.32548586590269935,10.052080667813183,13.509737917591302,0.5611340362873486,0.8129279224101386,13.526972777594155,0.2805103236939845,-18.863881315037542,13.796410299633216,0.32548586590269935,2.697153992047839,13.226110436858956,0.32548586590269935,-3.5898811892588127,13.53518245446031,0.32548586590269935,-37.68155088848174,13.704020826433792,0.32548586590269935,82.35731434543058,12.378059159413885,0.32548586590269935,-368.4032991625046,13.632395974539092,0.5362639706129531,286.0459848170802,12.483235490764264,0.5611340362873486
2019-05-08 08:00:00,0.0,0.0,0.0,0.0,0.0,0.0,1.0,13.802289680792494,0.0,16.596880970622852,17.5,8.83061728816898,215.68028842058774,528.5147879434496,4.998663307151759,99.35849582847784,0.0,4.949971066666667,421.7874691236454,22.890787123808398,-31.181398337877077,-27.885906183919342,-36.23848334915104,47.15459121569461,0.07500000000000001,0.001352859095037639,0.026896284787967992,0.0,0.37410341302339584,4.949971066666667,106.37315821829148,0.4536490601183469,7.6489207383411415,0.005369043405005327,-32.52758231591803,1.0123066134169194,0.1648803650596986,153.00369996211157,375.51108798133805,17960.028300838578,-7546.3771244453255,28.99145925194757,0.06867587875583193,8395.028688656772,-3313.7227904009806,35.244935618996884,0.06867587875583193,58876.92386298051,-27470.537099678182,43.641164585367555,0.0672846125515661,729.3202664537781,-426.358953684548,18.152704206947117,0.06867587875583193,109.3197950495011,-59.15473793604728,18.65617468640063,0.06867587875583193,26.680116971485464,13.751604136642493,0.32548586590269935,24.481703166426207,13.76999306642653,0.5611340362873486,28.217250907669587,13.76305437709563,0.2805103236939845,-60.515249301020305,14.67228203375815,0.32548586590269935,0.3674986780077082,13.774392420574705,0.32548586590269935,9.600633181128918,13.797673810987808,0.32548586590269935,-28.831953603695002,13.949468702314638,0.32548586590269935,146.18762161841693,18.187347788129365,0.32548586590269935,-656.603928719166,20.283598283975135,0.5362639706129531,510.41630710075344,18.358482048994475,0.5611340362873486
2019-05-08 09:00:00,0.0,0.0,0.0,0.0,0.0,0.0,1.0,14.188088438602348,0.0,21.98198040176445,20.3,8.83061728816898,284.61517577808485,256.62975133676866,6.2959245439579234,162.70923681589667,0.0,2.96998264,431.58194318349103,-11.124318092783422,-87.18628448628301,-39.8658490485164,5.496271578964027,83.2580669059858,0.045,0.001090912556138645,0.026896284787967992,0.0,0.3706344550033713,2.96998264,112.64003177823027,0.4411029787019789,7.7954539262117155,0.005356105176021931,-34.844547020596075,1.01033072608343,0.13068619846353213,-227.56320763290978,484.19295896967844,19737.900275714044,-8384.52392595582,32.948439666762496,0.06867587875583193,7625.7267562714005,-3131.8311579156434,36.28620780790392,0.06867587875583193,75439.14058080508,-35481.41544724666,54.560757458511404,0.0672846125515661,746.256066955256,-422.1533733853019,20.645454721030774,0.06867587875583193,131.2325944313284,-65.83598588209613,21.88001633039788,0.06867587875583193,-2.1333108224895114,14.186488924862415,0.32548586590269935,30.787832792963794,14.12438355559428,0.5611340362873486,63.246578328757096,14.064226616122319,0.2805103236939845,-90.80120016152073,15.459576592397962,0.32548586590269935,-2.152667871491828,14.420244059887008,0.32548586590269935,19.477955490927705,14.145349493130793,0.32548586590269935,-18.42518775714425,14.266734260003563,0.32548586590269935,196.29550565728104,23.67054588397002,0.32548586590269935,-851.5591989307181,26.282804237251778,0.5362639706129531,655.263693273442,23.938022964091868,0.5611340362873486
2019-05-08 10:00:00,0.0,0.0,0.0,0.0,0.0,0.0,1.0,14.625425505179994,0.0,27.05837965079907,22.25,8.83061728816898,319.3367997930658,-116.61103137492373,7.396473675268873,201.82965700817857,0.0,2.96998264,401.7721329499282,-41.71612128814091,-149.60311408867472,-39.811811448071545,52.860886362201285,107.68012386922808,0.045,0.0009768656872705971,0.026896284787967992,0.0,0.3691241323166071,2.96998264,107.14068646961837,0.4274630798167051,7.962538029251304,0.005342378346695057,-60.146218613779645,1.0082205982119932,0.1411479446437709,-679.1919278338681,562.5808964589445,19670.606715910384,-8611.96991635938,34.91768988233767,0.06867587875583193,6057.2336588944445,-2664.9989173027166,34.881213749763894,0.06867587875583193,87919.59763508549,-42304.008114617216,62.80896154238881,0.0672846125515661,694.7113902306248,-410.265916036883,22.20627595289418,0.06867587875583193,146.00542600958264,-71.98752272579769,24.19622629910928,0.06867587875583193,-35.41719478512247,14.68017557777137,0.32548586590269935,27.313504977234334,14.545744067268382,0.5611340362873486,101.99316314277979,14.407866643920888,0.2805103236939845,-107.41572161171366,16.10037381264723,0.32548586590269935,-4.585682779994321,15.1021517017496,0.32548586590269935,25.863310326436597,14.54842881312849,0.32548586590269935,-7.751379269621126,14.631889743242718,0.32548586590269935,246.6066635370107,28.66218549763153,0.32548586590269935,-1001.1107045764539,31.683474951928492,0.5362639706129531,754.5040410394498,29.091473723007066,0.5611340362873486
2019-05-08 11:00:00,0.0,0.0,0.0,0.0,0.0,0.0,1.0,15.054888603597117,0.0,30.62458570037129,23.6,8.83061728816898,344.17886044666113,-635.9172536800846,11.434344233449595,224.94768774495506,0.0,2.96998264,369.5724962187005,-62.96398377605725,-208.40506776365845,-26.74100342924562,99.87710970959941,122.69308295457641,0.045,0.0013484815780974186,0.026896284787967992,0.0,0.3740454415664665,2.96998264,104.8268458282565,0.4131215457665828,8.104975252747192,0.0053142159175533586,-75.57529395498155,1.0055303080246756,0.17768168670057657,-1222.1830733491463,586.2658196690617,17752.322160530784,-8003.203027736843,34.80854336652533,0.06867587875583193,3883.0393939253436,-1932.6329259328413,31.31696860569953,0.06867587875583193,94226.32719799074,-45947.27650768446,67.12666542804797,0.0672846125515661,639.0344217106102,-395.2872489254414,23.21733370701595,0.06867587875583193,155.59138810637847,-75.98964773869389,25.772508340724016,0.06867587875583193,-66.97667003347354,15.171587442540512,0.32548586590269935,15.536635771287305,14.984838731973323,0.5611340362873486,141.45145587224434,14.753303351288848,0.2805103236939845,-116.16029382956675,16.63199042481913,0.32548586590269935,-6.444795740222162,15.720786745242613,0.32548586590269935,29.745979845431066,14.958748195321078,0.32548586590269935,2.847688114299126,15.000328035770591,0.32548586590269935,274.1308416310848,32.095676932871605,0.32548586590269935,-1054.0702619758204,35.26088500428967,0.5362639706129531,779.9394203447404,32.64745075945229,0.5611340362873486
